Unable to connect to VS Code server: Error in request.
Error: connect ENOENT /run/user/14419/vscode-ipc-044fb79c-3a2f-449f-a3f2-8b41d6059a63.sock
    at PipeConnectWrap.afterConnect [as oncomplete] (node:net:1611:16) {
  errno: -2,
  code: 'ENOENT',
  syscall: 'connect',
  address: '/run/user/14419/vscode-ipc-044fb79c-3a2f-449f-a3f2-8b41d6059a63.sock'
}
You can open the visualizer by visiting the following URL:
http://127.0.0.1:7000/static/
Using cpu device
[ 0.768811    0.5376414  -1.          0.27435896]
-11.175698
[ 0.9961455   0.39928055  1.         -1.        ]
-11.188387
[-1.        -0.5243199  1.        -1.       ]
-11.6057625
[ 0.15538183 -1.         -0.2504181   1.        ]
-12.017755
[ 0.06612489 -0.21942969 -0.8588934   0.45406234]
-11.862287
[-0.9278493  -0.64954615  0.5705281  -0.2685026 ]
-11.454033
[-1.         -0.48312646 -0.9863838  -1.        ]
-11.158303
[-0.46064588  0.11301152 -0.3659264   1.        ]
-11.144375
[-1.         -1.          0.03784399 -0.2835164 ]
-10.78524
[ 0.30287704 -0.7538124  -0.79219353  0.5114937 ]
-10.317596
[0.94149    0.03135565 1.         0.47168183]
-9.670978
[ 0.25352785  0.77413934  0.33696502 -0.2086655 ]
-9.034289
[ 0.36048287 -0.594995   -1.          0.16832967]
-8.77686
[-0.6744548  -1.          0.55604094  0.80802315]
-8.448931
[-0.3633883   1.          0.44591317  1.        ]
-7.8802495
[-0.42674124 -0.06845342 -0.46583098  1.        ]
-7.312009
[ 0.9749337   0.0359594  -0.8381945  -0.15755554]
-6.4453764
[ 0.6464955 -0.8539889  0.6654648  0.7796951]
-6.0076923
[0.4002095  0.8087619  1.         0.40180224]
-5.5966835
[-0.82505035  0.00378946  0.70319015  0.66306555]
-5.370729
[-1.         -0.43295822  0.74649954  0.13817066]
-5.10032
[ 0.39882278  1.         -1.          0.6898674 ]
-4.6428094
[ 1.         -1.          0.10197428  1.        ]
-4.1815367
[ 0.4206683  -0.59706515 -0.52168256 -1.        ]
-3.6517901
[-0.00922267 -1.         -0.23899029  0.00950353]
-3.6449137
[-1.         -0.64750725  0.6197598   1.        ]
-3.5677
[ 0.03334074  0.78500324 -1.          0.85587996]
-3.105521
[ 1.         -1.          0.22515978  0.87527287]
-2.5553565
[ 1.          1.         -0.85337144 -0.21780722]
-2.103263
[-0.31827334 -1.         -1.          1.        ]
-2.2257383
[0.7783789  0.08568513 0.22759593 1.        ]
-1.9838724
[ 0.00485075  0.40749314  0.66521454 -0.6828117 ]
-1.7674077
[-0.04045292 -1.         -0.44221956 -1.        ]
-1.9649756
[-0.9503791  -1.          0.11059956  0.78855276]
-2.4306781
[ 1.         -0.43424496 -0.09798139 -0.27903873]
-2.3543649
[ 1.          0.5443937   0.15168688 -1.        ]
-2.6118855
[-0.17434508  0.2149806  -1.          1.        ]
-3.1701186
[0.7947086  1.         0.6616231  0.49578846]
-3.3583925
[-1.          0.4254849  -0.46018785  0.05217443]
-3.4759614
[ 0.01082806 -0.50775546  0.06447227 -1.        ]
-3.567781
[ 0.01332818 -0.09220854 -1.          1.        ]
-3.917603
[ 0.16425224 -0.22456986  0.358751   -1.        ]
-3.8612213
[-0.60668963  1.          1.          0.35516447]
-4.2349663
[ 0.9889162   0.32465053  0.91827285 -0.42939234]
-4.392494
[-0.3038312   0.89550143 -0.12184299 -0.55809695]
-4.7856035
[ 0.456331    0.20336093 -0.28333163 -0.9183325 ]
-5.314186
[-0.05249061  0.65052456 -1.         -0.47106513]
-6.0276814
[ 0.12244916 -1.         -1.          0.17678005]
-6.7138357
[-0.04229742 -1.         -1.         -0.07408947]
-7.086597
[ 0.12785067 -1.          0.43215644  0.08169765]
-7.422019
Episode 1: length=50, total_reward=-22.42
[-0.46598527 -1.         -0.00575169 -0.14051163]
-30.525616
[-1.         -0.6201876  -0.9010633   0.13380939]
-30.483091
[ 0.21005562  0.05791317 -1.          0.9004548 ]
-30.32441
[-0.05939491 -0.28279456  0.4774709  -0.0965632 ]
-30.552996
[-0.11726394  1.         -1.          0.7489665 ]
-30.613573
[1.         1.         0.58816516 1.        ]
-30.728882
[-0.60651743  0.2992619   1.          0.6488734 ]
-31.119307
[ 1.         -0.95945317  1.         -0.27877992]
-31.41383
[-0.95969313  0.8090143  -0.11853655 -0.62416154]
-31.33746
[ 0.59565157 -0.17211571  0.35578752  0.30456463]
-31.409729
[0.16197024 0.5228244  1.         0.81123346]
-31.32673
[-0.7518905   1.         -0.76369995  1.        ]
-30.875433
[-0.32915568  0.00230865 -1.          0.07478193]
-30.437569
[-0.25638384 -1.         -0.5157883  -0.32279822]
-30.267319
[ 0.21236053  1.         -1.         -1.        ]
-30.312439
[ 1.         -0.30935445 -0.05845866  0.8805446 ]
-30.805233
[-0.7956298   1.         -0.8107396   0.42332658]
-30.76926
[1.         0.35458705 0.7320649  0.42687178]
-30.642403
[-0.56711924 -0.17783652  1.          1.        ]
-30.376392
[ 1.         -1.         -1.          0.27500653]
-29.986729
[ 0.44207332  1.         -0.52678126  1.        ]
-29.502033
[ 0.17479192 -0.42795914 -0.13936724  0.9641892 ]
-28.866695
[-0.5359085  -0.8108389   0.81004417  0.95003444]
-28.270947
[-1.         1.         0.0289369 -1.       ]
-27.601673
[ 1.         -1.         -0.02104995  0.27941802]
-27.612822
[-0.06537683 -0.59805655 -0.02868084  0.18446662]
-27.359144
[ 1.         -0.26543295  0.81416374 -0.14426802]
-27.067472
[1.         0.07704324 1.         0.29697388]
-26.808016
[ 0.9712006   0.30026844 -0.13747077  0.10864083]
-26.385443
[-0.56377566 -1.          1.         -0.08881114]
-25.951797
[-0.17443115 -0.79990417 -0.9195973  -0.02745967]
-25.757677
[ 0.01490625 -1.         -1.         -0.7203114 ]
-25.497074
[-0.1322605  -0.43434367 -1.          0.6964636 ]
-25.417585
[ 0.6697112   1.         -1.         -0.76125056]
-25.119877
[-0.10250621  0.25454855 -0.62893    -0.25926882]
-25.029087
[-0.73460525 -1.          1.          1.        ]
-24.949083
[ 1.        -1.         1.        -0.3308146]
-24.507227
[ 0.8330385   0.52540845 -0.48108432 -0.23869218]
-24.219227
[0.45626286 0.29220906 0.6421603  1.        ]
-23.89783
[-0.10363852  0.20197493  0.15536243 -0.9301426 ]
-23.186407
[ 0.1670641  -0.0362942  -0.00275001 -1.        ]
-23.014668
[-1.         0.6816749 -1.         0.6018864]
-23.157959
[ 1.         -1.          0.715507   -0.36357078]
-23.202486
[-1.         -1.         -0.29553333 -0.30929965]
-23.225594
[ 0.635191    0.44344315 -0.22709471  0.05924339]
-23.34299
[ 1.          0.7873538  -0.41455984 -0.82317686]
-23.283176
[ 1.        -1.        -0.4736951 -0.8530343]
-23.383846
[-1.         -1.          0.85441333  0.5711375 ]
-23.531628
[ 1.         0.7395466 -1.        -0.2674636]
-23.463736
[-0.8555742   0.501007    0.3139475  -0.13460092]
-23.34856
Episode 2: length=50, total_reward=-9.92
[ 0.37974614  0.6392473  -0.2143406  -1.        ]
-26.253452
[-0.17491467 -0.25227994 -1.         -1.        ]
-26.538315
[-1.         -0.8142726  -0.25465924 -0.44089785]
-27.025963
[ 0.69282204  0.94902915 -1.         -0.40824732]
-27.488995
[1.         1.         0.4881954  0.54551613]
-27.984692
[-1.          1.         -0.71498567  0.38965222]
-28.102798
[ 0.10786577 -0.50777465 -0.25006214  1.        ]
-28.18079
[ 0.6909103   0.92225033  0.03983637 -0.7526076 ]
-27.950882
[ 0.9034444   0.10215927  1.         -0.08615328]
-27.907505
[ 1.          0.02063221 -0.5713054   1.        ]
-27.796412
[ 0.01339694  0.39097574  1.         -0.9962451 ]
-27.335815
[-0.5453965  0.5063954  1.        -0.5352994]
-27.175316
[0.7630198  0.3065755  1.         0.91459966]
-27.236591
[ 1.         -0.17838293  0.08558415 -1.        ]
-26.906334
[-0.20271413  0.8776806   0.16856784 -1.        ]
-26.874235
[ 0.2652371  -0.52750796  1.          1.        ]
-27.164558
[ 0.65670574 -1.         -0.4795429  -1.        ]
-27.038954
[-0.1552108  -0.35853535 -1.         -0.93667346]
-27.055069
[-0.36289716 -0.4895948  -1.          1.        ]
-27.209183
[ 0.03475514 -1.          0.5212656  -1.        ]
-26.978287
[ 1.        -1.        -1.        -0.8907594]
-26.976328
[ 0.24808846 -0.48429158 -0.06644592 -1.        ]
-27.044273
[ 1.          0.07157259  1.         -0.16379367]
-27.14397
[-0.77341455  1.          1.         -0.83469486]
-27.085712
[-0.96111405  0.30202487  0.8851836   0.09100506]
-27.26303
[ 1.        -1.         0.695446  -0.9902033]
-27.350769
[1.         0.14881898 0.482944   0.963201  ]
-27.61316
[ 0.49396598  1.         -0.88536894 -1.        ]
-27.350224
[ 0.90709233  0.98153883 -0.44798672 -1.        ]
-27.231216
[ 0.53288573  1.         -0.08859981  0.45675236]
-27.344402
[-1.         -0.43916777  1.         -1.        ]
-27.132637
[-0.7917449  -0.6378938   0.74264294  0.21147734]
-27.262592
[-1.         -1.          0.17163682 -1.        ]
-27.254559
[ 0.97444713  0.46096963 -0.42198685 -1.        ]
-27.5523
[-0.02779748  1.          0.98330677 -0.02998616]
-27.959558
[ 0.6887601  -0.23974636 -0.3214648  -1.        ]
-28.285595
[0.22416511 0.50127697 0.49478048 0.19983359]
-28.619076
[ 0.64390826 -0.14673936  0.05369237  1.        ]
-28.753473
[ 1.         -1.         -0.82699907 -0.63810986]
-28.508202
[ 1.         -0.4100037   0.953847    0.17045937]
-28.305855
[ 0.5510148   0.3549569  -0.05480722  0.56074256]
-27.980297
[-0.07041678  0.42254207  0.8228892  -0.4898114 ]
-27.507278
[ 0.06162187 -0.08814253 -0.640818   -1.        ]
-27.427797
[-0.5158887  0.6976145 -1.         1.       ]
-27.643568
[ 0.10805386  0.64043677 -1.         -0.36668295]
-27.451086
[-0.75574064 -0.02590378  0.6474772  -0.00906601]
-27.384445
[ 0.70429575  0.3678586  -0.15615784 -1.        ]
-27.411938
[-0.44827864  0.39096338 -0.130311   -0.09549225]
-27.564827
[-0.2575585 -1.         0.6783843 -1.       ]
-27.734507
[-0.8348672  0.8263598  1.         0.8672405]
-28.112566
Episode 3: length=50, total_reward=-5.42
[-0.98421806 -0.19276045  0.00739361  0.77238935]
-8.838006
[-0.2187068   0.8053498   1.          0.11171596]
-8.416983
[ 0.42053303  1.         -0.9730049   0.2922363 ]
-8.064629
[ 0.02286221  0.12822036 -0.8042955   0.41202164]
-7.890836
[-0.6514492  1.         1.        -0.5031364]
-7.7867136
[-1.          0.13593312  1.          0.36878347]
-7.8488255
[-1.         -1.          0.961601   -0.84027815]
-7.6130924
[ 0.3335737   0.6551558  -0.42005992  0.85072124]
-7.3435264
[ 0.96166563  0.15093222 -0.21669728 -0.3550519 ]
-6.899062
[-0.2966247   1.          1.          0.84385204]
-6.816718
[ 1.         -1.          0.9759973   0.16773263]
-6.5273976
[ 0.35076487 -1.          0.27316114  0.39895743]
-6.417978
[-0.88856894 -0.10210954  0.12954016  0.18319413]
-6.1927004
[ 0.12019616 -0.8277714  -0.16360946  0.79718566]
-5.807278
[ 0.28240228 -0.9365482  -0.8153579  -0.07534033]
-5.2265906
[ 1.          0.29424176 -0.7172349  -0.70881635]
-4.786084
[-1.          0.44184354  0.79094326  0.5158407 ]
-4.846157
[-0.16897982  0.6963877  -0.6216967  -0.07162426]
-4.666733
[ 0.00530333  0.7195522  -0.11640388  0.45599365]
-4.515647
[ 0.7009818  -0.01139179  1.         -0.04689778]
-4.282831
[-0.12851062 -0.47998378 -1.          0.4916201 ]
-4.267668
[-0.05447719  0.21906519  0.00529089 -1.        ]
-4.129414
[1.         0.93179685 0.16523649 1.        ]
-4.285907
[-0.34740102  0.42408174  0.2505046  -0.67460066]
-4.3280354
[ 0.39359358  0.85232985  1.         -1.        ]
-4.6020546
[ 1.         -1.          1.         -0.33110037]
-5.2689104
[ 0.27053007  1.          1.         -0.67564195]
-6.075294
[-0.47742862  0.51071423 -0.03383464 -1.        ]
-7.021906
[ 0.50299275  0.02883246 -1.          1.        ]
-8.048062
[0.11231401 1.         0.41682297 0.13276929]
-8.606844
[-0.91720784  1.         -0.4599194   0.133937  ]
-9.201594
[-0.30456027 -0.7400614  -0.08499855  1.        ]
-9.712505
[ 0.96179026  1.         -0.49187496 -0.7476354 ]
-9.681611
[-0.6061533  0.876862  -1.        -0.7850783]
-10.120978
[ 1.         -1.          1.          0.86320364]
-10.836662
[1.         0.21283749 0.322894   0.79816335]
-11.185497
[-0.84509575  0.07138046 -1.          0.16911314]
-11.390552
[-0.20328464  0.08846743 -0.8232981  -0.7875974 ]
-11.561369
[-0.41467285 -0.23666857  0.7400962   1.        ]
-12.008728
[-0.74132085 -0.77135026  0.34283963 -0.68795896]
-12.059349
[-0.6636044   1.          1.         -0.04696059]
-12.168235
[ 1.         -1.         -0.35100266 -0.97986424]
-12.35804
[ 1.          0.76725245  0.539456   -0.08676317]
-12.580475
[ 0.669329   -0.78897655  0.02212546 -1.        ]
-12.895402
[ 0.18915778  0.42978337 -1.          1.        ]
-13.448876
[-0.52452826 -0.8227412   0.95335054 -0.9133706 ]
-13.601035
[0.01238954 0.4690738  1.         0.11797091]
-13.771957
[0.28637773 1.         0.69413924 0.07141656]
-13.864935
[ 0.18242867  0.17919779 -0.8962875   1.        ]
-14.149894
[ 0.6484857  1.        -1.        -1.       ]
-14.059657
Episode 4: length=50, total_reward=-1.28
[-0.83710647 -0.5702445  -1.          0.18410508]
-12.886158
[ 1.          0.44768247 -0.45372334 -0.16020417]
-12.908209
[ 0.7739395  -0.4298922  -1.          0.88650376]
-12.936609
[-0.48492458  0.00911981  0.4765451   0.5989055 ]
-13.21903
[-1.          0.15555741  0.8891628   0.9768144 ]
-13.500231
[0.24067461 1.         1.         0.6300313 ]
-13.960783
[-1.         -0.44412288  1.         -0.35193452]
-14.594124
[-0.897662   -1.          1.          0.18628104]
-14.884411
[-1.         -0.22074534  1.         -1.        ]
-15.024067
[-1.          1.          1.         -0.23014368]
-14.78768
[0.04665571 0.10296502 1.         0.08819595]
-14.6363125
[1.         1.         1.         0.42621174]
-14.522669
[-0.20836109  1.         -0.46130395 -0.6732244 ]
-14.659496
[-1.        -0.75096    0.6548413 -1.       ]
-14.628714
[-0.43391684  1.         -0.44191623  0.62724525]
-14.360216
[ 1.         -0.04120978 -1.          0.9177738 ]
-14.508644
[-0.8606498   0.27542022  1.          0.3058707 ]
-14.840055
[ 1.         0.8040024 -0.3369324  1.       ]
-15.176941
[ 1.         -0.2042878   0.11828709  1.        ]
-15.797039
[-1.          1.         -0.42785934 -1.        ]
-16.54224
[ 0.96613866 -1.         -1.          0.24836573]
-16.840551
[ 0.5834575  -0.05913235  0.3045939  -0.8687437 ]
-17.029913
[ 1.          0.24751572  0.2037086  -0.6137895 ]
-17.045925
[ 0.70498633  0.5151544   0.55843997 -0.71738744]
-16.988762
[-1.         -0.6019681  -0.20143022 -0.4160979 ]
-16.918848
[ 0.2755909  -1.          1.         -0.52884316]
-16.887037
[-1.         -1.          0.53583825 -0.33110017]
-16.552721
[-1.          1.          0.20047128 -0.7482495 ]
-16.118538
[-0.19197579  0.24567524 -0.4002247   1.        ]
-15.808526
[ 1.         -0.60026866 -0.24010171 -0.32330436]
-15.985399
[-0.04875729 -1.          0.814698    0.10280257]
-15.985695
[0.6387059 0.7628339 0.5214801 0.4875361]
-15.891176
[-0.12245838 -0.98125565  0.6059533   0.6231949 ]
-16.00383
[ 1.          0.58510214 -1.          0.2416201 ]
-16.111494
[-0.98609215 -0.96785116 -0.73286057 -1.        ]
-16.222149
[-0.9353028  -0.47832328 -1.          0.95528686]
-15.857988
[-0.5827309   0.23676568  1.         -0.14074649]
-15.848843
[ 0.20568106 -0.3803137   1.         -1.        ]
-15.837694
[-0.11014579 -0.49330333 -0.3903453  -0.636372  ]
-15.405069
[-1.         -0.2250584   0.39437607 -0.44343475]
-15.032607
[ 1.         -0.89848495 -1.         -0.7510337 ]
-14.719816
[-1.         -0.07319058  0.5851229  -0.06890176]
-14.132545
[ 0.23171932 -0.43137792  0.4070048   1.        ]
-13.709986
[-1.         -0.1939069   0.21547668  0.5926315 ]
-13.668968
[-1.          1.         -0.6672316   0.94539285]
-13.728207
[1.        1.        1.        0.5420373]
-14.000065
[ 0.66787463  0.76030076 -0.11960497  1.        ]
-14.332211
[-0.06815941 -0.5155463   0.3340328  -0.12051556]
-14.890238
[ 0.3556036  -0.7375593  -0.31500694 -1.        ]
-15.14242
[ 1.          1.         -0.10923794 -0.04832777]
-15.028473
Episode 5: length=50, total_reward=-2.55
[0.23028177 0.8554563  1.         0.6038649 ]
-31.039658
[-0.28528702 -0.40189472 -0.2766419  -1.        ]
-31.302105
[-1.         -1.         -1.         -0.66701066]
-31.141193
[-0.24246643  1.          0.15043558  0.90735227]
-30.657198
[-0.30096936  0.26743084  0.2029343   0.24620284]
-30.604895
[0.25493607 0.49367914 1.         0.19578648]
-30.408443
[ 0.67381275 -0.93279535  1.          0.70332813]
-30.301056
[-1.        -0.1605328  1.        -1.       ]
-30.394392
[ 0.5047973 -0.7341544 -1.        -1.       ]
-29.963274
[ 1.          0.19239661  1.         -0.7714478 ]
-29.5486
[-0.95566154  0.04868158 -0.8181541   1.        ]
-29.276741
[-0.05244447  1.          1.          0.49223152]
-29.239473
[0.8413388  0.5655717  0.40143254 1.        ]
-29.24421
[-1.          0.15147896  0.96383566  1.        ]
-29.750013
[ 0.8889768   0.06337516 -0.43540627 -1.        ]
-30.034683
[-1.         -0.7436069   0.30796632 -1.        ]
-30.155895
[-0.3408182  -0.27844414 -1.         -0.6799712 ]
-29.774763
[ 0.38149032  0.33216     0.02036707 -0.79553205]
-29.227833
[ 1. -1. -1.  1.]
-28.747612
[ 0.4527317   1.         -0.44153374 -0.57785773]
-28.847153
[-0.9769327   0.99506104 -0.45809275  0.33429348]
-28.941576
[-0.6987078  -1.          0.99998116 -0.47889155]
-28.904287
[ 0.1386869  -0.45903075 -0.17240934  0.41784364]
-28.519156
[ 0.56160086  1.         -0.81905156 -1.        ]
-28.394623
[-1.          0.32014605  1.          0.12313679]
-28.162369
[ 0.0428067  -0.04622671 -1.         -0.15004167]
-27.83939
[-0.49164754  0.8825728  -1.          0.54569465]
-27.573397
[-1.         -0.96854335 -1.         -0.23277861]
-27.418217
[ 0.25344712  1.         -0.42732367 -0.3278768 ]
-27.056314
[-0.77714115 -0.10176533 -0.12556578 -0.9258292 ]
-26.780203
[-0.6764864   0.29077104 -0.7278825   0.00644932]
-26.163557
[-0.3595504  -0.27929366 -0.48230213 -0.36633316]
-25.52495
[-0.50225204 -0.8526755  -0.2774184  -0.2234128 ]
-24.819477
[ 0.7907035  -1.         -0.31975317  0.3073636 ]
-24.03025
[0.41428936 0.5124822  1.         1.        ]
-23.491985
[ 0.7775872   1.         -1.         -0.06286892]
-23.45975
[ 1.         -0.63376945  0.7824688  -0.97586626]
-23.508072
[ 0.6940227  -1.          0.36800236  1.        ]
-23.249306
[-1.          0.48927552 -0.1307577  -0.6215806 ]
-23.332853
[-0.71783876 -0.63517165 -0.02893067  0.12456521]
-23.12682
[ 1.         -1.         -1.         -0.34073615]
-22.742779
[-1.          0.88224196 -0.07017203  1.        ]
-22.313444
[-0.22060072 -0.34285578  1.          1.        ]
-22.238785
[ 0.14238371 -0.40631306  0.09183903 -1.        ]
-22.322392
[-0.61466193  0.06724051 -0.41467386 -1.        ]
-22.02796
[ 0.0309436  -0.2186596   0.56815773  1.        ]
-21.463657
[ 1.         -0.22263375 -0.63941765  1.        ]
-21.342907
[-0.66909224 -1.         -0.20706554 -1.        ]
-21.52676
[-1.          0.34424683 -0.87017214  1.        ]
-21.150723
[ 1.         -0.21017386  0.08324042  0.42866856]
-21.201143
Episode 6: length=50, total_reward=-4.05
[ 0.34763888 -0.98534375 -0.43723723  0.8723841 ]
-23.28644
[-1.         -0.08363649  0.59042966 -0.15647374]
-23.54766
[ 1.         -0.7440762   0.37939435 -0.89724624]
-23.51534
[-0.50950396  1.          0.80421436  1.        ]
-23.185448
[-1.  1.  1. -1.]
-23.178608
[-0.16864191  0.69881016  0.2310631   0.69165176]
-22.823122
[-1.         0.5118735 -0.9624247  0.6342827]
-22.700842
[ 0.89131874  0.54655594 -0.03477426 -0.00834788]
-22.757368
[-0.15283659 -1.          0.04745241 -0.2873812 ]
-22.859337
[-0.03028489  0.40298674  0.87388605  1.        ]
-22.837828
[ 0.21182038 -0.76451665  0.5360281  -0.38789654]
-22.967617
[-1.         -0.5608208   0.6555422  -0.15225041]
-22.909199
[ 0.01631067 -0.95331466 -0.6326344   0.36113635]
-22.713785
[ 0.02140903 -0.87986773 -0.3322926  -0.09785346]
-22.61491
[-1.        -1.        -1.         0.6486834]
-22.399466
[ 1.          0.9252632  -0.40751246  0.6906154 ]
-22.227774
[-0.10783848 -0.00278234  0.08272337 -0.8486247 ]
-22.259647
[-0.3979371   1.         -0.02498327 -0.40609407]
-21.925924
[ 0.35237482 -0.7341997   1.          0.50521225]
-21.522379
[ 0.1069782   0.6611731  -0.06284877 -0.25536188]
-21.387821
[1.        1.        0.7081922 1.       ]
-21.227001
[-0.11141107 -1.         -1.          1.        ]
-21.522995
[-0.38842994  1.         -0.39328447 -0.32211336]
-21.910065
[-0.04984915  0.2226594   1.          1.        ]
-22.069126
[ 0.80865437 -0.55544305  0.17323424  0.59492856]
-22.459312
[-0.15813379 -0.638497   -1.          0.05240436]
-22.771004
[-0.7173055  -0.57644314  0.10191211 -0.37668678]
-23.000042
[ 0.45113546 -0.53622955  0.61639935  0.02680098]
-22.908495
[ 0.01930878 -0.46826535  0.58446115 -0.6375419 ]
-22.929455
[-1.          0.79876274 -0.1632639  -0.9648066 ]
-22.756273
[-0.3460872  -1.         -0.18889236  0.28127033]
-22.429718
[ 1.          1.         -0.9936006   0.81307185]
-22.275106
[ 0.9911336   1.          0.18732685 -0.7141215 ]
-22.483978
[-0.5120521  -0.24058536  0.31123915  0.58386695]
-22.455875
[ 1.         -1.          0.09653188 -0.32339376]
-22.530725
[ 0.8426649  0.8576708 -0.5169997  0.8693523]
-22.409498
[ 0.46069366 -0.6555528  -0.6310414   0.7143218 ]
-22.75255
[ 1.          0.46740884  0.4196223  -0.63994247]
-23.14291
[ 1.          0.69945794 -1.          0.41587174]
-23.230877
[-0.28536418  1.         -0.00753826 -0.683678  ]
-23.460098
[-0.7637578  -0.3508457  -0.5711299  -0.23604119]
-23.56575
[ 0.10670758 -1.          0.13764179 -1.        ]
-23.607117
[-0.50456035 -0.97992927 -0.5159783   0.42979872]
-23.377762
[-0.7563564   0.20934945  1.         -0.02711851]
-23.329067
[ 1.        -0.546158  -0.5699277  1.       ]
-23.277744
[-1.          0.32099155  0.02141148 -1.        ]
-23.502884
[-0.22839417  1.          0.35222173  1.        ]
-23.345987
[-1.          0.55760276 -0.52891576  0.85291857]
-23.564405
[ 0.85015565 -0.7568578   0.3603049   0.46615002]
-23.951218
[-0.57074803 -1.          0.77199733 -0.71240914]
-24.40102
Episode 7: length=50, total_reward=-4.50
[-1.          0.5009756  -0.7523451  -0.11657065]
-27.279125
[0.6109359  1.         0.08082514 0.17821592]
-27.300863
[-0.10093008 -0.18792228  0.2840466   1.        ]
-27.248589
[ 1.          0.38474926  0.13406801 -1.        ]
-26.904892
[ 1.         0.3812065  1.        -0.540059 ]
-26.903034
[-0.5176422   1.         -0.97895837 -1.        ]
-27.01508
[-0.9499001   0.85838807  1.          1.        ]
-27.395666
[-0.7762007  -0.9027977   1.         -0.32292724]
-27.428719
[ 0.76019514 -1.          1.         -0.57035697]
-27.551947
[-1.         -0.04630058 -0.8011162  -1.        ]
-27.780197
[ 0.505039   0.821742  -0.9177346  0.7642657]
-28.311844
[-0.45639116 -0.5743292   0.9839203   1.        ]
-28.39203
[ 0.79306066 -0.3365695  -1.         -1.        ]
-28.21344
[ 1.        -1.         1.        -0.6783359]
-28.345634
[-0.49829146 -1.          0.7222197  -1.        ]
-28.495728
[-0.15365657 -0.83900315  0.3803599  -0.7199063 ]
-28.799782
[-1.          1.         -0.19859767 -0.17891975]
-29.15676
[ 1.        -0.6430833  1.         1.       ]
-29.453371
[-1.        -0.7399059  0.7141333  1.       ]
-29.21695
[ 0.00605416  0.41646656 -0.86691016 -0.747758  ]
-28.808662
[-0.08251765  1.         -0.0219844   0.596956  ]
-28.802856
[-0.03158152 -1.         -0.01733926  0.49783796]
-28.728762
[ 0.35273772  1.         -0.34576494 -0.6842257 ]
-28.577948
[-0.13658015  1.          0.15249106  0.6636017 ]
-28.736708
[ 1.         0.3745552 -0.6594093 -0.4227705]
-28.697506
[-0.43133932 -1.          1.         -0.32439438]
-28.77017
[-0.5324511 -1.        -1.         0.1782755]
-28.855263
[ 0.63962615 -0.45304054  1.          1.        ]
-28.983002
[-0.4587237  1.         0.0069063  1.       ]
-28.663013
[-0.09944333  0.39131784  0.68101764  0.75126755]
-28.385979
[ 1.          0.10423029 -0.57888615  1.        ]
-28.139786
[1.         0.65941685 0.6378619  0.87604123]
-27.728806
[-0.09580238 -0.06833362 -1.         -0.5327385 ]
-27.13789
[-0.986608   -0.07054486  0.9706372   0.5631843 ]
-26.983564
[-0.8385567  1.         1.         0.3638174]
-26.674515
[-1.          0.3485194   1.          0.16084148]
-26.557505
[ 0.6556505  -0.30059394 -0.3334177  -0.1766499 ]
-26.520739
[ 0.45995286 -0.2311619  -0.1658765  -1.        ]
-26.509523
[-0.53836924  0.5205714   1.         -0.05759023]
-26.845364
[-1.         -1.         -1.          0.02958613]
-27.024921
[ 0.04594519  0.5975432  -1.         -1.        ]
-27.067352
[ 0.42432725 -0.8058963   1.          0.27549452]
-27.39647
[-0.45721242 -0.06769358 -0.02333692  0.8906368 ]
-27.50053
[ 0.84410965  1.          0.78324884 -1.        ]
-27.346584
[ 0.2564974  1.        -0.8963022 -1.       ]
-27.46428
[ 1.        -0.5139962  0.3386197  1.       ]
-27.988838
[-0.46296912  0.6948799  -1.          0.71619415]
-27.876425
[-1.         -1.         -0.80207646 -1.        ]
-27.741955
[ 1.         -0.34475803  1.          0.51919836]
-27.982197
[0.41418037 0.10439125 0.1713609  0.93147784]
-27.893833
Episode 8: length=50, total_reward=-4.63
[ 0.3269729   0.39055446 -0.94087195 -1.        ]
-13.503225
[ 0.17753802  0.02292188 -0.23961411  0.34668824]
-13.340834
[ 1.          1.         -1.          0.41507524]
-13.3552475
[0.20925668 0.24071999 0.27037796 1.        ]
-13.439114
[ 0.36184514 -0.7119857   0.7724217  -0.5568976 ]
-13.701609
[-0.47135067  0.7238315  -0.16739407  1.        ]
-13.701288
[ 0.12572558  0.41149917  0.4438035  -0.72995967]
-14.09746
[ 0.5356124   0.21157013 -1.         -0.49274024]
-14.10947
[ 0.34016904  1.         -1.          1.        ]
-13.976757
[ 0.04495742  1.          0.44138098 -0.940005  ]
-14.266607
[ 0.7314613  -0.68771887 -0.00965603  0.88370866]
-14.267853
[-0.7388552   0.13236886  0.5325696   1.        ]
-14.502288
[ 0.7957342 -1.        -0.5249116 -1.       ]
-15.001724
[-1.         -0.53785163 -1.         -1.        ]
-15.025898
[-0.102974   -0.35604435 -0.08656397 -1.        ]
-14.6936
[ 0.80546653 -0.52700627 -0.09591167 -0.44577152]
-14.238909
[-1.         -1.         -0.6770373  -0.80000025]
-13.781387
[0.1460848  0.28776538 0.34707773 1.        ]
-13.06171
[-0.09290297 -0.06587488  0.65441734 -0.6025748 ]
-12.901594
[ 0.6532829  -1.          0.6553073   0.16400304]
-12.670137
[ 0.29231268  1.          0.3115557  -1.        ]
-12.388609
[-1.         0.6442515 -1.         1.       ]
-11.928156
[-0.6572206  -0.9458681  -0.09895279 -0.96263444]
-12.056562
[-0.5923831 -1.         0.4855284  0.5608359]
-11.832722
[-0.04713881 -0.05943939  1.          0.69941074]
-11.7467575
[1.         0.45521012 0.31393123 1.        ]
-11.742819
[-0.03511262 -0.26733708 -0.9993964  -0.18761806]
-12.029245
[-1.          0.12346867  1.         -0.6268335 ]
-12.081034
[-1.          0.07066808 -0.2517348   1.        ]
-11.984547
[-1.        -1.         1.        -0.7370884]
-12.356709
[-1.          0.76576585 -0.18128394  0.9867548 ]
-12.209885
[-1.         -0.21093817 -0.24885431 -1.        ]
-12.548779
[ 0.3378786   0.8316591  -0.8240988   0.16620591]
-12.533653
[0.20951724 0.4833293  0.4721678  0.05820438]
-12.599524
[-0.67809457  0.1342931   1.          0.7884882 ]
-12.734602
[-1.         -0.10757761  1.          0.33141196]
-13.058922
[-0.31311595 -1.         -1.          1.        ]
-13.434746
[ 0.32220656 -1.         -1.         -1.        ]
-13.844816
[ 0.89904374 -0.6738077  -0.2516777  -1.        ]
-13.797314
[ 0.5308202   0.88267416 -0.55849946  0.5163031 ]
-13.434011
[0.655529   1.         0.33746657 1.        ]
-13.305609
[ 1.         -1.          1.          0.96731937]
-13.464004
[ 0.24855584  0.36250404 -0.60413176 -0.765864  ]
-13.813831
[ 0.18642147 -0.05217712  1.         -1.        ]
-13.807222
[-0.41065258  0.02492282  0.13640825 -0.08483742]
-13.481901
[1.        1.        1.        0.6363757]
-13.172644
[-0.396203    0.81394607 -0.4200415   0.9687864 ]
-13.235541
[-1.         -0.3504332  -0.53138757 -0.6257926 ]
-13.592627
[-0.9960121  -1.          0.05760526  0.26977548]
-13.663462
[-0.19639152 -0.5151867  -0.17440347 -1.        ]
-13.7119465
Episode 9: length=50, total_reward=-2.21
[0.3378606  0.15601751 1.         1.        ]
-7.097716
[ 1.         -0.6557715   1.          0.73687637]
-17.68091
[-0.4289637   0.8867176  -1.          0.14085199]
-12.870544
[ 0.2301164  -1.         -0.03533254 -0.09267979]
-14.3948765
[ 0.42709357 -0.45763    -1.         -1.        ]
-13.04808
[-1.         0.9082319 -0.5407839 -1.       ]
-12.356123
[ 0.11709934 -1.         -0.62837225  0.59660476]
-13.121342
[ 0.60869586  0.03664134  0.69782376 -1.        ]
-12.442154
[-0.62599564 -0.66282237  0.6165614   0.29663795]
-12.488193
[ 1.          0.2767519  -0.7257745  -0.32013607]
-11.584987
[ 0.6075848   1.         -0.55562824  0.00220966]
-11.670541
[-1.          1.         -0.2503091  -0.23110427]
-12.764243
[ 0.5815325   0.9022503  -0.22270834 -1.        ]
-13.706206
[ 0.65311563  0.19936341 -1.         -1.        ]
-15.459885
[ 0.6080907  -0.3057175  -0.764973   -0.19180208]
-16.953835
[ 1.         -1.          0.13712285  1.        ]
-17.59868
[0.5056415  0.22271787 0.8898269  1.        ]
-17.051939
[-1.          0.12090957 -1.          1.        ]
-16.526474
[ 0.92370355  0.22448146  0.43299967 -1.        ]
-15.874852
[-1.         -0.14652719 -0.7301319  -0.7964005 ]
-15.701593
[-0.30287153 -0.4458911   0.7994622   0.31512666]
-15.769009
[ 1.          0.56625146 -0.10716442 -0.41823336]
-15.58422
[-1.          0.49390924 -1.          0.24261753]
-15.708622
[-0.9437911 -1.        -1.         1.       ]
-15.726799
[-1.         -1.         -0.41848704 -0.8664363 ]
-15.301641
[-1.         -0.6708949   0.07464674  1.        ]
-14.894318
[ 1.         -0.14949265  0.6651537   0.5443768 ]
-14.052886
[-1.         -1.         -1.          0.38955265]
-13.246335
[-0.6947852  -0.7786925   0.6421522   0.56482357]
-12.208637
[ 1.         -1.          0.17063521  0.60392326]
-10.783638
[-0.9825041   1.          0.37381694 -1.        ]
-9.316811
[0.9274773  0.33124167 0.3019027  0.01894408]
-8.478838
[-0.24650666  0.10747103 -0.55060685  1.        ]
-7.8346734
[ 0.15729146 -1.         -1.         -0.45825186]
-6.651499
[ 1.          1.         -0.10133062 -1.        ]
-5.598552
[-0.5796188  -0.29396012 -1.         -0.9135954 ]
-5.6800346
[ 1.          0.6322124   0.24792205 -0.61293983]
-5.7260823
[ 1.         -0.09399998 -0.9241787   0.43643144]
-6.2296605
[ 0.774395    0.01183757 -0.65288174  1.        ]
-6.8531094
[-0.86662376  1.          0.313257    0.5269896 ]
-7.348624
[-0.8390506  -0.15195005  0.38802484 -1.        ]
-7.6098595
[-0.05347711  0.12347655  0.79319966 -0.3560459 ]
-7.928739
[ 1.          0.63253266 -0.8854378   0.7577259 ]
-8.059035
[-0.13382709 -0.34608528  0.8212066   0.96260476]
-8.231455
[ 0.49051997  0.48038346  0.8616448  -0.17166458]
-8.101153
[ 0.3430829   1.          1.         -0.14818455]
-8.405833
[-0.7981998 -1.         1.        -0.3705106]
-9.015494
[-0.10258827  0.47609144 -1.         -0.34103715]
-9.2883005
[-0.13746825  1.          0.35557494  0.04846538]
-9.763006
[-1.          0.63693196 -0.999367   -1.        ]
-10.317087
Episode 10: length=50, total_reward=-2.02
[-0.14702754 -0.47932592  0.11216215  1.        ]
-6.6148157
[-0.84693295  0.36626205  0.89372766 -0.05424111]
-6.8326287
[0.67036104 0.31291893 0.90587944 1.        ]
-7.0782347
[ 1.  1. -1. -1.]
-7.479885
[-0.48452622 -0.09153502  0.02751697 -0.6448396 ]
-7.4415436
[-1.          0.21903794 -1.          0.3783508 ]
-7.294532
[-0.10399397 -0.56409967 -0.3729005  -1.        ]
-7.3246164
[ 1.         -0.6875679  -0.10614213  0.31630722]
-7.102
[-0.10823253  1.          0.6456991   1.        ]
-7.016508
[-0.36738986  0.96715516  0.8977934   0.1653389 ]
-7.2700014
[ 0.6383625   1.          0.09643917 -0.9958567 ]
-7.6568336
[ 0.42539072 -1.          0.00389841 -1.        ]
-7.7113705
[-0.693484   -0.8771811   0.17140782 -0.4905731 ]
-7.4315886
[-0.06124746  0.8943492  -1.         -1.        ]
-7.2104983
[0.42997265 0.16614398 0.09077472 1.        ]
-6.758997
[-0.57737887 -0.17390983  1.          1.        ]
-6.799881
[ 0.98325336 -0.57975525  0.21185035 -1.        ]
-7.1689916
[-1.         -1.          0.59203273 -0.9075776 ]
-7.148904
[ 0.006823   -0.33981103  0.9974254  -0.7189802 ]
-6.9691067
[-0.63759744 -0.56589526  1.         -0.38535616]
-6.716092
[-0.9369852   0.9158687  -0.7472128  -0.14491965]
-6.5498915
[-1.          1.         -0.35252097  0.4774868 ]
-6.5602226
[-0.25467023  1.          0.18309852  0.8322802 ]
-6.839484
[ 0.72696733  0.44021955 -1.          0.6272533 ]
-7.44032
[ 0.5496      0.5407205   1.         -0.02947426]
-7.986171
[-0.51767397  0.32844996  1.         -1.        ]
-8.273195
[ 0.2149686   1.         -0.16531083 -0.4387515 ]
-8.19188
[-0.48309037 -0.62505543 -0.8555756  -0.8798372 ]
-8.2465515
[-1.         0.6556148  0.6723807  1.       ]
-8.149744
[0.01237907 0.7931691  0.78016955 0.32021895]
-8.578333
[ 1.         -0.6262729   0.33743417  0.30250332]
-8.957935
[-0.22324835  1.          0.51566654  0.2816209 ]
-9.322744
[-1.          0.9035106   0.21736173  1.        ]
-9.782587
[-0.8001286  -0.15224013  0.25011307  1.        ]
-10.454502
[-0.02745784  1.         -0.36188832  1.        ]
-11.1448
[-0.63460207  0.14327475 -0.4989657   1.        ]
-11.929851
[ 0.08029367  1.          0.12037553 -0.5283873 ]
-12.761001
[1.         0.89162225 0.40493023 0.00369628]
-13.210316
[-0.49184108 -0.48377305  0.76528335  0.18866475]
-13.569983
[ 0.18321781 -1.          0.78310215 -0.15939505]
-13.868244
[ 1.          0.8463599  -0.07645886 -0.5719014 ]
-13.999404
[-0.6422124  -1.         -0.27547926 -1.        ]
-13.993895
[-0.6394516   1.          1.          0.62376076]
-13.684467
[-0.3711961 -0.2190054  1.         0.9061659]
-13.687494
[ 0.22025001  0.5332603  -1.         -0.33356908]
-14.046682
[0.5106728  0.17767063 0.12871397 0.30120462]
-14.146225
[ 1.          1.         -0.88766813 -0.20452128]
-14.332495
[-0.07055181  0.05440755 -0.24117193 -1.        ]
-14.389864
[-1.          0.14131448 -0.8887916  -1.        ]
-14.199369
[-0.68934286  0.67591393 -0.58141893 -0.5836646 ]
-13.908844
Episode 11: length=50, total_reward=-2.84
[0.09635325 0.48604128 0.15172675 0.7378181 ]
-14.494963
[-1.          0.47764963 -0.80258346  1.        ]
-14.693716
[ 1.         0.8515497 -0.311053  -1.       ]
-15.161421
[-0.1749722   0.8378315   0.10197467  1.        ]
-15.194801
[ 0.74303    -0.1535671   0.16617261 -0.86940634]
-15.676279
[-1.          0.71348935 -0.89290434  0.67514426]
-15.761704
[ 0.1154533  -0.45923123 -0.20455725 -1.        ]
-16.1341
[0.6974911  1.         0.55707026 0.91456765]
-16.063396
[-0.03190634 -1.          1.         -0.88076925]
-16.258766
[-0.31154314  0.2621508   0.54663575 -0.6182538 ]
-16.004593
[-0.22689219 -1.         -1.         -1.        ]
-15.642719
[ 0.93089163 -0.76045436  0.78637296 -0.09627835]
-15.0292015
[-0.8998564  -0.23865356  0.14358668 -1.        ]
-14.579673
[ 0.2563755  -0.9404528   0.24953239 -0.65557027]
-14.0489025
[-1.         -1.         -0.66108125 -1.        ]
-13.461462
[ 0.01838416 -1.         -1.         -0.27215517]
-12.724694
[ 1.        1.       -0.396338  1.      ]
-12.077169
[ 0.37867528  1.         -0.05172683  1.        ]
-12.00329
[-0.9677161  1.         1.         1.       ]
-12.318212
[ 0.29757157  1.         -1.         -1.        ]
-12.819187
[-0.11949154 -1.          0.5012435  -1.        ]
-12.863736
[ 0.3904605  -0.3976345   0.64939857 -0.5549945 ]
-12.54884
[0.7206968  1.         0.16445114 1.        ]
-12.128123
[ 1.          0.26141042  0.64240694 -0.02044267]
-12.212104
[ 1.         -0.1226045  -0.14775804  0.04275655]
-12.284441
[-0.5032421   0.40932453 -1.         -1.        ]
-12.403411
[-0.553915   -1.          1.         -0.44400334]
-12.199741
[ 0.74952304 -1.          0.4147336   0.9172995 ]
-11.895302
[-1.         1.         0.7990974  1.       ]
-11.862051
[-1.          0.9417932   0.02654782  0.12245531]
-12.008455
[-1.         -1.          0.48280525  0.77599436]
-12.151666
[-0.735516    0.74765825  0.24114054 -0.30554694]
-12.347115
[ 0.6668234 -1.        -0.734052  -0.7011515]
-12.520819
[ 0.5057086  -0.43879962  0.35704806 -0.459915  ]
-12.461672
[ 1.          0.52055144  1.         -1.        ]
-12.201698
[ 1.        1.       -1.        0.573793]
-11.851692
[-1.          0.02011988  0.10375124 -0.32117513]
-11.839446
[-0.23155987 -0.6694972  -0.29084727  0.2699625 ]
-11.765783
[ 0.75859445  1.         -0.34529904 -0.08763152]
-11.606636
[-0.96060044 -1.          0.3213628  -0.8787861 ]
-11.570338
[-1.         -1.          0.53923094  0.91029876]
-11.24569
[-0.03954393 -0.6581745  -1.         -0.03705859]
-11.253515
[-0.10587835 -1.         -1.          1.        ]
-11.140624
[ 0.43455368 -1.         -0.38748842  1.        ]
-11.269016
[-0.56978816  0.25676233 -1.          1.        ]
-11.452806
[-0.59069866  0.6915596   1.         -0.6769461 ]
-11.878333
[ 0.00818584  1.         -1.          1.        ]
-12.043232
[ 1.          0.52737164 -0.22748606 -0.9465337 ]
-12.515979
[0.42651153 0.14938305 0.12284688 0.05913597]
-12.61515
[0.72611725 0.11851296 1.         0.09617766]
-12.70421
Episode 12: length=50, total_reward=-2.49
[ 0.02161899 -0.4061063   0.9312229   0.09306331]
-25.712212
[ 0.9025872 -0.7785516  1.         1.       ]
-25.683743
[-0.73881596 -0.44312063  0.36933926  1.        ]
-25.261251
[-0.5503644  1.         0.5825859  1.       ]
-24.68686
[-1.         -0.35543367 -0.6805988   1.        ]
-24.265396
[-1.          0.8930648   0.18961892  0.16177519]
-23.863382
[0.22025055 0.4616232  1.         1.        ]
-23.828888
[-0.54310906 -0.04117385  0.44468623  1.        ]
-23.750034
[-0.6016335   0.34650308  0.04592259 -0.955291  ]
-23.657097
[ 0.48950985 -0.28651878 -0.7248892  -1.        ]
-24.081686
[ 0.35175827  1.         -1.          0.24655896]
-24.594145
[-0.42366672 -0.6534528   0.509352   -0.2397747 ]
-24.940088
[ 1.          0.83754987  0.4351678  -1.        ]
-25.419964
[-0.04012023  0.57701546 -0.0437649  -0.380994  ]
-26.00728
[ 1.         -1.          0.11340383  0.32162744]
-26.585636
[1.         1.         1.         0.22407028]
-26.700974
[-0.5376036   0.25458592  0.95132643  0.34905896]
-26.649055
[-1.  1. -1. -1.]
-26.533089
[1.         0.19319418 0.03204515 0.16871701]
-27.001194
[0.26722875 0.2718122  0.49974287 0.89301825]
-27.116516
[-0.9404228   0.97095263 -1.          0.49120736]
-26.89993
[ 1.          1.         -1.          0.08322524]
-26.735443
[ 0.85689545 -0.3150823  -1.          0.92983276]
-26.558395
[-0.13054273  0.48020762  0.382903    0.8252153 ]
-26.006382
[ 0.09866615 -1.         -0.19945085  0.60436827]
-25.418566
[ 0.2639238  -0.367199   -0.39753363  1.        ]
-24.813469
[-0.10757058 -0.10304585 -0.403667    1.        ]
-24.176357
[0.04295269 0.7993678  0.95630014 1.        ]
-23.533457
[-0.44132122 -1.         -0.30900267  0.34704882]
-22.894726
[ 0.40860388 -1.         -0.99577993 -1.        ]
-22.306324
[-1.         -1.          1.         -0.84148216]
-22.12575
[-0.24309108 -1.         -1.         -0.7544684 ]
-22.082153
[-0.95254433 -0.53146416  0.7821561   1.        ]
-22.10804
[ 1.         -0.3878975  -0.1607447   0.46124887]
-21.742462
[-0.38409704 -1.         -0.7079564  -0.1120301 ]
-21.254587
[-0.7908512  1.         0.3167488  0.5017663]
-20.97673
[ 0.78153324 -0.589568    0.68438846 -1.        ]
-20.792309
[ 0.7016961  -1.         -1.         -0.22356579]
-20.82326
[0.66493106 0.28117165 0.6660649  0.4987983 ]
-20.64867
[ 0.68120897 -0.54962915  0.12060818  0.24885426]
-20.399204
[-0.7002572   1.          1.          0.29779077]
-20.089693
[ 1.          0.5552871  -0.4076298  -0.60120404]
-19.8954
[-1.         -0.37862775 -0.8980365   1.        ]
-20.00348
[0.10763206 1.         0.19736068 0.0875911 ]
-19.725956
[ 0.73198605  0.29948908  0.58740234 -1.        ]
-19.613413
[ 0.03775204 -1.         -1.          0.5479957 ]
-19.696077
[-0.9124138   0.36317906  0.8124357   1.        ]
-19.59496
[ 0.11709718  0.17192362  0.48954192 -0.5902168 ]
-19.259132
[ 0.49319446  1.         -1.         -0.48681402]
-19.127974
[ 1.        -0.8371158  0.8545601 -1.       ]
-19.21697
Episode 13: length=50, total_reward=-4.07
[ 0.7264224   1.         -0.9633945   0.05173166]
-28.17802
[ 0.00527845 -1.          0.5363371   0.57035625]
-28.310265
[ 0.5139807  0.6306984 -0.195743  -1.       ]
-28.577217
[-1.          0.4940529  -0.5978677  -0.34489787]
-28.631443
[-0.40166563  0.5946744   0.23956667  0.10650212]
-28.490158
[-1.         1.         1.         0.0735711]
-28.392128
[-0.37690535 -0.5150668  -0.7520908   1.        ]
-28.275505
[ 0.42494926 -1.          1.          0.58692414]
-28.435863
[-0.9481109  -0.3075633   0.82859576 -0.19927225]
-28.674911
[ 0.47147766  0.16738436 -0.44853163  0.04814693]
-28.59694
[-1.         -0.20823216  0.45372245 -0.43298048]
-28.51276
[-1.          0.31195512 -1.          1.        ]
-27.995934
[-1.         -1.         -0.68513775 -1.        ]
-27.769276
[-0.3800563  -1.          0.15747854  0.9633516 ]
-27.092096
[-0.85205466  0.9400847   0.11491118 -1.        ]
-26.754848
[-0.47209847 -0.95269805  0.6136634  -1.        ]
-26.065733
[-1.          1.         -1.          0.27482265]
-25.155535
[ 1.          1.         -0.3461589   0.82980454]
-24.551592
[ 0.14191961 -0.5626384  -0.25866055 -0.9348524 ]
-24.444551
[-1.         -0.31150886 -1.          0.90176016]
-24.079866
[ 0.6148087   0.05202267 -1.          0.33766982]
-23.9042
[-0.24666688 -0.57187617 -0.268817    1.        ]
-23.865013
[-0.00466131 -0.20453666 -0.617121   -0.7749481 ]
-24.021873
[-0.30301607  0.6534921   1.          0.81618017]
-23.81957
[-1.          0.5193255   0.5110194  -0.77379036]
-23.961487
[ 1.          0.92426884 -0.74681574 -1.        ]
-23.744364
[ 1.         -0.0342388   0.26269767 -0.64296293]
-23.421001
[-0.10558167  0.54217666  0.26906604  0.9253955 ]
-23.222198
[-1.         1.        -0.5806786  0.7524434]
-23.490248
[-1.         -0.8166999  -0.06957751 -0.67151207]
-23.805418
[ 0.110874    1.         -0.5834716   0.10712899]
-23.646355
[-1.          0.04934907  0.9517551  -0.38160342]
-23.585558
[-1.         -1.         -1.          0.46331507]
-23.291655
[-0.94218975  1.         -1.         -0.06146302]
-23.046589
[ 0.62372714 -1.          0.94496334  0.7734637 ]
-22.774029
[-1.          1.         -1.         -0.06663544]
-22.74045
[-1.         -0.24638315 -0.9153385   1.        ]
-22.643337
[ 0.6931877  -1.         -0.01597459 -0.29901794]
-22.736988
[ 0.06421015  0.4008899   1.         -0.44603425]
-22.682648
[-1.          0.48190823 -0.70340085  0.3423917 ]
-22.536535
[-0.08957978 -0.72839344 -0.30690438 -0.6088727 ]
-22.42567
[ 0.01921675 -0.39441222  0.7355291  -0.28381255]
-22.073689
[ 8.1529868e-01 -5.7187295e-01  1.0000000e+00  5.2149361e-04]
-21.771927
[ 1.         -1.          0.24269785  0.05620217]
-21.495798
[-1.         -0.8565099   0.83730674 -0.26683185]
-21.298084
[-0.0421723  0.4887131  0.9397862  0.9061868]
-20.972984
[-1.         0.3586401  0.3220177  0.9922549]
-20.978909
[ 1.         -0.61214554  0.5650637   0.81253135]
-21.228514
[0.357252   1.         1.         0.23612846]
-21.498316
[-1.         -0.0350196  -0.41823846 -0.11918931]
-21.600931
Episode 14: length=50, total_reward=-4.66
[ 1.          0.70043814 -1.         -0.18503372]
-11.366413
[ 0.5943072  -1.         -0.6236549  -0.92728204]
-11.254814
[-0.2303369   0.7574618   1.          0.45788535]
-10.844028
[-0.5454341  -1.         -0.54705834  0.74164516]
-10.827768
[ 0.07078513  0.51974154 -1.          0.05983778]
-11.04225
[ 0.33665738  1.         -0.7928561   0.6470995 ]
-11.172169
[ 0.18408269 -0.65255785  0.51550454  0.91688347]
-11.497124
[ 1.          0.47875127  0.5621352  -1.        ]
-11.828783
[-1.          0.5037949   0.39601287  0.293283  ]
-11.686247
[-1.         -0.16822538 -1.          1.        ]
-11.73354
[-0.22509056 -1.          1.         -1.        ]
-12.119263
[-0.4753191   0.05360763 -1.         -1.        ]
-11.979139
[ 1.         -0.67959857  0.426311    0.21618904]
-11.8224125
[ 0.24473871  0.08816949 -0.27703616 -0.5478354 ]
-11.727383
[-0.06853056  0.9345094   0.6576623   1.        ]
-11.521608
[ 0.8299121   1.         -0.29387397 -0.63722676]
-11.771725
[ 0.7184701   1.         -0.63130075 -1.        ]
-11.76194
[ 0.09147512 -0.22996455 -1.         -0.37048477]
-11.547428
[ 0.09278684 -0.90118945  0.25351784  0.04632955]
-11.253641
[-0.949026   -0.32894862  1.         -0.16005938]
-11.093567
[-0.7644373  -0.08685662  1.         -1.        ]
-10.91214
[ 1.          0.39218572 -0.3070335   0.07236793]
-10.606278
[-0.54707295 -0.94119805 -1.         -1.        ]
-10.500735
[-1.0000000e+00  5.6766905e-05 -7.5019622e-01 -4.5040095e-01]
-10.213322
[-0.03262983 -0.6573399  -1.         -0.8399857 ]
-9.859141
[-0.5797669  -0.02898507  0.06243961 -1.        ]
-9.560274
[-0.21382976  0.5989671   0.34789327  1.        ]
-9.167207
[ 1.          0.09389114 -1.         -0.1531238 ]
-9.345483
[1.         0.11713555 0.02304373 0.6788565 ]
-9.562048
[-0.37581322  0.5417042  -0.15433681 -0.21052533]
-9.818018
[ 1.         -1.          0.40242776  0.61898017]
-9.896763
[ 0.07837482  1.          0.5620909  -0.27915868]
-10.104168
[-1.        -1.         0.7086739 -1.       ]
-10.292166
[-0.18877855 -0.07819321  1.          1.        ]
-9.969252
[1.         0.535157   0.43308017 1.        ]
-9.972427
[-0.98701996 -1.         -0.64163935  0.28043595]
-10.309771
[ 0.93542516 -0.9134478  -0.9693906   0.9999806 ]
-10.5036335
[0.9797744  0.12209201 1.         0.33428246]
-10.767544
[-1.         1.         1.        -0.2860694]
-10.90288
[-0.6751113  -0.40049502  1.         -0.84019667]
-11.0020275
[-1.          1.          0.36896753 -0.26161286]
-10.85429
[ 0.07952377  0.22214507  0.26280993 -0.65202725]
-10.79254
[ 1.         0.8878399  0.0721915 -0.9073977]
-10.587582
[-0.68696004  0.16554528  0.968829    0.05858358]
-10.225357
[ 0.9928669  0.7253227 -1.         1.       ]
-9.991521
[ 0.61628     0.55319846 -0.23778068  0.04632979]
-10.148224
[-1.         -1.         -1.          0.47002825]
-10.211538
[-1.         -0.679514   -1.         -0.51351905]
-10.375269
[-0.15694536 -1.         -0.2702723   0.57435715]
-10.373581
[-1.         -1.         -0.36854514 -0.8959516 ]
-10.367621
Episode 15: length=50, total_reward=-2.51
[-0.49624372  1.         -1.          0.6513597 ]
-30.352104
[ 0.33276868  0.6006751   0.50172246 -0.5516462 ]
-30.29154
[0.40889475 0.934415   1.         1.        ]
-30.433601
[ 1.         -0.49701977 -0.95830697  0.83821493]
-30.217312
[-0.54865927  0.88726467 -0.50699866  0.31058702]
-29.69601
[-0.39884782 -0.24961418 -1.         -0.03446536]
-29.212408
[ 0.6527377  -0.39939427 -1.          0.25113925]
-28.981638
[ 0.4978708   0.38031292 -0.6870377   1.        ]
-28.746105
[-1.          0.40101635 -0.0161265  -1.        ]
-28.326397
[ 0.51840997  0.1942997  -1.         -0.35115445]
-28.467894
[-1.         -1.         -0.921755   -0.44388038]
-28.655838
[-0.26815236 -0.61870986 -0.24666639  1.        ]
-28.970673
[-0.5426525  -0.04878016 -0.45101103  0.61588365]
-28.855682
[ 1.         -0.13338886  0.3624442   0.40912956]
-28.717707
[ 1.         -0.21959578 -0.1504302   1.        ]
-28.465557
[-0.25929707  1.          0.34829092  0.7862527 ]
-27.996826
[ 0.07020465 -0.4289215   0.786397    0.692881  ]
-27.538242
[-1.         -0.38809448 -0.5205176   0.7939798 ]
-27.064495
[ 0.53794163 -0.26898807  0.7883301  -0.93815607]
-26.594692
[-0.41929787 -0.36212948  0.8989176   1.        ]
-26.49406
[0.292383 1.       1.       1.      ]
-26.248875
[ 0.74629927  0.25131115 -0.35667005  0.16607825]
-25.93689
[-0.7111504  -0.2858107   0.37392136  1.        ]
-25.656652
[-0.659159   -0.12865396 -1.          0.0957698 ]
-25.33781
[-1.          0.00750941  0.02172608 -0.2609654 ]
-25.143984
[-1.          1.         -1.         -0.10738618]
-25.279043
[1.         0.42659318 1.         0.20474915]
-25.557173
[ 0.27772257 -1.          0.44050047 -1.        ]
-25.742159
[-0.52372694 -1.          0.9066671   0.19350635]
-26.111593
[ 1.          1.         -0.18680364 -0.10934311]
-26.418343
[-0.07537071  0.54857284 -1.         -0.86896044]
-26.596413
[-0.98128533 -0.28617054 -0.36576712 -1.        ]
-26.948505
[ 0.79295427  0.73561704 -1.         -0.37558615]
-27.434795
[ 0.44341624  0.08125772  1.         -0.45444867]
-27.755497
[ 0.1631266  -0.16053233 -0.98986995  1.        ]
-27.843727
[ 0.07411348 -0.02818808  0.10269923  1.        ]
-27.594437
[1.         0.12896365 0.6068753  0.38563377]
-27.168549
[-0.07995939  0.55680764  0.8109197   0.71536654]
-26.73255
[-0.91587627 -0.19131349  0.11567998 -0.16043091]
-26.38227
[-0.39499316  0.06251512  1.          0.6374907 ]
-26.159397
[ 0.10870899 -1.          0.39506108  1.        ]
-26.035877
[ 0.05622248 -0.19687003 -0.39228368  1.        ]
-25.558773
[-0.3931014  -0.4915521   0.19661959  0.40174598]
-25.08612
[ 0.34367523 -1.          0.12896591  1.        ]
-24.668293
[0.13726155 0.75506914 1.         0.02957772]
-24.024763
[0.32052082 0.56065947 0.41009825 0.17313924]
-23.710777
[ 1.         -0.49592695 -0.25377655  1.        ]
-23.426159
[-0.49206272  0.52917427 -0.6543611  -0.8027539 ]
-22.908188
[ 0.3146091  -1.          0.16291754  0.18894634]
-22.951927
[ 1.         -0.64936996 -0.73735744 -0.96706396]
-22.85469
Episode 16: length=50, total_reward=-4.25
[-0.0244145   1.          0.6412252  -0.06138217]
-6.93174
[-0.2515165  -0.98144203 -0.09185997 -0.7890045 ]
-6.9280596
[ 0.17634016 -1.         -0.7109743  -0.59020925]
-6.5225863
[-0.6983245 -1.        -1.        -0.1767084]
-6.093233
[ 0.08038449  1.          1.         -1.        ]
-5.8067284
[-1.         -1.          0.64385366 -1.        ]
-5.4071884
[ 1.          0.3687415  -1.         -0.08601578]
-5.002907
[ 0.18854858 -1.          0.11774642 -1.        ]
-4.7402472
[ 1.         -0.48712015  0.03107261 -1.        ]
-4.288666
[0.7759283  0.81251466 0.1059161  1.        ]
-3.670034
[ 0.8868401   0.1775029   0.5635953  -0.04181157]
-3.6091657
[-0.49038333 -0.0352322   0.7607535   0.526706  ]
-3.5362556
[-1.         -0.34840724 -0.982963    1.        ]
-3.4729717
[-1.         -0.39561224 -0.437439    1.        ]
-3.7020416
[ 0.63829154 -1.          1.         -0.56972295]
-4.2244477
[0.77294594 1.         1.         0.23376468]
-4.2993526
[-0.25528538  1.         -0.5318794   0.4424043 ]
-4.4133406
[-0.3062325  -0.02367683 -1.          0.03978749]
-4.683011
[ 1.         -0.42506376 -1.         -1.        ]
-4.9469624
[-0.09999116 -0.35599244  0.76988935 -0.02768865]
-4.751864
[ 0.0821681   1.         -0.64899987 -0.5844176 ]
-4.629897
[-0.09766144  0.6446039  -1.         -0.34233117]
-4.402098
[ 0.8406519   0.44099355  0.0780165  -0.35854155]
-4.28794
[-1.         -0.28114703 -0.09922302  1.        ]
-4.0372705
[ 0.00343402  0.7670331  -0.39667106  0.39939487]
-4.2279406
[ 0.08616095  1.         -0.7723606  -0.09573679]
-4.457331
[-0.0936481  -0.08851895 -0.17965832  0.91090524]
-4.617174
[ 0.32394433  1.         -1.          0.68675715]
-4.964322
[ 0.2607853  -0.17816772 -1.          0.23804973]
-5.3715677
[ 1.         -0.4462752  -0.5473096   0.79037565]
-5.6306896
[ 0.7041111   0.13088492 -1.          1.        ]
-5.8810034
[-0.46195036 -1.          0.30534363 -0.4176052 ]
-6.1735206
[ 1.         -0.19086847 -0.9791726   0.7846726 ]
-6.208268
[ 0.03040451 -0.6249229   1.         -0.9675581 ]
-6.2261925
[-0.41697004  0.12619522  0.4762955  -0.14928845]
-5.852282
[ 0.5300236   0.09292027 -0.5256771   0.5539659 ]
-5.500081
[-0.97006416  1.          0.33349872 -0.35078815]
-5.344667
[ 0.85841036  0.00599323 -0.21829025 -0.2900257 ]
-5.151187
[-1.          1.          1.         -0.23640078]
-4.856877
[-1.          1.         -0.03494108 -0.70377314]
-4.694627
[-0.43241665 -0.19348733  1.         -0.22669536]
-4.6745424
[-0.15812786  0.9218166   1.         -1.        ]
-4.65337
[0.11623032 1.         0.7321619  1.        ]
-4.6051555
[-0.08098687 -1.          0.25012892  0.44553608]
-4.9294224
[ 1.         -0.08846482 -0.43346652 -1.        ]
-5.318819
[-1.          1.         -1.          0.25355288]
-5.093421
[-0.7041058   0.30076632 -0.425068   -0.16840623]
-5.233381
[-0.4622151  1.         0.5598348  0.9255523]
-5.3348856
[ 0.6332944 -0.7737091 -0.7607167 -1.       ]
-5.92308
[-0.21479517  0.05592693 -1.          0.72418576]
-5.9299426
Episode 17: length=50, total_reward=-2.20
[ 0.38915026 -1.         -0.1801896  -0.78415525]
-19.205019
[ 0.03991148 -0.74048764  1.         -0.18947834]
-18.975273
[-0.9285241  -0.5594089  -0.85055685  1.        ]
-18.730452
[0.30852187 0.07467519 0.42653722 0.5287485 ]
-18.80288
[ 0.7210372  -0.8105392  -1.         -0.74506193]
-18.89248
[ 0.9513692   0.4188685  -0.27840674  1.        ]
-18.691307
[-0.4534815   0.96515536  1.          0.98204654]
-18.926655
[ 1.         -0.24720299 -0.4982726  -0.48772532]
-19.391844
[-0.54249424 -0.92241406 -0.9926553   1.        ]
-19.631409
[0.89117867 0.0289287  1.         0.38165686]
-19.985321
[-0.04707207  0.54473466 -1.          0.27788177]
-20.246286
[0.8800208  1.         0.09250879 1.        ]
-20.568165
[ 1.          0.73291194  0.76789314 -0.05847444]
-21.298012
[-1.          0.81089723 -0.7896648   1.        ]
-22.043945
[ 1.         0.5593093 -1.         1.       ]
-22.76522
[-0.86597896 -0.43133003  1.          1.        ]
-23.793447
[ 0.90308666 -1.          1.          0.6569367 ]
-24.666672
[-0.07873444  0.96554595 -1.         -1.        ]
-25.562801
[0.7906602  0.34740287 1.         0.7314924 ]
-26.039753
[-1.        -1.        -0.3512788 -0.644259 ]
-26.702248
[-0.13793862 -1.         -0.24658225  0.00700734]
-26.948889
[-1.          0.18694104 -0.40239874  0.00284269]
-27.035038
[ 1.        -0.8116887  0.4639247 -0.7758227]
-26.974854
[ 0.7631053   0.5982638  -1.          0.53406894]
-26.747204
[-1.          0.60177076 -0.3003176   1.        ]
-27.149477
[ 1.         -0.49816117  1.          1.        ]
-27.668428
[ 0.4162797  1.        -0.4156557  1.       ]
-28.517122
[ 0.48316932 -0.03148375  0.89820343  0.9655189 ]
-29.54155
[0.23134863 0.16977227 0.3268369  1.        ]
-30.685312
[-0.25915772 -1.          1.         -1.        ]
-30.953373
[-0.2765628   0.06830148  0.6112793  -0.62320477]
-30.356415
[ 0.24589111  0.71985716  1.         -1.        ]
-30.099203
[0.6939154  0.3740225  0.57633775 1.        ]
-29.96665
[ 0.1299946  -0.5316482  -0.6390068  -0.12317515]
-29.26321
[ 0.62944597  0.37269875 -1.          0.49472493]
-28.71237
[0.06576793 0.16114171 1.         1.        ]
-27.822147
[ 0.69444305 -0.1784191  -0.03027903 -0.3456243 ]
-26.866838
[-0.87581843  1.          0.43769792  0.58635485]
-25.985384
[-1.         -0.9842409  -0.58280486  0.6203538 ]
-25.349062
[ 1.         -0.28729594  0.36530343  0.5877184 ]
-24.757492
[ 0.654975    1.         -0.32950345 -1.        ]
-24.010515
[ 0.08193146 -0.60798806 -0.7592277   1.        ]
-23.697796
[ 1.          0.75497764 -0.11174189  0.32406437]
-23.07828
[-0.71548885 -0.6190597  -1.          0.09150321]
-22.360697
[-0.05172297 -0.1999342   1.          0.5334891 ]
-21.737537
[ 0.7553984  -0.67171174 -1.         -0.12764044]
-21.007061
[ 0.78328127  1.         -0.998618   -0.70421785]
-20.32957
[0.7392543  1.         0.883343   0.15839776]
-20.20195
[-0.8129113 -0.6283294 -1.         0.1794863]
-20.053066
[ 1.         -0.23434064  0.5165009  -0.7449536 ]
-19.76282
Episode 18: length=50, total_reward=-4.32
[-1.         -1.          0.67921674  0.86564726]
-18.69109
[-0.18098868  0.52649564 -0.49837393 -0.59351444]
-18.379711
[-1.          1.         -0.18304536  0.6935318 ]
-18.53339
[-1.          0.32575846  0.5812034   0.7540735 ]
-18.755993
[-0.9847106  0.8605999 -1.         0.2759782]
-18.975586
[-0.8212508   0.2411623  -0.8080896   0.49275744]
-19.521206
[-1.         0.6479531  1.        -0.6309435]
-20.324207
[ 1.        -0.9140395 -0.2581726 -1.       ]
-21.773132
[ 0.7135013 -0.8477136  1.         1.       ]
-23.067913
[-0.76263964 -0.73414314  0.13029557  0.40751964]
-23.539457
[-0.3068331 -0.8367268 -0.8354889  1.       ]
-24.003382
[0.23359172 1.         0.49140152 0.41074675]
-24.33629
[-0.17847899 -0.8024422   0.931493   -0.44447792]
-25.09283
[-1.         -0.52820307  1.         -0.7132512 ]
-26.134874
[ 1.         -1.         -0.22211237 -0.18509373]
-28.159317
[-0.8692321  -0.1476557  -0.27604786  0.18473323]
-29.590706
[-0.47541124 -0.97465837 -0.99642134  0.3821849 ]
-30.68012
[ 0.98171383  0.27209842 -0.4045625  -0.31044084]
-26.734402
[0.52361387 0.3077196  1.         0.2996598 ]
-23.73931
[-1.         -0.10000136  0.72826755 -1.        ]
-21.826408
[ 0.53047234 -0.10262327 -0.53420067  1.        ]
-19.170816
[ 0.25926128 -0.0111692  -0.91049176  1.        ]
-17.788752
[-0.6613004 -1.        -0.8644058 -0.8919378]
-17.068684
[-0.32595465  0.52229     0.7490784   0.3537213 ]
-15.644299
[-0.44133538 -1.          1.          0.59836066]
-15.063984
[-0.04545122  0.02894747  0.62737304 -1.        ]
-14.466478
[ 1.         -0.11624674  0.70084876  0.05421429]
-13.806583
[-0.6925096  0.5570398 -1.         1.       ]
-13.319141
[-0.6571533  -0.48040372 -0.02831237 -0.47316337]
-13.645516
[-0.35904062  0.00571194  0.5945296   0.5750737 ]
-13.561518
[-1.          1.         -0.40396598  0.00533334]
-13.576313
[-0.6476034  -0.9551152  -1.          0.65364724]
-13.843277
[ 0.4129731 -1.         0.7184103  1.       ]
-13.95509
[ 1.         0.0063086 -1.        -1.       ]
-13.931276
[-0.6690065  -1.          0.26660094  0.9354008 ]
-13.607128
[ 0.15895015  0.70138115 -0.5227738  -1.        ]
-13.38187
[-0.51216656 -0.765405    1.         -1.        ]
-12.954872
[-1.          1.         -0.36629692  1.        ]
-12.370842
[-0.40869105 -0.49292335  0.07272717  0.56095016]
-12.601358
[-1.          0.34942037  0.16421361 -1.        ]
-12.803581
[ 1.          0.81871897  0.51596904 -0.8663176 ]
-12.753836
[ 1.         -0.35529813  0.26387325  0.5323152 ]
-12.516573
[ 0.09467305  1.         -1.         -1.        ]
-12.507418
[ 0.9086814   1.         -0.92386097 -0.37462142]
-12.249783
[-0.9579173   0.31378746 -0.46804774 -0.4138589 ]
-12.108753
[-0.98827064  0.92592585  0.4690061   0.5338172 ]
-12.083347
[ 1.         -0.3942338  -0.7633093   0.15430823]
-12.487299
[-1.         1.         0.6869284  1.       ]
-12.825573
[ 0.8793271  -0.13170815 -0.01896497 -0.9313992 ]
-13.562262
[1.         0.80131656 1.         0.86090857]
-13.782261
Episode 19: length=50, total_reward=-2.63
[-0.33147064 -0.6539137   0.96942765 -1.        ]
-20.297054
[ 0.92755574  1.         -1.         -0.24357386]
-20.014057
[-0.4360574  -0.45875362  0.3084757   0.97132236]
-19.827925
[ 0.4084953  -0.97040004 -0.92323524  0.11808313]
-19.897192
[-0.72542864 -0.8464432  -0.05589114  0.44815734]
-19.875935
[ 1.         -0.5824348   0.59103227  0.7745516 ]
-19.91344
[ 0.67641574  1.          0.06650906 -1.        ]
-20.016802
[-1.         -0.23710053 -0.45828772  0.37080655]
-19.822887
[-1.         -0.45139524 -0.4942697   0.6167189 ]
-19.766214
[ 0.6785862 -1.         1.         0.3470509]
-19.748165
[ 1. -1. -1. -1.]
-19.775599
[ 0.02042647 -1.         -1.          0.43831956]
-19.517897
[-0.10535781  0.24361639  1.         -0.42542738]
-19.230726
[1.         0.3845169  1.         0.46615857]
-18.960665
[ 0.08697832  0.0356654  -1.          1.        ]
-19.076597
[ 0.77348626  1.         -0.5464237  -0.03188133]
-19.46233
[ 1.        -0.4665943  0.8749568  0.6139666]
-19.822086
[ 0.66453946  1.          1.         -1.        ]
-20.250488
[ 0.41407213 -0.40522653 -0.15517896  0.00217117]
-20.507568
[-0.1043096  0.3600618 -1.        -1.       ]
-20.802406
[ 0.60086054  0.5218023  -0.3641649  -0.03038742]
-20.823708
[-1.        -1.         1.         0.9576283]
-21.077072
[-0.54790735  0.18838939  0.25875843  0.81831604]
-21.496763
[-0.46722284  0.8182773  -0.41727424 -1.        ]
-21.990812
[0.48818377 0.41830987 0.9371678  1.        ]
-22.181597
[-1.         -0.0501425  -1.          0.07402073]
-22.70108
[-0.7764327  -0.16655305 -1.          1.        ]
-23.006456
[ 0.22142039 -1.         -1.         -0.25279096]
-23.373337
[-1.          0.19470501 -1.          0.68409663]
-23.446886
[ 0.09703651  0.24329379 -1.         -0.7179914 ]
-23.497421
[-0.05702619 -1.         -0.13276151 -0.06870355]
-23.248558
[-0.16198389  0.37979499  0.17981414  0.70719904]
-22.920809
[-0.18208805  0.00168075  1.         -1.        ]
-22.818583
[-0.78584915  0.5461687  -0.09017287  0.12275983]
-22.313776
[-0.37923646  0.52371997  1.          0.1865483 ]
-21.939058
[0.73204607 0.06664547 0.05215779 1.        ]
-21.580637
[-0.6391637  -1.          0.55944324 -0.6474855 ]
-21.591934
[-0.63567835 -0.9206487  -0.5672979   0.80639887]
-21.166138
[ 0.6436692  1.        -1.         1.       ]
-21.011387
[ 0.6093873   1.         -0.96307915 -0.8970399 ]
-21.283508
[-1.          0.23981665 -0.1614249   1.        ]
-21.305761
[-0.5128461   0.37627468 -0.1756991   0.83878815]
-21.511724
[-1.         0.1886368  1.         1.       ]
-21.851213
[-1.         -0.73885405  0.28912854  0.27618098]
-22.275755
[ 1.         -0.88976675 -1.         -0.74809986]
-22.476292
[-1.         -0.10147336 -0.5760791  -1.        ]
-22.469938
[ 0.04866833 -0.8369959   0.8970186  -0.65239155]
-22.111137
[-0.1442428  -1.          0.75543725 -0.9396737 ]
-21.648691
[-1.         1.         1.         0.7067693]
-20.981766
[ 1.         -0.84299886  1.         -0.52946925]
-20.72971
Episode 20: length=50, total_reward=-3.39
[-0.3708467   1.          0.33863166 -0.8534184 ]
-24.324028
[ 1.         -0.24817453  0.46969137 -0.29482034]
-24.057196
[-0.33221096  0.8225065  -0.93495995 -0.5577737 ]
-23.883675
[-0.62733793 -1.          0.08263013  1.        ]
-23.709404
[ 0.07531612 -0.3652753  -0.59382117  0.29981706]
-23.75427
[-0.69435114 -0.13774443  1.         -0.8542444 ]
-23.797178
[-0.488286    1.         -0.87469596 -0.6263898 ]
-23.47815
[ 1.         -0.8234729  -1.         -0.00513368]
-23.268314
[-1.          1.         -0.17667843 -0.5287716 ]
-23.167587
[-0.55769044  0.06889418 -0.07325093 -0.4383576 ]
-22.936584
[ 0.87792176  1.         -1.          1.        ]
-22.713646
[-0.15677461 -1.         -0.9691521  -0.1630143 ]
-22.945356
[-0.9981878  -0.76694655  1.          0.4809769 ]
-22.951155
[-0.6152011   0.8273489   0.7495965   0.20222151]
-22.98597
[ 1.          1.         -0.31262738 -0.3041564 ]
-23.051817
[ 0.05292121 -1.         -0.87341267 -1.        ]
-23.07449
[-0.29199493  0.5049933   0.18373755 -0.05852849]
-22.745842
[ 0.78307664  1.          0.5810249  -1.        ]
-22.542072
[ 1.         -0.15543906 -1.          1.        ]
-22.244146
[-0.23820807 -1.          1.         -0.93092227]
-22.36346
[-1.         -0.41905233 -0.6918292   1.        ]
-22.159395
[ 0.112687    0.38690048 -1.          1.        ]
-22.221264
[ 0.76292986  0.9542961  -0.84537226 -1.        ]
-22.585527
[ 1.          1.         -0.4530312  -0.41800675]
-22.554777
[ 0.02489668 -0.4182507   0.6459021  -1.        ]
-22.588045
[ 1.         -0.56692296  0.18723913  1.        ]
-22.477764
[-0.90366423  0.8198212   0.0918301   0.32552168]
-22.612028
[-0.4976063   0.19040886  1.          0.5150251 ]
-22.766747
[-0.7759899  -0.43258765  0.4423846  -0.33702114]
-22.934639
[ 0.05460326  0.8867964  -1.          0.97762376]
-22.985054
[ 0.7381093 -0.6780046  0.6708655 -1.       ]
-23.365393
[ 0.34650105  0.92593193 -0.16512506 -0.20380631]
-23.454609
[-0.8585431   1.          0.60472906  0.6773642 ]
-23.507229
[-0.7681055   0.35643804  1.          0.34897897]
-23.794748
[-0.5484823  -0.08398578  0.95152146 -0.65286636]
-23.945782
[-1.          0.9897306   0.95539504 -0.70451814]
-23.757488
[0.40097833 0.70624924 1.         1.        ]
-23.42662
[-0.02662145 -0.71328187  1.          0.3527848 ]
-23.440409
[0.81297636 0.97750443 1.         0.7573821 ]
-23.523771
[-0.18981712 -0.4293228   0.44690904  0.1081706 ]
-23.866148
[ 1.         -0.00426491  1.          0.36780253]
-24.002403
[ 1.  1.  1. -1.]
-24.277702
[-0.04174364  0.44487584 -0.6505063  -0.3557529 ]
-24.316372
[-1.         -0.41359913  0.5042282   0.74496496]
-24.309994
[-0.01381029  0.17985606 -1.         -0.3861706 ]
-24.504185
[-0.49621126  0.0806482  -0.39393076 -0.96560776]
-24.472137
[-0.00933212 -0.7709881  -0.80916363 -0.22815117]
-24.24725
[ 0.40378135  1.         -0.5256351   0.43453586]
-24.086071
[ 0.73551905 -0.11771065  1.         -0.6825034 ]
-24.23129
[-1.          1.          0.58196    -0.47055724]
-24.142998
Episode 21: length=50, total_reward=-4.99
[ 1.         -1.         -0.27165866 -0.5521959 ]
-13.234871
[-0.27857703 -1.          1.         -1.        ]
-12.8574095
[ 0.6041029  -1.         -0.7217376  -0.01863907]
-12.285342
[ 0.79168767 -0.8622145  -1.          0.39917418]
-11.849157
[-0.47172073 -1.          1.          1.        ]
-11.577092
[ 0.24454947  0.04683464 -0.36133063 -0.40561077]
-11.5821
[-1.          0.8409503   0.4707795  -0.01410247]
-11.429344
[-1.         -0.5050137   0.02487011  0.32004252]
-11.487905
[ 1.        -1.        -0.5904601 -0.3113918]
-11.552843
[-0.22549605 -0.58220947  0.32018676  0.2529113 ]
-11.27571
[-0.96971 -1.       1.       1.     ]
-11.079418
[-0.9828758  -0.6592229   0.05554054 -1.        ]
-11.14512
[-0.7795865 -1.        -1.        -1.       ]
-10.926295
[-0.7245818  -0.04261567  1.          1.        ]
-10.465471
[ 0.37475917 -0.56082356  0.42770568 -1.        ]
-10.58591
[ 0.23365903 -0.54494154 -0.4603472   0.1047911 ]
-10.325348
[-0.5886697  -0.7504177   0.32103157 -1.        ]
-10.186149
[ 0.4435373 -1.         1.        -1.       ]
-9.802881
[-0.25860062 -1.          1.          1.        ]
-9.172295
[-1.         -0.8821017   0.3757619   0.83153045]
-8.977141
[-1.          0.6100438   0.09110176 -1.        ]
-9.075473
[ 0.66517806 -1.         -1.          0.5595954 ]
-8.792626
[ 0.28437042 -1.          1.         -0.4323243 ]
-8.842471
[-1.         0.3875171 -0.2187056  1.       ]
-8.779301
[-1.         -1.          0.58975923 -0.06893127]
-9.015673
[ 0.8808511  -1.         -0.33913308 -0.06253885]
-9.194555
[ 0.72157764 -1.         -0.6205589   0.4469929 ]
-9.260139
[-0.20555681  1.         -0.702308    1.        ]
-9.30118
[-0.20642117  1.         -0.5535707  -0.90731174]
-9.467136
[-0.5174412  -0.12479836  0.49460977  0.2752452 ]
-9.441668
[ 0.60766083 -0.18752559 -1.         -0.99343127]
-9.466059
[ 0.34572542  0.4378717   0.14757825 -0.16177854]
-9.108056
[ 0.3207275   0.04398629 -0.01115041  0.20108572]
-8.80417
[ 0.41173226  1.          0.22815564 -0.6250232 ]
-8.665864
[-0.7204135   0.7578928   1.          0.21144493]
-8.403423
[-0.3071807  -0.78667736  0.06551699 -0.51933545]
-8.311905
[0.17756253 0.5279224  0.54653496 0.44144723]
-8.170694
[ 1.        1.       -1.       -0.568828]
-8.300895
[0.68605983 0.7369873  0.5807147  1.        ]
-8.322133
[ 0.8520785   0.5971486  -0.17518586  0.02775336]
-8.711446
[ 0.11745024 -1.          0.13605195  0.75597787]
-8.963239
[ 1.          1.         -0.38131884  0.7240114 ]
-9.267843
[0.02623331 0.07579143 0.4073823  0.61071926]
-9.5967865
[ 0.97379196 -1.         -1.          0.15366592]
-9.90329
[ 0.4852867 -0.259091   0.6957548  1.       ]
-10.113505
[1.        1.        0.6872727 0.73334  ]
-10.409268
[-0.06652213 -0.6496337  -0.16339803 -0.9809594 ]
-10.788979
[-0.48829213 -1.         -1.         -0.56192595]
-10.489349
[ 1.         -1.         -1.          0.96916324]
-10.091549
[0.40022546 1.         0.45614308 0.92202187]
-10.050943
Episode 22: length=50, total_reward=-3.63
[-0.5918487   0.85930103 -0.4691383  -1.        ]
-29.189241
[-1.         -1.          0.513505   -0.78612036]
-28.88871
[-0.6841383  -0.9596257   0.12708564 -0.42046848]
-28.473244
[-0.37744647 -1.          0.22863771  0.17644733]
-27.948132
[-1.         -1.          1.         -0.34842286]
-27.611467
[ 1.          0.41259226  1.         -0.18593147]
-27.064034
[-0.89361954 -0.3182694   0.2873833   1.        ]
-26.602493
[-0.28027174  0.04317696  0.8474753  -0.25203604]
-26.412128
[ 0.8553211  1.         1.        -1.       ]
-25.98074
[-0.37916604 -1.         -0.12052172 -0.70012474]
-25.49437
[-1.          0.32409886 -0.3444575  -1.        ]
-24.849112
[-0.40894684  0.19108535 -0.5204257   0.62465143]
-23.999123
[ 0.5075494  -0.6324571   0.7830335  -0.74770993]
-23.558868
[ 0.08698023  0.5923869  -0.23324215  1.        ]
-22.83498
[-0.7500917  -0.03626207  0.48464137  0.29880852]
-22.669441
[-0.6177121   0.4995427  -0.23156989  1.        ]
-22.518644
[ 0.47097448 -1.         -0.31042427 -1.        ]
-22.522327
[ 0.60786873 -0.8897079   0.7159632   1.        ]
-22.111427
[ 0.9079093  -0.19467057 -0.8898119  -0.0192032 ]
-22.055513
[-1.         -0.5712226  -1.          0.82476884]
-22.13279
[ 0.38861826  0.06861789  0.6398742  -0.64925635]
-22.247215
[-1.        -1.        -0.0424553  1.       ]
-22.196548
[ 0.30826542 -1.          0.6428694   0.2646963 ]
-22.274807
[-1.          0.16413087  1.          0.38485974]
-22.305624
[ 0.9316578   0.8843224   0.29255787 -0.4146186 ]
-22.28648
[-0.63241124  0.27243784  0.07773031 -0.00281533]
-22.282532
[ 1.          0.38253352 -1.          0.16620803]
-22.186605
[ 0.85780627 -0.74479824  1.         -1.        ]
-22.223341
[ 1.          0.56860816 -0.96894556  1.        ]
-22.009197
[ 0.9123869   0.78692853 -0.4494566  -0.11336441]
-22.208633
[ 1.         -1.         -0.92378324 -0.10056458]
-22.474606
[1.         0.61259025 0.09293077 0.26382962]
-22.702656
[-0.32942852  1.          1.          0.5806599 ]
-23.161314
[-0.666571   -0.21139437 -1.          1.        ]
-23.72062
[-1.          1.          0.3486087  -0.11113611]
-24.36602
[ 0.8745929  -0.42336857 -1.          0.4027538 ]
-24.700174
[ 0.26321143  1.         -0.33154765  1.        ]
-25.099083
[-1.        -1.         1.         0.7681973]
-25.797739
[-0.34415227  0.42468438 -0.5634507  -0.469999  ]
-26.351568
[-0.53320533  0.37475854 -0.6146357  -1.        ]
-26.503763
[-1.         -0.7754629  -1.         -0.19273567]
-26.279968
[-0.37577718 -0.4606562  -1.         -0.15841879]
-25.92577
[ 0.82598704 -0.9937533  -0.84043485 -0.55677134]
-25.55069
[ 0.25733298  0.4614534  -0.22856326 -0.30211994]
-25.144434
[-0.43177757 -1.         -1.          0.00900909]
-24.86228
[-0.6652459  0.7045525  1.         1.       ]
-24.523859
[ 0.9718664  -0.04105824  0.39138338  1.        ]
-24.617973
[-0.05149662  0.38029385 -0.6918657  -1.        ]
-24.940475
[-1.         -0.869485    0.13002321 -0.28973663]
-24.750439
[-0.35228404  0.9198048  -1.         -0.34206182]
-24.35503
Episode 23: length=50, total_reward=-4.17
[ 1.         -0.10975357 -0.73230773 -1.        ]
-15.890278
[ 0.35408065 -1.          1.         -1.        ]
-15.660907
[-1.         -1.          0.11916066 -1.        ]
-15.165909
[-0.9802361  -0.8598861  -0.8381161  -0.08410958]
-14.552284
[ 0.81618863  0.99479437 -0.7767214  -1.        ]
-14.072121
[0.5262792  0.00337742 1.         0.986311  ]
-13.572996
[-0.37247992 -0.29546925 -1.          0.48034656]
-13.409273
[-0.03360786 -1.          0.05552042  0.99252194]
-13.442963
[ 1.         -1.          1.          0.33191678]
-13.5791855
[ 1.         -0.5752456  -0.11530027 -1.        ]
-13.590839
[-0.25472692 -0.2049324  -1.         -1.        ]
-13.125611
[-1.          0.85432315 -1.         -0.3541868 ]
-12.522133
[-1.         -0.01619064  0.08752522  0.05026358]
-12.146483
[1.         0.02144589 0.17696054 0.39269367]
-11.991756
[-0.82452637  0.49333626  0.4485591   0.08725391]
-11.970036
[-1.         -1.          1.         -0.17376725]
-12.038229
[ 1.         -1.         -1.         -0.07408522]
-11.96697
[ 1.          0.16949704  1.         -1.        ]
-11.764
[ 0.5743064  -1.          0.28490236 -0.84167385]
-11.360424
[-0.06082108  0.30201256  0.28491798 -1.        ]
-10.799501
[-1.         0.6051183  1.         1.       ]
-10.144632
[-0.05028801 -1.          1.         -1.        ]
-10.150861
[ 0.19321728 -0.55085784  0.3699501   1.        ]
-9.679602
[-1.         -0.41956547  1.          0.4122073 ]
-9.45773
[ 0.8742372   1.          0.6193567  -0.65475476]
-9.470481
[ 0.05297782  1.         -0.69729286  0.88738525]
-9.225815
[ 0.29170704 -0.28614613 -1.         -0.14881976]
-9.355992
[ 0.19260621  0.01189339  1.         -1.        ]
-9.379224
[-1.          1.          0.00364504 -1.        ]
-9.023122
[-0.84944373 -0.197827   -1.          0.06097681]
-8.681916
[ 0.22343427 -1.         -0.37796563 -1.        ]
-8.781251
[-1.        -1.         0.0183365 -0.3377333]
-8.591299
[ 0.6400244  -0.38027444 -1.         -1.        ]
-8.546008
[ 0.26905566 -0.6698154  -0.35833067  0.34342748]
-8.174762
[-0.04006967 -1.          0.64925224  0.7150272 ]
-8.055715
[ 0.00665982  1.          0.4887996  -1.        ]
-8.163251
[-1.          0.41754788  0.4254973   0.15142977]
-8.026599
[ 0.16494669 -0.7057944  -1.         -0.87086934]
-8.059158
[0.4091306  1.         0.50410426 0.67376494]
-7.895503
[ 1.          1.         -0.7443627  -0.91117626]
-8.012575
[-1.          0.58791894 -1.          1.        ]
-7.8111596
[-0.82263166  0.40452403  0.53573036 -1.        ]
-7.9339027
[ 0.709116    1.         -0.67690617  0.40945324]
-7.8128815
[ 1.         -0.9748732   0.8653606  -0.37044057]
-7.919912
[ 0.3088216  -0.9955805   0.7566034   0.16500963]
-7.785291
[ 0.51642805  1.         -0.16403037 -1.        ]
-7.7421374
[-0.18944806 -0.09215692 -0.3050346  -0.761912  ]
-7.45512
[ 0.6165632  -0.889223    0.10392821  0.17153314]
-7.1348763
[ 1.         -0.488544   -0.4698911  -0.05946288]
-6.9478803
[-0.36985582 -1.          1.         -1.        ]
-6.7523866
Episode 24: length=50, total_reward=-2.39
[ 0.572293    0.4559184  -0.8253326  -0.70797473]
-15.299825
[-1.          0.33293796  1.         -0.8005626 ]
-15.53142
[-0.43689317  0.6488701  -1.          0.58243084]
-15.959076
[-0.36954513 -0.04295727 -1.         -1.        ]
-16.194107
[-0.4188179   1.          0.03207667 -0.13005945]
-16.749338
[0.53021157 0.24807985 0.2563985  0.641214  ]
-17.309927
[-1.        -1.         0.8442896  1.       ]
-17.602734
[-0.10008614  0.24811763 -1.          0.5944516 ]
-17.376608
[ 1.         -0.23540539 -1.         -1.        ]
-17.21269
[ 0.32025778  0.12889986 -0.32555944  1.        ]
-17.39334
[-1.          1.          1.         -0.21245804]
-17.32476
[-0.14828996  1.          1.         -0.74236554]
-17.575863
[-0.85210055 -0.17919244  0.71855724 -1.        ]
-18.199247
[-1.  1. -1. -1.]
-19.063562
[1.         0.41477165 0.22511114 1.        ]
-20.30481
[ 0.42274228  1.         -0.13916609  0.18182509]
-20.995811
[ 0.6279688   0.63075066 -0.36954805  0.2941464 ]
-21.703377
[ 0.42587477  0.40941125 -0.07934301  0.02943601]
-22.10442
[0.8106098  0.32775426 0.9217077  0.5766161 ]
-22.371574
[-0.3640806  -0.20486403  0.10263481 -0.8341662 ]
-22.378197
[-0.3586596  -1.          0.03796361 -1.        ]
-22.721338
[ 0.18214972 -0.6967032  -0.10160921  0.486033  ]
-23.174875
[ 0.20084321 -1.         -0.24122792  0.722743  ]
-23.135986
[ 0.3836348   1.          0.9479287  -0.60104936]
-22.63765
[ 1.          1.          0.5915462  -0.66452783]
-22.385902
[-0.3854084  -0.329756   -1.         -0.50953746]
-22.374563
[-0.0584479   0.27476195 -0.5931243   0.20307867]
-22.482353
[ 0.06902613  0.4879639  -0.38831437 -0.7268519 ]
-22.52284
[0.5094377  0.6210153  0.91164976 0.41265422]
-22.841835
[-0.46660006 -0.602289   -1.          1.        ]
-22.910198
[ 0.5349784   0.3986744   1.         -0.21803226]
-22.668137
[-1.          1.          0.01855578  0.8771897 ]
-22.528791
[-0.01062104 -1.         -0.46107736  1.        ]
-22.54274
[-0.34439108  1.         -0.37569046  0.12185258]
-22.078962
[-0.30906588  0.42655954  0.12819153 -0.8886793 ]
-22.071285
[-0.9793159   0.3691277  -0.47958568  0.26072752]
-22.439293
[ 1.         -1.          0.2000162   0.14077044]
-22.715368
[-0.06797183  1.          1.          1.        ]
-22.635403
[ 0.0555496   0.35448146  0.5828859  -1.        ]
-22.472557
[-0.8362465  -1.          0.06106523 -0.10076804]
-22.848776
[ 0.5862976 -1.         0.5134918 -1.       ]
-23.171768
[ 0.9966139   0.90783554 -0.10086715 -1.        ]
-23.507566
[-0.18757088  0.06389748 -1.         -0.98024666]
-23.91642
[-0.45309892 -0.04469314 -0.2781129  -1.        ]
-24.446995
[-1.         -0.6065641   0.49560037 -0.31641048]
-25.113865
[ 0.3798255   1.         -0.40074486  0.28149527]
-25.714802
[ 0.27331254 -0.4257736  -0.16632675 -0.93878907]
-26.097307
[ 0.96851104  0.31836975 -1.         -0.15131007]
-26.558054
[ 1.          0.84769815 -0.34067595  0.86218446]
-26.791836
[-1.         -0.16803958  0.07832384 -0.00876721]
-26.567736
Episode 25: length=50, total_reward=-3.66
[-1.          0.84605235 -0.619871    0.711282  ]
-24.46568
[-0.07486529 -0.31338125  0.9793887  -0.3904682 ]
-24.449503
[-0.1192937  -0.75524247 -0.97512484 -1.        ]
-24.524841
[-0.15859787 -1.         -0.55887604  0.38747433]
-24.861683
[ 1.         -0.9800533   0.84074265 -0.81137145]
-24.935604
[ 0.8122002   1.         -0.87201333  0.09093697]
-24.96971
[ 0.84599084  1.         -1.         -0.59068257]
-24.921282
[ 1.         -1.         -1.          0.37080988]
-24.899078
[0.26014793 0.7056683  0.9774719  0.72661746]
-24.507704
[-0.51529986  0.6036628  -0.01892793  0.35029402]
-24.036175
[ 1.         -0.8518508   1.          0.03697545]
-23.761173
[ 0.6574177  -0.11008007 -1.          1.        ]
-23.440952
[ 0.5448153  -0.2624934   0.02689639 -1.        ]
-22.888332
[-0.45017126  0.36264008 -0.5491744   0.4815085 ]
-22.75042
[-1.          0.01743243 -0.28683817  0.7068393 ]
-22.46438
[ 0.03761959 -0.83950335 -1.         -0.60166645]
-22.05481
[ 0.6745699   1.         -0.45736328 -0.26504108]
-21.917648
[ 1.  1. -1.  1.]
-21.842756
[ 0.5469396  -0.33970165 -1.         -0.44850832]
-21.523952
[ 0.29672182  1.         -0.62908626 -0.16819982]
-21.47285
[ 0.51819605  0.3921917  -1.         -0.00282292]
-21.47544
[ 0.8689348 -0.613989  -0.5274928 -0.5507242]
-21.42134
[-0.9396452  -0.05497148 -0.42426792  0.09186573]
-21.460295
[-1.         -0.62281525  1.          1.        ]
-21.495804
[-1.         -0.69031936  1.         -0.6184811 ]
-21.330029
[-0.96259767 -0.1826183   0.18357748  0.3326041 ]
-21.420456
[-0.58293855  1.          0.89341444  0.651494  ]
-21.362339
[ 0.9755951   1.         -0.543631    0.19078468]
-21.135416
[-0.35359904  0.28960067 -0.87612855  1.        ]
-21.068932
[-0.45847994  0.43452722  0.4964338  -0.7524961 ]
-20.803032
[ 0.03985384 -0.7552463  -0.77410316  0.3091553 ]
-20.890003
[ 1.         -0.90026826  0.67145646 -0.374993  ]
-20.942513
[-0.55791026 -0.39530122  0.29718924  0.667658  ]
-20.989014
[ 0.5509951  0.73346   -0.3409107  0.6787669]
-20.858704
[-0.87921625  0.43100932  0.21009769  0.26138115]
-20.70969
[ 0.88809764 -1.          1.         -0.41465622]
-20.643982
[-0.17808446  0.09858921 -1.         -0.1458761 ]
-20.542503
[-0.35459265  0.45691997 -0.6029527   0.45618945]
-20.553917
[ 0.06001376  0.60349727 -0.19630839 -1.        ]
-20.593472
[-0.86832285  0.00766372 -1.         -1.        ]
-20.89943
[-1.        -0.290668   0.2091082 -0.9456672]
-21.422272
[ 0.6015289 -1.         0.8443627  0.5597635]
-22.026428
[-1.         -0.08526052 -1.          0.42578834]
-22.192265
[-0.6999104  1.        -1.        -1.       ]
-22.183933
[ 0.91235316 -0.46144232  0.30090815 -1.        ]
-22.647419
[ 0.5023629  -1.          0.22785914  0.30852285]
-23.050312
[-1.         -0.42471915  0.01416726  0.1365839 ]
-23.058735
[-1.         -0.50689554  0.69272935 -0.13858433]
-23.10928
[ 0.4571598  -0.42249104 -0.73798805 -0.03005176]
-23.331978
[-0.39517835 -0.23381183 -0.80780894  0.21321106]
-23.341219
Episode 26: length=50, total_reward=-5.23
[-0.5626161  -0.5913898   1.          0.78539556]
-30.602701
[-0.18845491  1.          0.01171412 -0.90716565]
-30.728992
[ 0.25978085 -0.27732202 -1.          0.6123701 ]
-30.47065
[1.         0.6986348  0.20400581 0.72998565]
-30.521477
[-0.23237965  0.8181584   0.07211728 -0.56445384]
-30.842785
[-0.7962024   0.9228694   0.46543953 -1.        ]
-30.93554
[-0.76913756  1.         -0.71803147 -0.3935841 ]
-30.678814
[ 0.3733564   0.08426     0.41515353 -0.4484875 ]
-30.383242
[ 1.          0.7726708  -0.33664116 -0.78394794]
-30.111263
[-0.7149221   0.30463135  0.83276534  0.9889991 ]
-29.905088
[-0.4651598   0.09569345 -1.          0.63751155]
-29.988445
[-0.88820964  1.         -0.97715676 -0.431259  ]
-30.10867
[-0.88344    -0.8033672   0.82697177 -1.        ]
-29.979511
[-0.699303    0.06533483 -1.         -0.1826009 ]
-29.56479
[-1.  1. -1.  1.]
-29.131435
[ 0.00077325 -0.17715135  0.7322219   0.6972525 ]
-29.051544
[-0.4677957  -0.93890315  0.37155232 -0.73858786]
-29.16911
[-0.2605925   0.7192438  -1.         -0.85302114]
-28.904268
[-0.32697457 -0.556131   -0.30733463  0.38377267]
-28.388866
[ 1.          0.00530553 -0.97347665 -1.        ]
-28.178616
[ 1.         -1.         -0.41482994 -1.        ]
-27.854101
[-0.60860586 -1.         -0.7113639   1.        ]
-27.370182
[0.20854793 1.         0.6717732  0.15335749]
-27.188828
[-0.35660827  0.3633378   0.44782177 -0.84750634]
-27.088085
[-1.         -0.5487713  -0.29612827  0.9894186 ]
-26.769577
[-1.         -1.         -0.6797547  -0.84315103]
-26.760809
[-1.          0.43554616  1.          0.44641703]
-26.402897
[ 1.         -1.          0.5664335   0.09549698]
-26.11664
[-1.         -0.81848025 -1.         -1.        ]
-25.8817
[-0.5369648   0.09632463 -0.9926869  -0.18096708]
-25.233488
[ 0.05322276  0.04660526  1.         -0.13581195]
-24.596529
[ 0.1542745  0.5392471  1.        -0.9543511]
-24.187004
[ 0.77144825  0.6303722   0.6650828  -0.8400251 ]
-23.735275
[-1.          1.          0.10355448  1.        ]
-23.249025
[-0.19779776 -0.6804897  -1.          1.        ]
-23.230396
[ 0.39702883  0.00103305 -1.         -0.8873041 ]
-23.371298
[-0.38655514 -0.17347917 -0.72849065 -0.99589854]
-23.179453
[ 1.          1.         -1.         -0.47423294]
-22.796099
[1.        0.7928529 0.3869098 0.244539 ]
-22.45678
[ 1.         -0.44217837  1.         -1.        ]
-22.486437
[ 1.  1.  1. -1.]
-22.26706
[-1.         -1.          0.6590664   0.32287627]
-22.064873
[-0.7137426   0.7888659  -0.09162758  0.40751985]
-21.993195
[-0.9045989  1.        -1.        -0.5147181]
-22.168428
[-0.8561929 -0.6661107 -1.         0.3398753]
-22.144861
[-1.         -0.61631733 -0.08367378  1.        ]
-22.124752
[ 0.23434904 -1.         -1.          0.34033865]
-22.356808
[ 1.         -0.22121017 -0.97803915 -0.01881935]
-22.57328
[1.         0.37380245 0.3614158  0.66960806]
-22.777767
[ 0.20807563 -0.42174083  0.42123216  0.7737368 ]
-23.077293
Episode 27: length=50, total_reward=-4.93
[-0.7371498  0.6101739 -1.        -0.7853287]
-4.4568524
[-0.46924028 -0.46149397  1.         -0.01013624]
-4.5907054
[1.         0.06529799 0.964716   0.02836206]
-4.5350494
[0.87033    0.6352434  1.         0.15243687]
-4.569215
[-0.2580725   0.08755134  0.84175104 -1.        ]
-4.581674
[-0.06613635  0.24850674 -0.40462783 -1.        ]
-4.8516736
[-0.01318783  1.          1.         -0.12833351]
-5.2820187
[ 0.26780048  0.21122935  0.3047951  -0.20187679]
-5.665014
[-1. -1.  1. -1.]
-6.009109
[ 0.44627348  0.6458312  -0.8208528  -0.7911821 ]
-6.3680387
[-0.32385024 -0.6601966  -0.3320716   1.        ]
-6.835844
[ 0.25509244 -1.         -0.42726856 -0.5840298 ]
-6.6780577
[ 0.00268058  0.57292956 -0.74579644  0.59407085]
-6.599371
[-1.         -0.73476785 -0.00328422  0.17880867]
-6.3029585
[-0.8701363   0.19351968  1.         -0.30400425]
-5.8028526
[-1.         -0.157407    1.          0.26410967]
-5.393303
[ 0.56111306 -0.4332691   1.         -0.08585275]
-4.7380815
[-1.          0.3903036  -0.13589814 -0.804844  ]
-4.2664757
[ 0.61284685  1.         -1.         -0.35161963]
-3.9753046
[ 0.82827437  1.          1.         -0.551219  ]
-3.8784444
[0.97646195 1.         1.         0.12917413]
-3.9173837
[-1.         -1.         -0.47636586  1.        ]
-4.0498915
[ 0.13869505 -0.824283   -0.68656343  1.        ]
-3.605575
[ 1.          1.         -0.43963322 -0.49741745]
-2.9792595
[-0.19783923  0.14033164 -0.41374192  0.54863745]
-2.942982
[-0.8690892 -1.        -1.         1.       ]
-2.8384116
[ 0.3908289  1.         1.        -1.       ]
-2.2843084
[ 0.3665439  -0.16810627 -0.49744728 -0.9933321 ]
-2.3572783
[ 0.9363595  1.        -1.         1.       ]
-2.627778
[ 0.48221785 -1.          0.41088927  1.        ]
-2.6814177
[-0.97024775 -1.         -0.06091827  1.        ]
-2.4403815
[-1.         -0.17600042 -1.          0.32709116]
-1.7836295
[1.         0.75423187 0.12840463 0.10779154]
-1.0459492
[-0.78309166 -1.          0.12137835 -0.39647985]
-0.7931017
[ 0.66463864  0.12244336 -0.8014327   1.        ]
-0.5184341
[ 0.32366198 -1.          0.84777856  0.5467585 ]
-0.10366731
[-1.          1.         -0.66512555 -0.5864671 ]
-0.21682414
[1.        0.7141922 1.        0.6359545]
-0.40745395
[ 0.93012834 -0.04164507 -1.         -1.        ]
-0.5186618
[ 1.         -0.11012355 -0.56830215 -1.        ]
-0.25849965
[ 0.75592023 -0.22367768 -0.2069548   1.        ]
-0.47064555
[ 1.          0.88102055  0.8262482  -0.20623633]
-0.8141302
[ 0.48858187  1.         -0.04312494  1.        ]
-1.4153879
[ 1.         -1.         -1.         -0.22372676]
-1.8601477
[ 1.          0.40358496 -0.03763645 -0.88140917]
-2.4934344
[ 1.       -0.385326  1.       -1.      ]
-3.508801
[ 0.6636082  -0.7360165  -1.          0.61717606]
-4.698356
[-0.3469708   0.48358247 -0.8443999   0.97287226]
-5.404002
[ 0.5351948  -1.          0.14192343 -0.07034893]
-5.6588535
[-0.5435265  0.935976   0.6029876  0.2817447]
-6.073434
Episode 28: length=50, total_reward=-0.84
[ 0.9223108  1.        -1.        -1.       ]
-16.213066
[-0.57445025 -0.71436125 -0.41804194 -0.52136004]
-15.991045
[ 0.26902035 -1.          1.          1.        ]
-15.728737
[ 0.75239146 -0.66983116  0.37824088  0.20370154]
-15.827852
[ 0.48852882  0.4257602   0.07572744 -0.12511982]
-15.813938
[0.31120417 1.         0.9229626  0.75135916]
-15.7998
[-0.7396127   0.4818429  -0.20291528 -0.63780767]
-16.083675
[ 0.44146988 -0.69261104 -1.          0.00697457]
-16.097366
[ 0.2337999  0.2018494 -0.2704032 -1.       ]
-16.229918
[-0.8872638  1.        -0.832916   0.7892129]
-15.978743
[-0.15178971  1.          0.16527766  0.8286616 ]
-16.074358
[ 0.2982488  -0.982787    0.84480965 -0.87221855]
-16.492283
[ 0.36615837 -0.63008034  1.          0.8333321 ]
-16.51981
[-0.8963436  -0.1526468   0.05371152 -0.53698575]
-16.66885
[-0.30320886 -0.9023332  -0.58391166 -0.3038133 ]
-16.542173
[-1.        0.612021 -1.       -1.      ]
-16.336538
[-0.12547639  0.6698381  -0.16392611 -0.8696481 ]
-15.954605
[-1.         0.5925079  1.        -1.       ]
-15.540396
[ 1.         -0.7416177   0.66659546  0.8209942 ]
-14.994541
[ 0.33237925 -1.         -0.20627314  0.6320129 ]
-14.939991
[ 1.          0.24299508 -1.         -0.9476146 ]
-14.942919
[-0.6088634   0.82621866  1.         -0.8080639 ]
-14.658481
[0.15381663 1.         1.         0.80159265]
-14.272821
[ 0.33313435  0.8872326   1.         -0.26065847]
-14.255302
[ 1.         -0.20988512 -0.4064653   0.14639847]
-14.252655
[ 1.          0.10543769 -1.          0.2883653 ]
-14.417055
[-1.          1.          0.26728523  0.93249035]
-14.653278
[-0.522106  -1.         0.9631871 -0.4702366]
-15.305315
[ 0.13171715  1.         -0.9210987   1.        ]
-15.627352
[-0.07804408 -1.         -0.62857705 -0.7819261 ]
-16.258284
[-0.90202314 -0.08911607 -1.          0.19333284]
-16.51917
[-1. -1.  1.  1.]
-16.648062
[-0.29970732 -0.03810059 -0.53052866 -0.15607724]
-16.77389
[ 1.        -1.         1.         0.3945082]
-16.86939
[ 0.7065726  -0.50785714  1.         -0.81970656]
-16.905458
[ 0.6605844 -1.        -0.7859352  1.       ]
-16.627329
[-1.         -0.13084298 -1.          0.35312018]
-16.551645
[-1.          0.07120069  0.34691492  0.43688264]
-16.49179
[ 0.26315692  0.28017834 -0.07733162  1.        ]
-16.653221
[-1. -1. -1. -1.]
-17.055758
[ 0.2907582  -0.5580034  -0.0399664  -0.81810933]
-16.915257
[ 1.          0.15646507 -0.02204534  1.        ]
-16.502071
[ 0.50256073  0.24172218 -1.          1.        ]
-16.522882
[-1.          0.5255612  -0.45236957  0.6857896 ]
-16.801346
[-0.06835447  0.4588541   0.1220116   0.28133804]
-17.262123
[ 0.42138115  0.0511215   1.         -0.9497339 ]
-17.569054
[-0.00161683 -1.         -0.5341368   0.9495815 ]
-17.601107
[ 1.          0.30974028  0.37961268 -0.22741652]
-17.815874
[-0.9037823  1.        -0.4775817  0.6046119]
-17.855614
[-1.         0.3927455  0.9711501  0.8596834]
-18.18199
Episode 29: length=50, total_reward=-3.49
[ 0.02763085  0.90220803 -0.0966699  -0.16407903]
-12.391645
[ 0.02732264  1.          0.3949995  -0.03553438]
-12.3360615
[-0.9098495  -0.7060459  -0.00454399  0.19683656]
-12.6558075
[ 0.2701868   0.03888852  0.5827186  -0.28891832]
-12.8719635
[ 1.        -0.4077052  1.        -1.       ]
-12.972218
[ 1.          1.         -0.41911322 -0.06048952]
-12.715748
[ 0.5857078  -0.41533026 -0.32700798 -0.26720437]
-12.636393
[-1.          0.18743518  0.30647117 -0.19117802]
-12.471487
[0.4997831  1.         0.83017445 0.13723238]
-12.358091
[ 0.3999242   0.5553615  -1.          0.29396316]
-12.505781
[-0.5154365  -0.46469602  1.          0.5330204 ]
-12.7962475
[ 1.        -1.         0.3798341 -0.755463 ]
-13.05225
[ 0.48878947  0.68961215 -0.51471597 -1.        ]
-12.848003
[-1.         -0.3748847  -0.3813379   0.27546626]
-12.47217
[-0.41671157 -1.          0.92208517 -0.9078922 ]
-12.265188
[-0.25677547  1.         -0.63308865 -0.16277812]
-11.901609
[ 0.9606069  -0.09200986  0.59168804  0.08924688]
-11.645496
[0.42266092 1.         0.6327854  0.07814874]
-11.582834
[-0.24567702 -1.          0.2039379   0.1871769 ]
-11.70779
[ 0.07758377 -1.         -0.09338509 -0.0172213 ]
-11.660498
[-1.         -0.1358527   0.10537404  1.        ]
-11.45336
[ 0.44710782  1.         -0.05677447  0.08052538]
-11.599224
[-1.          0.68984425  0.69650066 -0.8137239 ]
-11.746595
[ 0.2779735   0.21323074 -0.03562148 -0.31327865]
-11.679441
[-1.          0.0484925  -0.2534748  -0.04417997]
-11.465761
[-1. -1. -1.  1.]
-11.6025715
[-0.146712   -0.60693955 -1.         -0.26479277]
-11.932476
[-0.592076    0.90762043  0.20969906  0.88960457]
-12.053106
[-1.         0.4684914 -0.6426135 -1.       ]
-12.663042
[ 0.71649134  1.         -0.16950454 -0.67692274]
-13.024237
[-0.9328149  -0.2720266   0.22941554  0.21945485]
-13.350256
[ 0.86676997 -0.42699268  0.8000968  -0.08955779]
-13.670061
[-1.          1.         -0.74024993  0.37916225]
-13.815592
[-0.00639366  0.889003    0.4241395  -0.09643876]
-14.050339
[ 1.          0.62141865 -0.14171338 -0.73265404]
-14.424345
[-0.637787  -1.         0.7902845  0.650881 ]
-14.540678
[-1.         -0.11034101 -0.6804376   0.19755176]
-14.744812
[-1.        -0.5057827 -1.         1.       ]
-15.028335
[ 0.6942295   0.69607836  1.         -0.75562733]
-15.359568
[ 0.83252376 -1.          1.         -0.08762887]
-15.266017
[ 1.          1.         -0.7128179   0.40849397]
-15.120798
[0.96873164 0.28968644 0.01511743 0.3653344 ]
-15.267059
[-1.          0.43187666  1.         -0.39620972]
-15.371752
[ 0.7611645  -1.          1.          0.03400792]
-15.399654
[ 0.46756133 -0.08655272 -0.02071435  0.6514061 ]
-15.294001
[ 1.          0.650668   -1.          0.96691376]
-15.222697
[ 1.         -0.02596469  0.49347955 -1.        ]
-15.401854
[ 0.773868   -0.49287018  0.6456106   1.        ]
-15.16491
[-0.2893599   0.9721481  -1.         -0.04358748]
-15.282578
[ 0.32707968  0.51836854 -1.          0.95574576]
-15.481595
Episode 30: length=50, total_reward=-3.57
[-1.          0.08014093 -1.          0.08663765]
-14.316853
[-0.79476744  1.          1.         -1.        ]
-14.3357315
[-1.          0.2623381  -1.          0.38608372]
-14.593109
[ 0.47120628 -1.          0.35165703  1.        ]
-14.652117
[ 0.73673946 -1.         -0.01779746 -1.        ]
-14.26669
[ 1.         -0.61356086 -0.07284036  0.616571  ]
-14.313172
[-0.84090567  0.38363633  0.8202778   1.        ]
-14.142689
[-0.11253566  1.          0.49173832  0.04778479]
-13.782314
[0.84123135 1.         1.         0.5443917 ]
-13.584513
[-0.01626333  0.15974435  0.49771187 -1.        ]
-13.422064
[ 0.0319069   1.         -0.71086246 -0.41253242]
-13.617453
[ 1.          0.14181785 -0.68378097  0.07422188]
-13.968605
[ 0.15726122 -1.         -0.95524096  0.6339052 ]
-14.267418
[-1.         -1.          0.6875529  -0.05030341]
-14.283155
[ 0.13755378  0.52814883 -1.          0.6018449 ]
-14.172205
[-1.         -0.98326117  0.39181423 -0.3447604 ]
-13.966106
[-0.53047925  0.6182107  -0.94667757  1.        ]
-13.928327
[ 0.4648701   1.         -0.06392415  0.08351973]
-13.601009
[-0.30828497 -1.         -0.5021612  -0.64555603]
-13.476628
[-0.2412125   1.         -0.18035725 -0.8475319 ]
-13.470587
[-0.04538906  0.40455592 -0.41280904  1.        ]
-13.753566
[-0.54207814  0.42206895  1.         -0.574747  ]
-13.714293
[0.35566744 0.88389724 0.5591155  1.        ]
-13.968939
[-0.40862948 -1.          1.          1.        ]
-13.935188
[-1.        -0.9152375  1.        -1.       ]
-13.625578
[ 1.          0.15844385  1.         -0.80940247]
-13.644861
[ 1.         -0.04550773 -0.8632141   0.5128524 ]
-13.782658
[-0.02223891 -0.58924985 -0.22081238 -0.91746724]
-13.755511
[0.2811028  1.         0.44768074 0.5616477 ]
-14.022152
[-0.46102402  0.86424017  1.          0.38543752]
-13.988217
[ 0.4762238  0.7647824 -0.9045352 -0.1211613]
-13.918218
[-1.          1.         -0.13988347 -0.8244892 ]
-14.068994
[-1.         -0.66515434 -0.49183005 -0.61220986]
-14.511999
[ 1.          0.4620464   0.18509646 -0.5084015 ]
-14.972409
[1.        0.9172862 0.7472519 1.       ]
-15.443729
[ 0.72644675  1.         -1.          1.        ]
-15.552658
[ 0.00628738 -1.          1.         -0.12185187]
-15.54366
[ 0.41728356 -0.26017702  1.         -0.6622833 ]
-15.540923
[-1.         -0.22978109  0.81999874  1.        ]
-15.665878
[ 0.10829924 -0.53424007  0.9205346   1.        ]
-15.381993
[-0.0396774  -0.10273522  1.         -1.        ]
-14.920281
[-1.          0.7722639   0.78747386  0.47359768]
-14.884476
[ 0.6417465  -0.6624935   0.89950687  1.        ]
-14.837455
[ 0.11372334 -0.0250178   0.01791252  0.74157786]
-14.511265
[-0.34164983  1.          0.6603412  -0.07208914]
-14.123365
[-0.03860782  1.         -1.         -0.43019038]
-14.010281
[ 0.100625    1.         -0.15340272 -0.27384368]
-14.108275
[-0.77110445  1.         -0.5114301  -0.363755  ]
-14.2862835
[-0.7983635 -0.6481281 -1.         1.       ]
-14.628662
[ 0.93190515 -0.40179992 -1.         -0.5061813 ]
-14.491509
Episode 31: length=50, total_reward=-2.71
[-0.59777105 -1.          1.          1.        ]
-17.89376
[ 1.         -0.38168693  0.46117738 -0.09442866]
-17.983377
[ 1.         1.        -0.1825467 -1.       ]
-18.073671
[-0.51050603  0.07197241 -1.          1.        ]
-17.978523
[-0.5423429 -1.        -0.5151832  1.       ]
-18.260971
[ 0.6606192  -0.32751366  1.          0.6989852 ]
-18.567446
[-0.9666529  -0.00882335 -0.69685364 -1.        ]
-18.854528
[ 1.         -0.26204106 -1.         -1.        ]
-18.7098
[-1.         -1.         -0.39661932  0.9387293 ]
-18.312414
[-1.        -1.        -1.        -0.5756049]
-18.281897
[ 0.35094538  1.         -0.12622182 -1.        ]
-18.054369
[-0.46466643  1.          0.83488834 -0.3430208 ]
-17.753447
[-0.86506444  0.20020737  0.11623529 -0.37704006]
-17.495573
[-0.86360496 -0.46489435 -0.3806369   0.38214952]
-17.169188
[ 0.25811863  0.32359684 -1.          0.45763767]
-16.975086
[-0.4874386   0.39319268  0.14730833  0.5326749 ]
-16.999685
[-0.6817626  -0.85966146  1.         -0.18446572]
-17.149008
[-0.17792177 -1.          1.         -0.72813815]
-17.185228
[ 0.15298422 -0.42965165  0.25782377 -1.        ]
-17.006691
[ 0.8890163   0.20508479  1.         -0.08632009]
-16.532118
[ 1.          0.73477113 -1.         -1.        ]
-16.175362
[ 1.         1.        -0.5050855  1.       ]
-15.809561
[ 1.         -1.          1.         -0.07130875]
-15.976568
[0.03428431 1.         1.         1.        ]
-15.963708
[-0.4566187  -0.6471025   0.27305537  1.        ]
-16.345955
[-1.         -0.62925065  1.          0.60766226]
-16.842276
[ 0.18172313  0.6961125  -0.11639857 -0.65411216]
-17.162436
[-1.         -0.26372474 -0.02649333  1.        ]
-17.291086
[-0.29280922 -0.369886    0.64387584  0.87157696]
-17.561949
[-0.01775328 -1.         -0.17222914 -0.17227672]
-17.848099
[-0.8458873  -0.51332843  1.          0.71816057]
-17.798708
[-1.        -1.         0.8646642  0.6988985]
-17.877386
[0.41678807 1.         1.         0.08799428]
-17.950352
[-0.36678454 -0.32223862 -0.46387598  0.8691563 ]
-18.118885
[-0.01843484 -0.09718554 -0.28037533 -0.5521824 ]
-18.45372
[ 0.5692038  -0.88975143  0.02731708  0.26558018]
-18.570333
[ 1.          1.         -0.55314463 -0.42229155]
-18.661602
[-1.         -0.4729679   0.9507965   0.29124108]
-18.692186
[-0.86167526  0.67261875 -0.48556176  0.9097143 ]
-18.742302
[-0.7153793 -0.5665918 -1.         1.       ]
-18.975027
[ 0.92444855 -0.35607478  1.          0.62489974]
-19.307278
[-1.          0.00647302 -0.200904   -0.90616155]
-19.607552
[ 0.520912    0.00619579 -1.         -0.43757987]
-19.549282
[ 1.          0.70086145 -0.46022364  0.8550272 ]
-19.301315
[-1.          0.18457812  0.10058612 -0.6846721 ]
-19.500664
[0.786499   0.5408319  1.         0.24421515]
-19.525002
[ 0.6493793  -0.6558672   0.8524807  -0.11940075]
-19.708345
[0.94486696 0.53487957 1.         1.        ]
-19.787882
[ 0.7483992   0.14019404 -1.         -1.        ]
-20.12143
[0.36270759 0.6286987  0.4251105  0.66988266]
-20.08314
Episode 32: length=50, total_reward=-3.64
[0.17635791 0.10276225 1.         0.79945   ]
-7.768411
[-0.82212764 -0.8736723  -1.          0.3323342 ]
-7.9613156
[-0.01337066  1.         -1.         -0.59363437]
-8.095674
[ 1.  1. -1. -1.]
-8.134421
[-0.22556044  0.4173495   0.8995204   1.        ]
-7.9511495
[-0.16185693  1.         -0.42925996  1.        ]
-8.149003
[ 0.7896297  -0.07652111 -1.          1.        ]
-8.748378
[-1.         -0.07781423  0.55274     0.23481523]
-9.267977
[1.        0.3048156 1.        0.5594018]
-9.767388
[-1.         1.        -1.        -0.5448495]
-10.084709
[ 0.28008932 -0.27459705 -0.12313845 -0.98727274]
-10.339822
[ 1.         -1.          0.56830525  1.        ]
-10.246533
[ 0.8529433   1.          1.         -0.08715309]
-10.295704
[ 0.22717409  0.10586767 -0.45236972 -0.41660807]
-10.32398
[-0.0674898  -1.          1.          0.71511817]
-10.231093
[ 0.3645355  -0.56783813  0.7276603  -0.9395971 ]
-10.063285
[-0.8933247   0.03060275 -0.280716    1.        ]
-9.3742075
[-0.6873319  -0.440124    0.32189754  0.8511547 ]
-9.332073
[-0.8928786  1.        -0.7862574  0.8867771]
-9.477948
[1.         0.45096058 1.         1.        ]
-9.967689
[ 0.12190095  0.10198856 -0.9855301  -1.        ]
-10.537985
[-1.          0.03152036 -1.         -1.        ]
-10.6222
[ 0.18140732 -0.10606559  0.8664989  -0.449401  ]
-10.619391
[-1.          1.          0.25897753  0.6514677 ]
-10.543336
[-0.25204346 -1.          1.         -0.2962838 ]
-10.910013
[0.9847153  0.9221276  0.11631156 1.        ]
-11.020172
[-0.6750144  -1.         -0.6382781   0.51719916]
-11.511858
[ 0.7212413  -0.60531217 -0.32337213 -0.20102234]
-11.904648
[-0.02634551 -0.44756693  0.3284872   0.2754631 ]
-12.000305
[-0.7134483   0.40743145  1.          0.2880747 ]
-12.072752
[-0.04458551  1.         -1.         -0.1732717 ]
-12.248095
[-0.46032062  1.         -1.          1.        ]
-12.409771
[-1.          0.85361147 -0.5728204   1.        ]
-12.976492
[ 0.0602496  -0.02487648  1.          1.        ]
-13.748423
[-0.03824072  0.16866745  1.          0.1550541 ]
-14.580353
[-0.60401046 -0.18973576 -0.94125104 -0.83060646]
-15.210146
[ 1.          0.00806591 -0.2997487  -1.        ]
-15.4534855
[1.         1.         0.27941778 1.        ]
-15.28311
[ 1.          0.42395186 -0.1341563   0.08014423]
-15.603128
[-1.         -0.26363716 -0.7817289   0.4580671 ]
-15.892454
[ 0.7328244   0.08752205 -0.7068905  -0.8948856 ]
-16.270512
[-0.39806437  0.57351404 -0.8618098   1.        ]
-16.364035
[-0.10328346 -0.57678163 -1.         -0.39194134]
-16.768692
[-0.09322382 -0.04534905 -0.4342827  -0.5957508 ]
-16.840437
[-1.         -1.          0.1008166   0.31108794]
-16.80578
[ 0.4973171  -0.03766766  0.16849074  0.12594897]
-16.715563
[ 1.         -0.5052002   1.         -0.48781937]
-16.612135
[ 0.39723927 -0.88679165  0.66118336  0.08483224]
-16.34473
[ 0.839421   -0.85381085 -0.77361655 -0.9346709 ]
-16.05143
[-0.7580447   0.69214785  0.07844015  1.        ]
-15.36339
Episode 33: length=50, total_reward=-2.04
[ 1.         -0.10290234  0.60666895 -0.04299754]
-24.80771
[ 1.         -1.         -1.          0.47551894]
-24.7048
[ 1.          0.49299243  0.37193274 -1.        ]
-24.332466
[ 1.        -1.        -0.717666  -0.9237561]
-24.329262
[0.9041849  0.89038295 1.         0.95580065]
-24.35854
[-0.5690797   0.20607993  0.24598442 -0.8836551 ]
-23.971558
[ 0.9470679  -0.44081047 -0.98326737 -0.17238143]
-23.928719
[-0.09454821  0.4384162   1.          0.61743844]
-23.820467
[ 0.85441786  0.6194035  -1.         -0.33968914]
-23.55133
[-0.3601324  -0.25453287  0.5364248  -1.        ]
-23.439598
[-0.42481244 -1.          1.          0.17592238]
-23.626709
[-0.07249818 -0.5617846   1.         -1.        ]
-23.594475
[ 0.9346838   0.2713766  -0.32765326 -0.9326648 ]
-23.775396
[-0.92426986  1.         -0.8459578  -0.50950176]
-24.028393
[-0.9856816  0.6443346 -0.7654236  0.33986  ]
-24.209988
[-1. -1.  1.  1.]
-24.244154
[ 1.          0.55858755 -0.59236443 -0.47023222]
-24.091537
[-1.         -0.37758246  0.24651168 -0.14605704]
-24.088276
[ 0.0794974   0.48825246 -1.         -0.3492879 ]
-24.110682
[ 0.720878   -0.52522147  0.11896116  0.5560357 ]
-24.25618
[ 0.25245762  0.8827785   1.         -0.35194874]
-24.250471
[-0.5537171  -1.          0.27154982  1.        ]
-24.35249
[-1.         -1.          0.22991236  0.6609965 ]
-24.087482
[0.3501167  0.19697315 0.9199111  0.9126335 ]
-23.706114
[-1.         0.8403509 -0.6788527  1.       ]
-23.200699
[-0.18861313 -0.37561536  0.29465872  1.        ]
-22.64802
[0.04445487 0.03219292 1.         0.7628717 ]
-22.054337
[-0.6494803  -1.         -0.44178224 -0.78865147]
-21.4509
[ 0.94958335 -0.34269655  0.92963034  0.2486347 ]
-21.32921
[ 0.18428294  0.80998045  1.         -0.43445638]
-21.021097
[-1.        -0.5594588 -1.         1.       ]
-20.953388
[-0.9226234  0.6116317  0.8364724  1.       ]
-20.667627
[-0.00464759  0.7951362  -0.4941957   0.5019556 ]
-20.216177
[ 1.          0.613257   -0.34014598 -0.11852118]
-19.91472
[ 1.         -0.23914331 -1.         -0.08799879]
-19.759623
[-0.02050697 -1.          0.00885637  0.05538847]
-19.682978
[0.41365698 1.         0.43954772 0.65448546]
-19.581028
[ 0.652063   -0.5910849   0.14169379 -1.        ]
-19.406775
[-0.46035254 -1.         -0.4736499   1.        ]
-19.595945
[-1.         -0.8579575   1.         -0.28758195]
-19.396656
[ 1.         -0.19481772  0.4213482   0.76052606]
-19.356783
[ 0.55038065  0.65955675  1.         -1.        ]
-18.991163
[-0.38553277  1.          1.         -0.11436038]
-19.07067
[ 1.         -0.49469423 -1.          0.632093  ]
-19.242456
[ 1.         -0.26909044  0.5741575  -0.5443923 ]
-19.08924
[0.32055467 0.26692328 0.16642343 0.8322205 ]
-19.094055
[ 0.37665185 -0.31845546 -0.24455668 -1.        ]
-18.81147
[-0.05434586 -1.         -0.18863817 -1.        ]
-18.963428
[-0.7829259   1.          0.82904184  0.159725  ]
-19.222912
[-0.03399141 -0.11239327  1.         -0.09636474]
-19.34545
Episode 34: length=50, total_reward=-4.99
[ 1.         -0.23633464 -0.6079563  -0.23248565]
-26.20691
[-1.          0.74146736  0.31800488 -0.38131797]
-26.077274
[ 1.          1.         -0.81698406  1.        ]
-26.122894
[ 1.         -0.57856643 -0.78170836  0.49742144]
-25.788502
[-1.          0.74718845 -0.24153984 -0.28457838]
-25.284357
[ 1.          1.         -0.27450788 -1.        ]
-25.246449
[-1.          0.09868612 -0.42310247  0.00301656]
-25.350948
[-0.54778486  0.23379745 -0.4123903   1.        ]
-25.531712
[0.6731498 0.0323946 1.        0.7004959]
-25.368984
[ 0.30597246  0.01378564 -0.7352589   0.5368185 ]
-25.032644
[ 1.         0.4653857 -1.        -1.       ]
-24.815056
[-0.01699443 -0.9336834  -0.9485176  -1.        ]
-24.81495
[ 0.5470414  -1.         -0.02101701 -0.5654675 ]
-25.034954
[ 1.         0.8500316  0.6689879 -0.6549472]
-25.170609
[ 0.05742884 -1.         -1.         -0.06282349]
-25.332262
[-1.          0.19379437 -0.13975477  0.6835976 ]
-25.37661
[ 0.5852878   0.565857   -0.92970574  0.43801078]
-25.25455
[ 0.01943185 -0.1508892  -1.         -0.51479566]
-25.01396
[-1.         -1.          0.6572707   0.17092146]
-24.995842
[ 0.9538381  -0.29894412 -1.         -1.        ]
-25.031307
[ 1.         0.7583467  0.6053958 -1.       ]
-25.157154
[ 0.31528732 -0.2174466  -0.45088986  0.02285872]
-25.352379
[-0.0933507  -0.09734927  1.          0.63449484]
-25.426777
[ 1.          0.5286736  -0.814142    0.12637098]
-25.179617
[-1.         -0.0670974   0.02565924 -0.21591224]
-24.908945
[ 1.         -0.11456318 -0.91155094  0.09557323]
-24.870817
[ 0.04637123 -0.04286179 -0.0615921  -0.5155063 ]
-24.657919
[-0.8654218  -0.9030548   0.17207198  1.        ]
-24.616156
[-1.         -0.04438309  1.          1.        ]
-24.301851
[-1.         -0.03110927 -0.12230659  0.269633  ]
-23.837978
[-1.          0.66520905  0.4187617   1.        ]
-23.544125
[-1.         -1.          0.66334057  1.        ]
-23.1841
[-0.4526751   0.26019013 -0.8070068  -0.45988724]
-22.7725
[ 0.7412642  1.        -0.9726343  0.5627663]
-22.67117
[ 0.5337311   0.9000404  -1.          0.80058724]
-22.509323
[-0.7225217 -0.7125675 -1.        -0.6515334]
-22.309694
[ 0.25880626  0.23862305 -0.5039064  -0.6640042 ]
-22.34842
[-1.         -0.20196705 -1.         -0.9926701 ]
-22.559982
[-0.43765792  0.4871661   1.         -0.8544395 ]
-22.897617
[ 1.         -0.5165131  -1.         -0.41071522]
-23.426025
[-0.15802053 -0.13374436  1.          1.        ]
-23.817719
[-0.07617795 -1.          1.          0.87264854]
-23.965229
[ 1.         -0.545949    1.          0.69595313]
-23.835712
[-1.         -0.18355213  0.8784428   1.        ]
-23.485918
[-0.33594856  1.          0.45824552  1.        ]
-23.129652
[-0.25636938  0.32346898  0.94062316  0.38491866]
-22.728123
[-0.0610604  -0.6783189   0.25265253  0.47251704]
-22.45108
[ 1.         -0.26813036  0.27391595  0.92344874]
-22.114681
[ 1.        -1.         1.         0.9725879]
-21.734253
[-1.          1.         -0.37114793 -0.4187579 ]
-21.125784
Episode 35: length=50, total_reward=-5.53
[ 0.28608164  0.21732649 -0.93140763 -0.114375  ]
-17.52797
[-0.04333021  1.          0.91698414 -0.55990905]
-17.60743
[-0.251634   -0.9836452   1.         -0.73605865]
-17.65499
[-0.46712452  1.         -1.         -0.21942647]
-17.417448
[-0.13199957  0.4315416  -0.72649956  0.74605393]
-17.444418
[ 0.03291041 -1.         -0.2999787  -1.        ]
-17.821024
[ 1.          0.5107456   0.1863439  -0.24812318]
-17.66384
[ 0.5143768   0.90645957 -0.02199283  1.        ]
-17.618187
[ 1.         -1.          0.1433304  -0.74699616]
-18.064335
[0.52639097 0.48904333 0.24872719 0.00265192]
-18.165539
[ 0.6977578   1.         -1.         -0.30786157]
-18.510359
[ 0.5220575   0.4240177   1.         -0.18878794]
-18.955305
[-0.12892222  0.13248202 -1.         -1.        ]
-19.54728
[0.5957889  0.13400874 0.36799923 0.7104861 ]
-19.859102
[ 1.         -1.          1.         -0.24022938]
-20.61675
[-1.          0.5334009   1.         -0.70243645]
-21.208286
[-1.          0.46265918 -0.37310085  1.        ]
-21.661596
[ 0.45242214 -1.         -1.          0.79257363]
-22.466698
[ 1.         -0.6217017  -0.19744231 -0.6021969 ]
-23.32159
[-1.          1.         -1.         -0.05624033]
-24.049654
[-0.18565081  1.         -1.         -1.        ]
-24.54012
[-2.3595789e-01 -1.0000000e+00 -5.5648726e-01  4.5218226e-04]
-24.838886
[-0.15249096  0.00230909 -0.57180244 -0.11648598]
-25.031548
[1.         0.4333495  0.52742785 0.32974392]
-25.17704
[ 0.05075902  0.4812312   1.         -0.4697336 ]
-25.886108
[-1.         -0.2578313  -0.36596352 -0.7521403 ]
-26.490099
[-1.         -0.22169653 -0.9390388   0.8347274 ]
-26.386845
[-0.19803956 -0.6775026  -0.25126877  0.5234545 ]
-26.325686
[-0.52765095  1.         -0.6657754   1.        ]
-26.342203
[ 1.         -0.5390583   1.          0.84783643]
-26.570017
[-0.36822775 -1.          0.36878058  0.42937917]
-27.21741
[ 0.7134823   0.13193083  1.         -0.16082639]
-27.550053
[ 0.18203282 -0.2689837  -0.7784815  -0.593991  ]
-27.996944
[-0.85734236  0.05495432 -1.          0.4359518 ]
-28.374523
[-1.          0.63216114  0.5098263   0.17921561]
-28.623806
[-0.8142535   0.8984851   0.30443132 -0.8918984 ]
-28.507343
[-0.23087697 -0.7411171   0.19784997  0.4478392 ]
-27.891613
[-0.26151964  1.          1.          0.40437177]
-27.408936
[1.         0.04621473 0.8465868  1.        ]
-27.130703
[-0.5325616 -0.0165338 -1.         1.       ]
-27.390654
[ 0.6871526  -1.          0.83310634 -0.18440051]
-27.791878
[ 1.         -0.60067433  0.26091558 -0.77196974]
-27.939362
[ 1.         -0.858535   -0.15283446  0.6238223 ]
-28.077255
[ 0.21681453  0.4771659  -0.7631851  -1.        ]
-28.567451
[ 1.          0.06289773 -0.77249163  0.46542338]
-28.883919
[0.79473364 1.         0.99344313 1.        ]
-29.786266
[ 0.5574081  -0.48719567 -0.74340355  0.77496237]
-31.41425
[ 0.6241431   0.8097115   1.         -0.69269645]
-29.47697
[ 0.25280914 -1.         -0.8891105  -1.        ]
-27.910463
[ 0.7399826   1.          0.03031782 -1.        ]
-26.825783
Episode 36: length=50, total_reward=-4.37
[ 0.01398895  1.         -0.6764431  -0.7223192 ]
-16.030188
[ 0.19324335  0.7679528   0.9851089  -0.12574458]
-15.87849
[-0.23988846  1.          1.         -0.7150582 ]
-16.006716
[ 1.          1.          0.17510997 -0.22653916]
-16.1054
[ 0.25450388 -1.         -0.2719003   0.29832777]
-16.363617
[-0.93028545  0.36603212 -0.4940091   0.32199684]
-16.525347
[-0.7218889  -1.          0.14317408 -0.10571744]
-16.79362
[-0.16445294 -0.5022709   0.265718    1.        ]
-16.86478
[-0.01153895  0.48448503 -0.38348693  0.11661562]
-17.001743
[-1.         -1.          0.31625974 -0.6380145 ]
-17.171974
[-0.20999482 -0.09528837  0.18675438 -0.12489326]
-16.946217
[ 0.68872654  1.         -0.76376975  0.534925  ]
-16.653666
[-0.36840832 -0.70750546  0.77625686  0.62720114]
-16.786669
[-0.10609402  0.6223397   1.         -0.1329529 ]
-16.941814
[-0.49203646 -0.24709342 -1.          1.        ]
-17.05484
[-0.521031   -0.7386994   0.08236146 -0.8134405 ]
-17.317904
[ 0.8173537  -0.2905217  -0.46619305  1.        ]
-17.06205
[-0.21720858 -0.64130574  0.5692162   0.44866133]
-17.169535
[ 1.         -1.         -0.64163536  0.20671958]
-17.138847
[-0.32366258 -0.09737084 -1.          1.        ]
-17.11058
[ 0.4089645  0.5309491 -1.         1.       ]
-17.15728
[ 0.5705637  1.        -0.8757386  0.6243157]
-17.50486
[-0.41368932 -0.8197142   0.69748205  0.42699835]
-17.961166
[-0.6969045  -0.25273177  0.4649465  -0.76166147]
-18.206453
[-0.26455808  0.91026986  1.          0.61831146]
-18.027458
[-0.12993543 -0.57630104 -0.1693453  -0.45864892]
-18.196384
[-0.85154384  1.         -1.          0.02686512]
-18.128706
[-0.16956706 -0.7900336  -1.         -0.7592232 ]
-18.175465
[ 7.410627e-04  4.312175e-01 -1.000000e+00 -1.000000e+00]
-17.886635
[ 0.32909325 -0.02586717  0.7092316   0.00476392]
-17.472748
[-0.49233305 -0.08843212  1.          1.        ]
-17.242489
[-0.2933031 -0.8727842  0.1605249  1.       ]
-17.406467
[-0.00358881 -0.10597218  1.         -0.31069943]
-17.556683
[-1.          1.          0.83805305 -0.16598663]
-17.524075
[0.93363047 0.49481487 1.         0.16931115]
-17.493526
[-0.19400364  0.47711024  0.6502119  -1.        ]
-17.571724
[ 1.        -1.         0.7526868 -0.7787495]
-17.427563
[ 1.         -0.17977901 -0.31236908 -0.7093317 ]
-17.073774
[0.4882975  0.46013772 0.26915774 0.47408378]
-16.702106
[ 0.22562495 -0.14538112  0.63071376  0.63498455]
-16.677301
[-1.         -1.          0.10263398  0.79863477]
-16.799166
[-1.         -0.11601464 -0.49468502 -0.37307313]
-17.01892
[-0.81851155  0.5161473  -0.17095476  0.45585695]
-16.978838
[-1.          0.6664616  -1.          0.92933375]
-17.162865
[ 0.6956975   0.7581489  -0.39364296 -1.        ]
-17.44328
[-0.17024782 -0.27596846 -0.1746134   0.18118486]
-17.357021
[-1.          0.19414254  1.          1.        ]
-17.256557
[ 0.85679275  1.         -1.          0.24058767]
-17.461971
[-0.6221873   0.05763339 -1.         -1.        ]
-17.70205
[ 1.          0.01484403 -0.9308313  -0.6931836 ]
-17.554672
Episode 37: length=50, total_reward=-3.06
[-1.         -0.4528005  -0.63050836  1.        ]
-0.6355726
[ 0.96820533  0.19226763 -1.          0.03245363]
-13.19084
[-0.23626427  1.         -0.46158955 -0.3475278 ]
-15.910784
[-0.889878   -0.54984826  0.78142846 -0.9514462 ]
-25.125551
[-0.6922556  -0.8295019   0.18238509  0.11832567]
-24.12592
[-0.87327474 -0.07982719  0.31229147 -1.        ]
-21.25413
[-0.4442245  -1.          0.09256134 -0.8244212 ]
-18.55768
[ 0.6023757   1.          1.         -0.91836023]
-15.983606
[-1.         -0.91028196  0.9002432   0.4972963 ]
-14.909044
[-1.         1.         0.6645172  1.       ]
-13.965786
[ 0.31617647  0.43693542 -0.26063734 -0.74277395]
-14.466454
[ 0.16623421 -0.8097407   1.         -0.07347034]
-14.636801
[ 0.37036455  1.         -1.          0.6779607 ]
-14.524591
[ 0.38735086  0.46555272 -0.2346364  -1.        ]
-14.869772
[1.        1.        0.6395698 1.       ]
-15.024582
[ 0.02556326 -1.          1.         -0.99557626]
-15.669132
[-0.64494187  0.6650364   0.24645576 -0.1965587 ]
-15.6906185
[ 1.          0.02824578 -1.         -0.25118613]
-15.938316
[-0.06175345  1.         -0.14985317  0.03760164]
-16.12302
[ 0.17106666 -0.44220558  0.6157795   0.389508  ]
-16.587345
[-0.46511635 -0.00306968 -0.10093305 -0.10872063]
-16.959808
[-0.30799285  1.         -0.3683536  -0.9251084 ]
-17.269371
[-0.4320309  0.7473496 -1.        -0.1537514]
-17.543352
[-0.20986758  1.         -0.27342463  1.        ]
-17.949255
[-0.4539866   1.         -1.         -0.44086877]
-18.884056
[ 0.1147976  -0.24901932  1.         -1.        ]
-19.42562
[-0.39521116 -0.43513626  0.84557885  0.73277605]
-19.657104
[-1.  1.  1.  1.]
-19.90281
[ 0.8220678  -1.         -0.3830057  -0.02576258]
-20.349243
[-0.8885823   0.49045402 -0.0417093  -1.        ]
-20.565546
[-0.29795903  0.20514588 -0.25511286 -0.19710776]
-20.34909
[-0.6943594  -0.02363038 -0.8823526   1.        ]
-20.2153
[0.15396015 0.45696226 0.49154362 0.47604945]
-20.384462
[ 0.6968467   0.71062696 -0.39751735  1.        ]
-20.71867
[-1.         0.4580248 -1.        -0.4815905]
-21.364002
[-0.05393483  0.76583934  0.94715047 -0.8328096 ]
-21.474056
[-0.3320493  -0.9521391   1.         -0.89500797]
-21.443565
[ 0.6196171 -1.        -0.4719309 -0.9181254]
-21.09352
[-1.          0.7569505   0.13716927 -0.8675103 ]
-20.55023
[-1.        -1.         0.854267  -0.3272674]
-19.947756
[ 1.          0.70470756  0.06886715 -1.        ]
-19.382504
[-0.28006774  0.65421313  0.95718795 -0.03257229]
-18.849104
[-0.90085536  0.08617228  0.84532756 -0.40734497]
-18.470438
[-1.          0.13303323 -0.28782138  1.        ]
-18.139265
[ 1.         -1.          0.09262949 -0.8208691 ]
-18.125341
[-0.4867028  -0.7949566   0.7469171  -0.27628574]
-17.887953
[-1.         -0.09743997 -0.2863422   0.69796187]
-17.482994
[-1.          0.03936713 -0.82357746 -1.        ]
-17.394522
[ 0.594726   -0.71405727  0.6718801  -1.        ]
-17.00219
[-0.01736749 -1.          1.          1.        ]
-16.424042
Episode 38: length=50, total_reward=-3.66
[-1.         -0.7278575   1.         -0.92269886]
-18.079561
[-0.86420876  0.10414339  0.6224141   0.10773168]
-18.282707
[-1.         -0.63180673 -1.          0.43307713]
-18.412146
[-0.8448077   1.          0.14695938 -0.23975077]
-18.235945
[0.78916675 0.32625562 0.3787071  0.0591159 ]
-18.34517
[-1.          0.44084838 -0.7850861   1.        ]
-18.478678
[-0.7139769  -0.36260766  0.42578295 -0.2070432 ]
-18.414215
[-0.52385616 -0.06346288  1.         -0.13815562]
-18.556093
[-0.41668546 -1.         -0.09285569 -1.        ]
-18.85742
[-1.          1.         -0.11816441 -1.        ]
-19.289698
[-0.56644076  0.81842095  0.4326053  -0.785102  ]
-20.236559
[-1. -1. -1. -1.]
-21.648312
[ 1.         -1.         -0.55150014  1.        ]
-23.282862
[-0.58620614  0.17936504 -0.03218463 -1.        ]
-23.983976
[ 1.         -0.3009275  -0.8968263   0.20368657]
-25.471514
[ 0.7831753   0.40481088 -1.         -0.76390904]
-26.32845
[ 0.1830771  -1.          0.33673713  1.        ]
-27.131714
[ 1.         -0.6439408   0.9331646  -0.05670158]
-27.330078
[ 0.03833769  0.28918064  0.72918963 -0.347408  ]
-26.441422
[-0.12524767  0.03075744 -1.          0.5675789 ]
-25.721493
[-1.         -1.          1.         -0.17059952]
-24.930513
[ 0.8715606   0.08653963 -1.         -1.        ]
-24.865448
[-1.          1.         -1.         -0.26056927]
-23.082275
[ 0.16269529 -0.31460792 -0.965393    0.07033824]
-28.09998
[ 1.          0.9707791  -1.         -0.52484095]
-21.9586
[ 0.49338526  0.16199869 -0.1360616   1.        ]
-19.633844
[-1.          0.69694763  0.11103676 -0.8925066 ]
-20.796879
[ 0.0482015   0.73322284  1.         -0.04157543]
-20.95068
[-1. -1. -1. -1.]
-22.814474
[-1.         -0.25074658  0.86315894  1.        ]
-20.817919
[-0.75341725  0.81500214  0.9203293  -0.7445358 ]
-19.23168
[ 0.25261763  0.11667064  0.2114953  -0.6487169 ]
-18.424469
[-1.          0.71871805 -0.77494967  0.37196338]
-17.986439
[-1.          1.         -0.79442346 -1.        ]
-18.052137
[ 0.5189393   0.22411466 -0.37502944 -0.3604048 ]
-18.125904
[-0.49757     0.8856094  -0.57563984 -0.25092724]
-18.23713
[ 1.         -1.          1.         -0.11845124]
-18.351667
[-1.        -1.        -0.6597442 -0.9571363]
-18.30094
[-1.         -0.23201357 -1.          0.30275282]
-17.766626
[ 0.99395937  1.         -0.32407385  1.        ]
-17.425259
[ 0.6811808 -1.        -1.        -1.       ]
-17.68257
[ 0.7007154   0.40634298 -1.         -0.9097953 ]
-17.39598
[-0.08865372  0.80767655 -0.35493657  0.08881674]
-16.855465
[-0.17326477  0.41740352  1.          1.        ]
-16.580965
[ 0.82770294  1.          0.3236808  -0.9895305 ]
-16.857412
[-0.9931621   0.35217673 -0.4857033   0.3914207 ]
-17.037552
[ 1.          0.59709406 -0.19688897 -0.5499266 ]
-17.423914
[-0.63386834  1.         -0.10962309 -1.        ]
-17.667826
[1.         0.01081957 1.         1.        ]
-17.777985
[-0.41307494 -0.65728974  0.08536078  0.03814953]
-18.305681
Episode 39: length=50, total_reward=-2.94
[-0.78989506 -0.1286047   0.25321028 -0.957881  ]
-16.104311
[ 1.         -1.         -0.21439826  0.6450093 ]
-16.298073
[-1.         -0.68079835 -0.20782174  1.        ]
-16.171488
[-1.         -0.88856316  0.5137504  -0.33467257]
-15.760011
[ 0.3099903  -0.08806096 -1.          1.        ]
-15.480174
[ 1.         -0.9878653   1.         -0.15419964]
-15.099014
[ 0.6949194  -0.70231956 -0.78367704  0.22518042]
-14.853806
[ 1.          1.          1.         -0.37839118]
-14.503974
[ 1.         -0.41722885  1.          0.7020406 ]
-14.4357195
[-0.41709527  0.39886823  0.05252505 -0.8374312 ]
-14.143856
[ 1.         -0.11033066 -0.08496983 -0.8402621 ]
-14.1137495
[0.13737883 0.26565593 0.22681332 1.        ]
-14.360521
[ 0.7207416  -0.01387381 -0.5525266  -1.        ]
-14.271406
[-0.6691473  -1.          0.26328695 -0.5256523 ]
-14.518965
[-0.3828997  -0.202532   -0.77574366  1.        ]
-14.594473
[ 0.83136606  1.         -0.17007765 -0.50805354]
-14.404162
[1.         0.04782547 0.27232993 1.        ]
-14.590792
[ 0.494527  -0.5313695 -1.        -1.       ]
-14.448985
[-0.9438848  -0.6587847  -1.          0.27732018]
-14.645709
[-0.17122212  0.4274434   0.11592828  0.03639692]
-14.554884
[-0.43369284  0.70426625 -1.         -1.        ]
-14.473533
[-1.          0.00980988  1.         -0.20339064]
-14.800123
[ 0.42870355  0.8966759  -0.5976695   1.        ]
-15.020391
[ 1.       -1.        1.        0.570714]
-14.931816
[ 1.          0.06075007  0.45171985 -0.9882506 ]
-14.685701
[ 0.5754677 -0.3140405 -1.         1.       ]
-14.808847
[-0.6705914 -1.        -0.9112987  1.       ]
-14.721016
[-0.5384461  -0.49478632  1.          0.7137791 ]
-14.35404
[-1.          1.         -0.83524466  0.49489856]
-13.985156
[ 0.6914213   1.          0.77911717 -0.09391516]
-13.598494
[ 0.17745307 -0.3197048  -0.03611928  0.09899873]
-13.360232
[ 0.20005494  0.3788848  -0.83339393 -0.5963809 ]
-13.200807
[-0.52423716  1.         -0.7459346   0.8155931 ]
-13.30109
[-0.760121   -0.7581802   1.          0.15865211]
-13.315357
[ 1.          1.         -0.88110256  1.        ]
-13.314284
[ 0.07632267  0.7945804  -0.17110725 -1.        ]
-13.126635
[-0.14561565 -0.90117675 -0.8045761  -0.9081787 ]
-13.298863
[ 0.04269753 -1.         -0.6054184   0.81195277]
-13.686718
[-1.         -0.91994804  0.35826048  1.        ]
-13.756627
[1.         0.23710328 0.31783378 0.92792267]
-13.523859
[0.0383638 0.9184125 0.6753414 0.7410762]
-13.179697
[-1.         -0.5130638  -1.         -0.20863256]
-12.904891
[ 1.         -1.          0.7946209   0.82634974]
-12.761716
[ 1.         -0.37717012 -0.3640237   0.28507078]
-12.4167
[-0.11870127  1.          1.          0.41093525]
-12.100138
[-0.6333537  -0.24825856 -1.          1.        ]
-11.711868
[ 0.04503096 -1.          0.38767952 -0.78133035]
-11.282548
[-0.7380834 -1.        -1.        -1.       ]
-11.189302
[ 0.76724494 -1.         -0.07073323 -1.        ]
-11.2535515
[0.459221   1.         0.15212797 0.5057001 ]
-11.466078
Episode 40: length=50, total_reward=-4.21
[-0.7629236   0.48533916  0.22475617  1.        ]
-28.858036
[-0.75218844 -0.96691215 -0.22444335  0.49721307]
-29.009935
[ 1.          1.         -0.58977014  0.7378369 ]
-29.04804
[ 1. -1.  1. -1.]
-29.30073
[-0.45312425 -0.54861915  1.         -0.26556143]
-29.28331
[-1.         -0.4977372  -0.63331527  0.8706513 ]
-29.248087
[-0.6249652   0.26589856  0.03071364  0.32102907]
-29.336615
[-1.         -0.31892252 -1.          0.06066739]
-29.383701
[ 1.         -0.12961346 -1.         -1.        ]
-29.274963
[-1.          0.131449   -0.9969569   0.09876099]
-28.891293
[ 0.41432208  0.34866908  1.         -0.4978598 ]
-28.6068
[-0.29961583 -1.          1.          1.        ]
-28.246845
[-0.11323546 -1.         -0.9058592  -0.63306785]
-28.192142
[-1.         -0.1717145   0.70751166  0.9519854 ]
-27.889294
[ 0.5516741  -0.55466366  1.         -0.33700994]
-27.839912
[-0.4832968 -0.6181888  1.         1.       ]
-27.61621
[-0.31038833  0.98777914 -1.         -1.        ]
-27.674545
[ 0.0362923  -0.2931148   0.32125038 -0.31442803]
-27.207987
[-0.17194477  0.5613509   0.288891   -0.9266064 ]
-26.751234
[ 0.8967568   0.41374385  0.03588808 -0.15767112]
-26.101496
[ 0.63946825 -1.         -1.          0.5463997 ]
-25.657196
[-1.          0.14414085  0.15464444  0.15050767]
-25.470564
[-0.21140325 -0.80209345 -0.48633757  0.6283429 ]
-25.202866
[ 0.5765939  -0.30447865  1.          0.58887047]
-25.19926
[ 0.83491284  1.         -0.7870734  -0.02637968]
-25.414316
[-1.          0.39874732  1.         -1.        ]
-25.553417
[ 0.6321211  -0.0390436   0.42512584  1.        ]
-25.348434
[-0.60589224  0.6565793   0.50908726  0.78896964]
-25.527077
[-0.08655822 -0.8797745   0.20356914  0.59417117]
-25.825302
[-0.32296044  1.         -0.2050699   1.        ]
-26.047804
[-0.85025084  1.          0.6745704   0.6265634 ]
-26.42381
[-0.41006768  1.          1.          0.14391544]
-26.86331
[ 1.          0.49856153  1.         -0.03534674]
-27.111399
[ 0.03039003 -0.50284296 -1.          1.        ]
-27.245867
[ 1.         -0.62718    -0.06223331 -0.30325255]
-27.654919
[ 0.25939643 -0.9074721  -1.         -0.8022416 ]
-27.689861
[-0.5398195 -1.        -1.         1.       ]
-27.646679
[-1.         -1.         -0.06554077  1.        ]
-27.822517
[ 0.13590074 -0.04222416 -0.10516003  0.10809492]
-28.11626
[-1.          0.64053625  0.62359387  1.        ]
-28.394264
[-0.24875708 -1.          1.         -0.9869    ]
-28.85551
[ 0.42083284 -0.11675501 -1.          0.2433045 ]
-28.785385
[-1.          0.339359    0.06168475  0.33472154]
-28.914074
[1.         1.         0.68272656 0.32616118]
-28.946232
[ 0.09675587  1.         -0.6595119  -0.6958971 ]
-29.186958
[ 0.7587685   0.38015032 -0.5592159  -0.43480027]
-29.326931
[ 0.01693377 -0.13430266 -0.712115    0.81083226]
-29.334873
[-0.67169696  1.          0.06826952  0.441305  ]
-29.51653
-----------------------------
| time/              |      |
|    fps             | 713  |
|    iterations      | 1    |
|    time_elapsed    | 2    |
|    total_timesteps | 2048 |
-----------------------------
[-0.76129335 -0.09129483 -0.35417765 -0.8843727 ]
-29.620243
[-1.         -0.40741485  0.00158352  0.27210587]
-29.322628
Episode 41: length=50, total_reward=-5.49
[ 0.5614031  -0.4614361  -1.          0.44568807]
-30.207388
[-0.4805289   1.          0.05473147 -1.        ]
-7.753377
[1.         0.86926025 0.20767625 0.8572979 ]
-11.803397
[ 1.         0.9891808 -1.        -1.       ]
-18.458498
[ 0.6472622   1.         -0.364503   -0.64589864]
-20.626987
[-0.25875938  1.         -0.9861299  -1.        ]
-21.734013
[-0.52910495 -1.         -0.7068674   0.5073218 ]
-22.79243
[-0.45108652  0.19914922  0.3199112   0.96955717]
-22.923355
[-0.3423818  0.5337969 -0.8325939 -1.       ]
-22.87558
[-0.5554704  -0.88194954 -1.          0.53058225]
-23.402458
[ 1.          0.669982   -0.7077135  -0.44207314]
-23.792397
[-0.2227637  -0.15727441  0.7966891  -1.        ]
-23.99169
[-0.29471678  0.55034816 -1.         -1.        ]
-24.216852
[ 0.30405617 -1.          0.05295322  0.75110257]
-24.848774
[-1.         -0.00972381  0.32067928  0.55604744]
-24.580143
[0.6247798 0.7486929 1.        1.       ]
-24.619324
[ 1.         1.        -0.7589193  0.529705 ]
-24.31833
[ 1.         -0.40715426 -0.6824058   1.        ]
-23.938171
[-1.         -0.73798454 -0.460016   -0.6981911 ]
-23.163641
[-1.        -1.        -0.9957275 -1.       ]
-22.846708
[-0.9518056  -0.7457404  -0.2302823   0.35336876]
-22.856537
[-0.2367255   0.19179301 -0.21858919  0.59559524]
-22.88188
[-0.6205512   0.28689018 -0.14109212  0.24693081]
-22.845535
[ 1.          1.          0.84649223 -1.        ]
-23.0854
[ 1.        -0.7662669 -0.4039573  0.1138422]
-23.615095
[-0.14031795  0.05713774 -0.796483   -1.        ]
-23.3065
[-0.35436273  0.5714168   0.7846118  -0.8718211 ]
-23.353909
[-0.41653275 -0.6074686   1.          0.43204015]
-23.786545
[ 1.         -0.5254333  -0.33666664 -1.        ]
-23.834328
[-1.        -1.        -0.9711596  1.       ]
-23.435776
[-0.155191    1.          1.         -0.84692603]
-22.679844
[ 0.7073981  1.        -0.5450044 -0.2477135]
-22.638927
[ 1.          0.25031596 -1.         -1.        ]
-22.587963
[-1.         -0.44655785 -0.39010963 -0.8873922 ]
-22.375618
[-1.  1. -1.  1.]
-22.602882
[ 1.          0.97925305  0.6932749  -1.        ]
-23.379889
[ 0.3193198   1.          0.23414892 -0.11554965]
-24.256191
[-0.08387163 -0.04903684  1.         -0.7893746 ]
-25.001217
[ 0.60943615  0.04052942 -1.         -1.        ]
-25.662594
[-0.7973167  1.         1.         0.6563979]
-26.213364
[-0.9643162   0.9808358  -0.36904836 -0.8212814 ]
-26.792376
[0.86841404 1.         1.         0.04132339]
-27.723759
[ 0.9680281  -1.         -0.10744648  0.76839495]
-28.26651
[-1.        -0.7924302  1.        -1.       ]
-27.870743
[-0.85498244 -0.10693579  0.33878     0.95324683]
-28.151825
[ 0.68785036 -0.726641   -0.666376    0.64032847]
-28.326576
[-0.7421712   0.41462275  0.4734443  -1.        ]
-28.043331
[-0.33238742  0.6202827   1.         -1.        ]
-28.43379
[ 0.07438412 -0.8360801   1.          1.        ]
-29.333078
[-0.28255552  1.          0.9146285  -1.        ]
-29.580757
Episode 42: length=50, total_reward=-3.75
[-0.5378402   1.         -1.         -0.10497862]
-24.22036
[-0.76079994 -1.          1.         -1.        ]
-24.088877
[-0.77075064 -0.15610136  0.77370656  0.8042484 ]
-23.65962
[-1.         -0.06547116  1.          0.35562792]
-23.521002
[-0.12369171  0.3242882  -0.85505545 -1.        ]
-23.438381
[-0.250374  -0.4674026 -0.1861602 -1.       ]
-22.96181
[-0.12054193  0.29010725 -0.74578923  1.        ]
-22.256634
[ 0.50921565  0.4785796   0.13574347 -0.68493736]
-22.038954
[ 1.         -1.          0.23462127  0.5205612 ]
-21.620346
[-0.27266562  0.1538619  -0.05359546 -0.73080605]
-21.422909
[-0.61218977 -1.          1.         -1.        ]
-21.04165
[ 1.         -1.         -1.         -0.37323883]
-20.475111
[-0.06334843 -1.         -0.4905867  -1.        ]
-19.997627
[ 0.23399031  0.7382594   0.8585795  -0.8481279 ]
-19.302748
[-1.          0.56908965  0.24378873  0.7256403 ]
-18.694576
[-0.6628726  -0.48145318 -1.          0.31031397]
-18.52276
[ 0.40148252  1.         -0.14899021  0.07768807]
-18.447378
[-0.5075921  -0.38090992 -0.36305737 -0.28614634]
-18.45766
[-1.         -0.29434282 -0.815533    0.09155068]
-18.36426
[ 1.          0.07465775 -1.         -0.07732191]
-18.252165
[-1.         -1.          0.42037785 -0.47280848]
-18.148935
[-0.7368148  1.         0.8501159  1.       ]
-17.751549
[ 0.52248526 -0.8000877  -1.         -0.9679554 ]
-17.831444
[ 0.6925416   0.9267958  -0.8369254   0.40049568]
-17.512676
[-0.31839436  0.5740939  -0.3668766   0.11990792]
-17.490269
[ 0.8917215   1.          0.03424124 -1.        ]
-17.547771
[-0.17117657  0.3763919  -0.1594558   1.        ]
-17.399391
[ 0.5900008  1.        -0.8446733 -0.7051853]
-17.494978
[ 1.         -0.7007955  -1.         -0.60422885]
-17.456985
[ 2.36526668e-01  1.00265846e-01 -1.60284340e-04  8.14471126e-01]
-17.279152
[-1.          0.4282596  -0.83093494 -0.71696687]
-17.468512
[-0.54200673 -0.9830663   1.         -0.3646508 ]
-17.530617
[-1. -1. -1. -1.]
-17.440878
[0.5365383  0.26432925 1.         1.        ]
-17.084171
[ 0.84846634 -0.9212581  -0.17565131 -0.05004959]
-17.190413
[ 1.          0.31948307  0.5621206  -0.81917274]
-17.098938
[ 0.18985619 -1.          0.02240568 -0.36603397]
-16.826788
[ 0.2600698  0.8620592  1.        -1.       ]
-16.47596
[ 0.43785247 -0.8231625  -1.         -1.        ]
-15.988661
[-1.          0.90306616 -0.5806894   0.27010554]
-15.436191
[-1.         -0.65097135  0.05988429  0.7481595 ]
-15.403425
[-1.          0.37360132  0.92935604 -0.00224993]
-15.515641
[-1.          1.          0.3071954   0.30906647]
-15.59066
[ 0.9751935   0.1487588   0.3186614  -0.21494207]
-15.83021
[ 0.29350767  1.          0.7490859  -0.3938387 ]
-15.967226
[-0.39205447  0.1493834   0.04805794 -1.        ]
-16.077913
[ 1.         -0.8368847  -0.29820448  0.1582382 ]
-15.934805
[ 0.237555    0.9115428  -0.04881382 -0.04485596]
-15.856896
[ 0.68873984  0.2033488  -1.         -0.6132641 ]
-15.85464
[ 1.        -0.5138855  1.         1.       ]
-15.726271
Episode 43: length=50, total_reward=-4.48
[ 1.          0.01205041 -0.20795688  0.24755481]
-8.0962305
[ 0.57592213 -1.         -0.9301113  -0.32902712]
-8.111479
[ 0.37725705 -0.8472934   0.3789608  -0.80971694]
-8.234885
[-0.27893457  1.         -0.15491824 -0.19576566]
-8.523247
[ 0.09695922  0.9989881   0.03081207 -0.08177549]
-8.736993
[ 0.6400099 -0.8524868 -1.         1.       ]
-8.96345
[ 0.40214702 -1.         -1.          1.        ]
-8.803627
[ 1.          0.89705575 -0.754985    1.        ]
-8.320253
[-0.3186736  -0.24636807 -0.74149483 -0.43368274]
-7.8804007
[0.09535919 0.35255566 0.72809166 1.        ]
-7.6424627
[0.84781116 1.         0.88588953 0.6950061 ]
-7.235321
[ 0.78179383 -0.71148217 -0.7276274   0.09061227]
-7.060625
[ 0.21293204 -1.          1.          0.93150294]
-7.0683126
[ 0.9859181  -0.8476727   0.6339167  -0.79723465]
-6.824536
[-0.57213145 -0.9686613  -0.03546961 -0.4565633 ]
-6.943044
[0.3826876  1.         1.         0.79800415]
-7.070682
[-0.7474751  -0.18348937  0.18869305 -0.02370727]
-6.982335
[ 0.58350766  1.         -0.5983485   0.8026947 ]
-6.8868103
[ 1.         -0.03223595 -0.5022742   1.        ]
-6.6941347
[-0.342312   -0.03038905 -0.19599143 -0.60418034]
-6.3108597
[-0.9211916  -0.482302    1.          0.88774884]
-6.287816
[-0.0988321  -0.36182925 -0.5131146   0.02523727]
-5.955257
[-0.7160719  -0.63729787  1.          0.5769461 ]
-5.6867723
[ 0.6017657  -0.09604727  0.44742954 -1.        ]
-5.3132334
[-1.         -0.12669286 -0.897882    0.09377985]
-5.3740697
[-1.         -0.3575495  -0.36325637 -0.29167718]
-5.2872305
[ 0.05267239  0.56441385  0.8350185  -0.41126013]
-5.329036
[-0.5552593   0.35928026  1.         -0.937023  ]
-5.4474335
[ 1.        -1.        -1.         0.5689545]
-5.543194
[-0.3644111   0.09997442 -0.5072147  -0.01164878]
-5.4416666
[-0.43953103 -0.34758994  1.         -0.6842584 ]
-5.3022404
[ 0.27707157 -1.          0.5557109   1.        ]
-5.4361334
[-1.         -0.5510171  -1.         -0.16802567]
-5.2225256
[ 0.51465017 -1.         -1.          1.        ]
-5.106873
[ 0.10727489  1.         -0.88143814  0.16936496]
-4.7593756
[ 0.47624877  0.10124138 -1.         -1.        ]
-4.4549875
[ 0.52525675 -0.7978997  -1.          1.        ]
-4.613265
[ 1.          0.32124338 -0.9842516  -0.4838928 ]
-4.547994
[ 0.7737909 -1.        -0.3176456 -1.       ]
-4.688629
[-0.54931796 -1.          0.8249181   1.        ]
-5.1033883
[-0.4134065  -0.12127099 -1.          0.37013328]
-5.079704
[ 0.5759869  -0.16699699 -0.5700481   0.957145  ]
-4.9955134
[ 1.          1.         -0.17863777 -0.6769867 ]
-4.7066503
[-0.9016775  -0.90146995 -1.          0.00285899]
-4.846915
[-1.          1.          0.24426788 -0.1894462 ]
-4.9212513
[-1.         -1.          0.15103239 -0.30559543]
-4.9554515
[ 1.          0.5444007   1.         -0.02995536]
-5.0707006
[ 1.         -1.         -0.14693463  1.        ]
-5.1288657
[-0.35227618  0.4380234  -0.7259115  -1.        ]
-4.8067336
[-0.28577676  0.84355426 -0.50720024 -1.        ]
-4.9150124
Episode 44: length=50, total_reward=-3.44
[-1.         -0.18803704  0.65303975  1.        ]
-30.031097
[ 0.88896346 -0.05002873 -0.03295823  0.36431012]
-14.4326725
[-0.19031316 -0.46613908 -0.513055    1.        ]
-12.991688
[-0.9963011  -0.90234077 -0.8365157  -0.29232112]
-10.657776
[-0.8116644   0.1098676  -0.85630673  0.83348346]
-9.108178
[-0.7595655   1.         -0.25647518 -0.02112654]
-9.8467045
[-0.14219165  0.02706295  1.         -1.        ]
-11.738588
[-0.93686336  1.         -0.25523013 -0.76241434]
-12.584345
[-0.4614657 -0.671278  -0.4923446 -1.       ]
-13.564198
[-0.06723383  1.         -1.          0.30349877]
-13.449168
[ 0.60662246  0.74734086  0.59753275 -0.9328736 ]
-13.960457
[ 0.8265757  -0.03892176 -0.80050623 -1.        ]
-14.251556
[ 1.          0.24104747 -0.19122697  0.6601478 ]
-14.151759
[ 0.16483738  0.5355146  -1.          0.8431309 ]
-14.30014
[ 1.         -0.8197352   0.17680655  0.4284797 ]
-14.905062
[ 0.7753832   1.         -0.25479144 -1.        ]
-15.14637
[-1.         -0.766685    0.616682   -0.81110275]
-15.393351
[-0.5293551   0.56382865 -0.71331406 -0.18596035]
-15.287773
[-1.         -0.7918745  -0.16329536  1.        ]
-15.317179
[-0.06339997 -1.          0.0431677   0.74744964]
-15.44433
[-0.7909428  -1.          0.24881668 -0.4503398 ]
-15.310954
[0.881061  1.        0.7118148 1.       ]
-14.731894
[ 1.          0.4739191  -0.84131384 -0.19505225]
-14.970346
[-1. -1. -1.  1.]
-15.213117
[-0.06703256 -1.          0.50876194 -0.7240562 ]
-15.250656
[-1.         -1.         -1.          0.11157369]
-14.603
[-0.25583315  0.04759675 -0.70443594  0.19594857]
-13.794395
[-0.11892615  0.8207067   1.          1.        ]
-13.323597
[-1.         -0.05168489  0.41935745 -0.7968066 ]
-13.491086
[ 1.          0.5116025  -0.69655764 -0.36295062]
-13.430153
[ 0.49958712 -1.         -0.53640074  0.9482825 ]
-13.321192
[ 0.7379293  -0.68743724 -1.          1.        ]
-13.191635
[1.         0.36561942 0.10250385 0.65417504]
-12.8878975
[-1.          1.          0.55961806  1.        ]
-12.687162
[ 1.          0.576209    0.14155208 -0.7031679 ]
-12.971981
[-1.         -0.03195475 -1.         -0.44764253]
-12.966179
[-1.         -0.8931048  -0.28273526 -0.2043062 ]
-12.934553
[ 1.          0.91366553 -1.         -0.10768336]
-12.692308
[ 0.29503217  0.59479994 -1.          0.4271881 ]
-12.648457
[ 1.         1.        -1.        -0.3029688]
-12.936459
[-0.27922413  0.40174928  1.          0.85129356]
-13.354052
[ 0.78027236  0.48980093 -0.21188559  0.7556773 ]
-14.175047
[-0.0650057 -0.7643471 -1.        -0.7194052]
-15.325998
[-0.03909082  0.6257032   0.13601494 -1.        ]
-15.765526
[ 0.05569777 -1.          0.83483934  0.2723227 ]
-16.408762
[ 0.18942806 -0.6762735   0.22827435  0.23479699]
-16.608603
[-0.25253713  0.02702036  0.39971077  0.6501319 ]
-16.64312
[ 0.8055767   0.6634034  -0.76999843 -0.9631409 ]
-16.934338
[-0.53953546  0.23603982 -0.5506668  -0.80881953]
-18.169731
[ 1.         -1.          0.256167    0.30848378]
-19.929502
Episode 45: length=50, total_reward=-3.06
[ 0.6198689  -0.07646187  1.          0.29445094]
-3.368611
[ 1.          0.6823952   0.29318035 -0.7043884 ]
-3.2510278
[-1.        -0.6495189  1.         1.       ]
-3.3538864
[1.        1.        1.        0.9730913]
-3.0391314
[-1.          1.         -0.67321545  0.9737832 ]
-2.7274134
[ 1.          0.66988826 -0.4266791  -0.53875124]
-2.2910316
[-0.5603448   0.5730891   0.46283105  0.12780525]
-2.385054
[-0.5137513   0.58045673  0.5809344   1.        ]
-2.3424633
[-1.         -0.48898977 -0.01632282 -0.4459314 ]
-2.0538387
[-1.          0.44505793  0.8914285   0.5219669 ]
-1.9533645
[-0.51716036 -0.2725149  -0.767359   -0.35647768]
-1.7212547
[-0.01455747  1.          0.53656834 -0.001884  ]
-1.5113895
[ 0.12503397  1.         -0.58770865  1.        ]
-1.2902278
[-1.         -0.05704105  0.15631568 -0.5464272 ]
-0.8196852
[-0.7971028 -1.        -0.2945864  1.       ]
-0.5153681
[ 0.8096913  -0.5457609   0.88539433  1.        ]
-0.040408887
[0.49285    0.16172013 0.302041   0.6973399 ]
-0.6444275
[ 0.10128461 -0.3388541   0.07958602  0.15339275]
-1.2142569
[-0.9838891   0.04523465 -0.59382325  0.46793598]
-1.5159323
[ 0.91318095  0.89071536  0.18576816 -1.        ]
-1.9002675
[-0.10949056 -1.          0.16600752  0.00663694]
-1.8683147
[-0.02634194 -1.          0.45654634  0.5845841 ]
-1.8793725
[ 1.         -0.38321584 -0.1060586   0.5006571 ]
-1.9895457
[-0.55780154  1.          1.         -0.40580675]
-2.0146751
[-1.          0.8828921  -0.15111037  0.25850227]
-2.0421882
[-0.39298055  0.62484324  0.12773721  0.43414903]
-2.2219224
[ 0.4031052   0.23239818 -1.         -1.        ]
-2.6327887
[-1.          0.03919871  0.757019    0.8270617 ]
-2.7011104
[ 1.         -1.          0.27975735  0.27622882]
-3.1560123
[-0.17311394 -1.          0.39573455  0.54154736]
-3.4174094
[-1.          1.         -1.          0.37474144]
-3.688305
[-1.        -1.         0.9144765  1.       ]
-4.1947913
[ 0.4125294   0.17665035 -0.02252258 -0.48261803]
-4.8613567
[ 0.67240995 -0.1547231   1.          0.07716233]
-5.1369305
[-1.          0.77467096 -0.450338   -0.37793893]
-5.2954493
[-0.2033138   0.8052589  -0.36120963  0.38734964]
-5.453273
[ 0.51601946 -0.6908077   0.22417521 -0.40536755]
-5.7821517
[-0.37754297  1.         -0.4011261   0.47315234]
-5.8496337
[-1.          0.6251445  -1.          0.47602522]
-6.2113767
[ 0.5880103  -0.3788365   0.80593127 -0.44695488]
-6.6293197
[-1.         -0.00532524 -1.          0.33908936]
-6.786981
[-1.         -0.36613923 -0.81651235  0.97593206]
-7.100467
[ 0.90627515  0.38254717  0.12872818 -1.        ]
-7.717734
[ 0.32227188  0.53124493 -0.45562485 -0.37005827]
-7.81209
[ 1.          0.7145327  -0.02731039 -0.5016023 ]
-7.811584
[-0.06686364  0.26961878 -1.          0.16937871]
-7.7401443
[-0.25813872  1.         -1.         -0.728005  ]
-7.728963
[ 0.6976015 -0.6683542  0.7526355 -0.5577203]
-7.76885
[ 0.7002837   0.01020149 -0.3559035  -0.2464388 ]
-7.5933313
[ 0.13166222  0.89602035 -1.          0.146979  ]
-7.323575
Episode 46: length=50, total_reward=-1.50
[-0.00808753 -0.09927925  0.7423708  -0.16779344]
-21.939278
[-0.80128145  1.         -0.08072208 -1.        ]
-22.074257
[-0.66283315 -1.         -1.          1.        ]
-22.504745
[-0.2600262   1.         -0.74894166  0.46858165]
-22.464533
[-1.          0.8337267   0.74899465 -0.47944397]
-22.36927
[ 0.32311314  0.6978922  -0.21533556 -0.19043814]
-22.710758
[ 1.         -0.18768364 -0.8566968  -0.90606546]
-23.041645
[-1.        -1.         0.6259857 -1.       ]
-23.48227
[ 0.33258978 -0.4793511  -0.39605328  0.1794452 ]
-24.063864
[ 1.         0.649818   0.7114161 -1.       ]
-24.383106
[ 0.74212694  0.16533017 -0.6698341   0.28737253]
-24.777561
[-0.2465315  -0.71033347 -0.94911015 -1.        ]
-24.866068
[-0.13007991 -0.2503015   0.10604373  0.42063996]
-25.110401
[ 0.9143331   0.94459635 -1.         -0.14500283]
-25.111494
[ 0.16355087 -0.75534576 -1.          1.        ]
-25.120071
[-0.505001    0.74578404 -0.71630484  0.3648903 ]
-24.791088
[ 0.07938984 -0.88792956  0.12596025 -0.3119113 ]
-24.601461
[-1.          1.         -0.65487564  0.97229564]
-24.404154
[-1.         -0.08828641  1.         -0.11495547]
-24.293324
[-0.86760783 -0.4162711   0.11713237 -0.8499593 ]
-24.461124
[ 1.         -1.          1.         -0.37049946]
-24.954544
[ 0.6519077  -0.08470252  0.39652133 -0.11653139]
-25.19347
[ 0.89437675  0.26740658 -0.44447732  0.3759365 ]
-25.291458
[-0.5416592  -0.11317021  0.87745655  0.02230398]
-25.043842
[-0.02543873  0.32812658  0.18125772  1.        ]
-25.019424
[-0.2541417   1.         -0.5741124  -0.52055466]
-24.71512
[ 1.          0.23857988  0.37588385 -0.6759486 ]
-24.801294
[ 0.11985963 -0.02773433 -0.4269712   0.8682774 ]
-24.93786
[ 0.58653224 -0.2899939  -1.          1.        ]
-24.733257
[-1.          0.79986763 -0.9500624   0.9101868 ]
-24.244873
[ 0.7182857  -0.330362   -0.22027303 -1.        ]
-23.963709
[0.17044672 1.         0.68843657 0.0185151 ]
-24.024927
[1.        0.1497502 0.8473731 1.       ]
-24.164694
[ 1.         -0.4211331  -0.3329995  -0.21467942]
-23.894375
[0.51919335 0.03200351 0.26929516 0.16515645]
-23.68404
[ 1.         -0.38574287 -0.1394371   0.05838313]
-23.460651
[-1.         1.         1.         0.9252208]
-23.20447
[0.68378717 1.         0.2205733  1.        ]
-22.91239
[-1.          0.44539964  1.          0.5094628 ]
-22.494396
[-0.2915507   1.         -0.41353083 -1.        ]
-22.33746
[-0.54622066 -0.6799713   0.96796274 -1.        ]
-22.586971
[-0.05498867  0.5450445  -0.04067047 -0.99986136]
-23.046543
[ 0.63860536 -0.35373074  0.33198383  0.9845853 ]
-23.647432
[ 0.17817208 -0.92435753 -0.984187   -1.        ]
-23.739925
[-0.5374861   1.          1.         -0.19723298]
-23.92675
[-0.06830636  0.81062686 -0.39764383 -0.10580839]
-24.14967
[1.         1.         0.08253062 1.        ]
-24.466373
[-0.6935566  -0.01706818 -1.         -0.9301448 ]
-24.337105
[ 0.97264445 -0.65474844  0.7285647   1.        ]
-24.56847
[-0.32045975 -1.          0.9972522  -0.7903402 ]
-24.339409
Episode 47: length=50, total_reward=-3.65
[-0.41464996 -1.          1.         -1.        ]
-13.64003
[-0.24934328  0.27461502 -0.9713314  -0.04567858]
-5.457087
[-0.57413334  0.26583734  0.537741    0.5571964 ]
-6.5100627
[-0.40086284 -1.         -0.01161985 -0.67306805]
-8.498105
[-0.69999117 -0.73573977  1.          0.06733561]
-8.436074
[-0.88332486  0.3112272   1.         -0.13443065]
-8.594884
[-0.99432266 -0.33828127 -0.3030134   0.9687822 ]
-9.305815
[-0.05828184  1.          0.74758697  0.37878802]
-10.179328
[ 0.3383868   0.31745958  1.         -0.12015255]
-11.051237
[ 3.4387666e-01  8.1486821e-01 -8.8804215e-04 -9.5461905e-01]
-11.673811
[1.        1.        0.0987002 1.       ]
-12.163036
[ 0.9808159   0.36275053 -0.04129106 -0.20510215]
-13.112408
[ 0.19457678  1.         -0.08850669  0.87507874]
-13.910997
[ 0.711079   -0.20964673  1.         -0.11658464]
-15.117996
[-0.02564045 -1.         -0.43281373 -1.        ]
-15.872155
[-0.44718444  0.43019372  0.01854547  1.        ]
-15.851904
[-0.5143542  -0.49910095 -0.48993817 -1.        ]
-16.37778
[-1.          0.23301339 -0.63684106 -0.27820376]
-16.335117
[ 1.         1.        -1.        -0.8134293]
-16.056387
[-0.5203321  -0.80632097 -0.01914109 -0.8545079 ]
-15.953127
[-0.54022324  0.61936456  0.14935961 -0.07741293]
-15.414916
[-1.         -0.6548447  -0.74839866  1.        ]
-15.317203
[ 1.         1.         0.5383215 -1.       ]
-15.3580675
[-0.5475462  -0.55777913 -0.45787254 -1.        ]
-15.318962
[0.8978593  0.12316523 0.56233376 0.3488602 ]
-15.021058
[0.80072755 0.00686404 1.         1.        ]
-15.036951
[ 0.08901707 -0.6288165  -0.91932696  0.09714928]
-15.382653
[0.27254152 0.3888936  0.11781491 0.49345538]
-15.497137
[-0.27679634  1.          1.         -1.        ]
-15.695382
[ 0.8297069   1.         -1.          0.57874304]
-15.76387
[ 0.04989831  0.02880003  1.         -0.52754563]
-16.294182
[-0.89185596 -0.6314626  -0.7477895   0.1949636 ]
-16.665909
[ 1.          0.3215074   0.23988968 -0.4755648 ]
-16.77795
[-1.          0.56101567  1.          0.37535942]
-16.965496
[ 0.5075275  -0.22111478  1.          0.07380532]
-17.451838
[ 0.51655644  1.         -0.570088    1.        ]
-17.715319
[ 0.1388498   1.          0.23193951 -1.        ]
-18.659695
[ 1.         -1.          0.59064376  1.        ]
-19.604986
[-0.02949028 -0.26666522  0.65260184  0.01199724]
-20.61554
[ 0.9445109   1.         -0.44292325  1.        ]
-21.406403
[ 0.9546439   0.96201956  0.13660006 -0.89352816]
-23.132267
[-0.8946661  -0.6317648   0.21810806  0.29919234]
-25.283022
[0.62284744 0.7683521  0.01611706 0.4869804 ]
-26.739923
[ 0.07725476 -1.          0.8628935  -0.7663279 ]
-28.74084
[-0.7510453  -0.20856467  0.71958965  0.6863375 ]
-30.080212
[-0.6190519   0.42683583  1.          0.72137284]
-31.09391
[-0.12546031 -0.11496001  1.          0.20362309]
-31.155241
[ 0.39525178  1.         -0.46941406  1.        ]
-30.694483
[ 0.18367073  0.34895593 -0.35170043  1.        ]
-29.927906
[-0.483271    0.8271637   0.9292788   0.88393676]
-29.077782
Episode 48: length=50, total_reward=-2.78
[0.6984856  0.51148033 0.19378513 1.        ]
-6.549232
[-0.61887634 -0.61725765 -1.         -0.44179958]
-6.3877354
[-0.56329095  0.5186051  -1.         -0.17130983]
-6.3502474
[-1.          1.          0.01705761 -0.3970078 ]
-6.3972163
[-0.43163243  0.12822714  1.          0.25983042]
-6.3953886
[ 1.         -0.74092895  0.16688666 -0.95848507]
-6.1717105
[0.6286738  0.9174328  0.64542806 0.6225308 ]
-6.1729546
[ 0.3888265   1.          0.34725243 -0.14140989]
-6.072872
[ 0.09628264 -0.03676853  0.40913025  0.4118795 ]
-6.0189314
[-1.         -1.          0.0567709  -0.08585197]
-5.8311486
[ 1.         -0.527608    1.         -0.97666395]
-5.828054
[-1.          1.         -0.47462422 -0.4621996 ]
-6.0917497
[-0.2480945  0.0288749 -1.        -1.       ]
-6.2301755
[ 0.06516886 -1.         -0.23972656  1.        ]
-6.5346785
[ 0.92226213 -1.         -1.          0.37923393]
-6.3850665
[ 0.6227267   0.07719207  0.54477787 -1.        ]
-6.26723
[1.         1.         0.49537763 1.        ]
-6.478193
[ 1.          0.13642779 -1.         -0.41798136]
-6.4446554
[-0.9927955  -0.7561731  -0.07659532  0.28967804]
-6.7563114
[ 1.         -0.43162602  0.1927331  -0.36226773]
-6.842724
[ 1.         -0.10142559 -0.83480525  1.        ]
-7.189222
[-0.06709161  0.17619511  1.         -0.0490677 ]
-7.357727
[ 1.          0.10828062 -1.          0.4915524 ]
-7.5038247
[-0.80049264  0.6954307  -1.          0.48022655]
-7.513824
[-0.20039779 -0.49999297 -0.4892003  -0.9093505 ]
-7.466493
[ 0.05111497  1.          1.         -0.52420926]
-7.7554665
[-0.34488195  1.          1.         -1.        ]
-8.066956
[ 0.5478563  -1.          0.21588604  0.27507788]
-8.579045
[-0.02080024 -0.3534615   1.         -0.11168741]
-8.777342
[ 0.98094124 -1.          0.34627968 -0.2583905 ]
-8.97555
[ 1.          0.11150225 -0.58724314  0.10559573]
-9.193107
[ 0.45601606  0.04770124  1.         -0.8570996 ]
-9.283195
[-0.81367815  0.73329854  0.6657669  -0.17160979]
-9.593433
[ 0.27632415 -0.9988586  -0.28106254 -0.23204613]
-9.767927
[-0.03523835 -0.6525625  -0.0485148   0.03382359]
-9.921335
[-0.25214362  1.         -0.2751646   0.3264087 ]
-9.963535
[-0.89801866 -0.5317359   0.90804857  1.        ]
-9.872131
[ 0.45470637  1.          0.07963638 -1.        ]
-9.548068
[ 0.3958382   1.         -0.46509442  0.26546612]
-9.698748
[ 1.          0.5269104  -0.74058926  0.83188653]
-9.718776
[1.         0.28117067 0.80105215 1.        ]
-9.610666
[ 1.          1.         -1.          0.57967746]
-9.3222475
[ 0.46957168 -0.1537485   0.40739137 -0.5018472 ]
-9.104027
[ 1.          0.40979964 -1.         -0.35378957]
-9.096533
[0.316182   1.         0.19326146 0.5035807 ]
-9.276155
[-0.42437628  1.         -1.          1.        ]
-9.281254
[0.76024234 0.4292029  0.03583917 1.        ]
-9.095501
[-0.5414295  -1.          0.48460546  0.7835523 ]
-8.777699
[-0.19056967  0.21438324 -0.25339496 -0.29917103]
-8.366362
[ 1. -1.  1. -1.]
-8.286158
Episode 49: length=50, total_reward=-3.00
[-1.          0.09767082 -0.5071511   0.20014572]
-2.2893293
[-1.         -1.          0.13343817 -0.46386302]
-2.1137533
[ 0.30622745  0.4479726   1.         -0.6294214 ]
-2.0039234
[-0.8103825  -0.6846717   0.4810844   0.79454935]
-2.0837793
[-0.38896233 -1.          0.36959928  0.43358997]
-1.6138184
[ 0.12144966  1.          0.3807236  -0.46454278]
-1.1463375
[0.71629405 0.99619544 0.31443465 0.71489197]
-0.9081576
[-0.48301488  0.41229022 -0.6479457   1.        ]
-0.62592745
[-1.         -0.02716749 -1.         -1.        ]
-0.15203762
[ 0.3835199  0.3945939 -0.2797275 -0.5685911]
-0.040342133
[-0.27638668  1.          0.7083969  -0.45493758]
-0.015322511
[-1.         -0.3150275  -0.8145304  -0.41926947]
-0.027850281
[ 0.41658044 -1.          1.          0.746855  ]
-0.012987284
[ 1.          1.         -0.27496606 -0.74495107]
-0.2941003
[1.        0.8546954 0.8641785 1.       ]
-0.25391728
[-1.         -1.          1.         -0.27382016]
-0.42372835
[ 0.09674718  0.9300435  -1.          1.        ]
-0.654379
[ 0.424311    0.7882954   0.65469074 -0.4142786 ]
-1.0997207
[0.01633465 1.         0.44602305 0.6966248 ]
-1.3780886
[-0.15243615  0.4004111  -0.49741858  0.78817767]
-1.7864656
[-0.9272928  -0.12081747  0.30704993 -1.        ]
-2.3492188
[ 0.04941138 -0.8295585   1.         -0.35873243]
-2.631587
[ 0.2780189   0.19378364  0.8579727  -1.        ]
-2.781681
[-1.          0.31232598 -0.3912397   0.83276546]
-2.6537743
[ 0.8198764  -0.82053846 -0.09658466 -1.        ]
-2.9316077
[-1.         -0.6797117  -0.10429337 -0.3599934 ]
-2.7998483
[-0.6891907 -0.7052682  1.        -1.       ]
-2.7172458
[ 0.4980998  -0.00670301  0.42004406 -0.7927051 ]
-2.544107
[-1. -1. -1.  1.]
-2.1585748
[-0.9063153   0.40770817  0.66166     0.18479593]
-2.284932
[ 0.8621039  -0.32619676  0.72889984  0.6651433 ]
-2.5506964
[-0.01958049 -1.         -1.          1.        ]
-2.9131305
[ 0.25703895  0.36264363 -0.47205013 -0.3378997 ]
-3.38095
[ 1.         -0.37456176  0.0780592   1.        ]
-3.5681992
[ 0.8905855   1.         -0.60610855 -0.05854579]
-3.9158516
[-0.7143996   0.40158743  1.         -0.29561824]
-4.118073
[ 0.15820184  0.9981698  -1.         -0.7962659 ]
-4.2386847
[ 0.55969983 -0.889514   -0.28700876 -1.        ]
-4.1376524
[ 0.6078628   1.         -0.868744   -0.84313154]
-3.7165575
[0.00713484 0.09609824 1.         0.05386338]
-3.2952774
[-0.61872756  0.4493835  -0.27894875  0.48910415]
-3.0237472
[ 0.17781325 -0.6612504   0.21831118  1.        ]
-3.0498254
[ 1.2457765e-01 -6.8051118e-01  9.4213895e-04 -1.0000000e+00]
-3.2389765
[ 0.28653896 -0.549541   -0.92322826  0.46525818]
-3.0388727
[ 0.00335488  1.          0.13711062 -1.        ]
-2.88154
[-1.         -0.80831474 -0.8960941  -0.27015936]
-2.6118507
[-1.          0.6283297  -1.         -0.23905963]
-2.4375143
[ 0.5749211   0.90297323  1.         -1.        ]
-2.348847
[ 1.        -0.3646206 -1.         1.       ]
-2.062206
[-0.9759983   1.         -0.49907464 -0.16779514]
-2.1149728
Episode 50: length=50, total_reward=-1.99
[-0.7339019  -0.11696413  0.22891521 -0.42630747]
-23.404905
[ 1.          0.42794698 -1.         -0.15800822]
-23.251362
[ 1.        0.495048  1.       -1.      ]
-23.29321
[ 0.2861442   1.         -0.07990582  1.        ]
-23.23062
[-0.6843977   1.          0.80453515  0.567415  ]
-23.563578
[0.30269724 0.2644337  1.         1.        ]
-23.996773
[ 0.4690432  -1.         -0.8572832   0.24702838]
-24.558697
[ 0.00411088 -0.58574927 -0.13854729  1.        ]
-24.925674
[ 0.9297717   0.65081555  0.60318846 -1.        ]
-25.34615
[-0.33093882  1.          0.3601323   1.        ]
-25.574135
[ 0.12656644  0.23969604  0.6918088  -0.3659591 ]
-25.99306
[ 0.71439666  1.         -0.982115    1.        ]
-26.165531
[-1.         -0.27816465  1.         -1.        ]
-26.717258
[-0.18105654 -0.7633959   0.1177177  -0.44535044]
-26.75788
[-0.87581265 -1.          0.16039604  0.39318442]
-26.65768
[ 1.          0.88092345 -1.         -0.5917382 ]
-26.519224
[-0.14377344 -0.10897614  0.65650094  0.48662704]
-26.286243
[-1.         -0.76603687 -0.23044316 -1.        ]
-26.289906
[-0.5827369   0.77223766  1.          1.        ]
-25.845219
[-0.5762074  -0.41222054 -0.34106916  0.1971479 ]
-25.749092
[-0.18055277 -0.85855937  0.16252391  0.58008647]
-25.62112
[-0.8393122  -0.96962553  1.          0.18400228]
-25.600357
[ 0.15851855 -0.10739975 -0.93566364 -0.43581828]
-25.498226
[-0.93352413  0.79632545  0.3703712  -0.878669  ]
-25.244137
[-1.         -0.28696746  0.9593597  -0.07586606]
-24.708422
[-0.61723614 -1.         -0.5990491   0.96322876]
-24.283619
[ 0.45327374 -0.9004282   1.          0.47524092]
-24.020185
[-1.          0.55626225  1.         -1.        ]
-23.854626
[-0.83426696 -0.6440193  -0.20109993  1.        ]
-23.31863
[ 0.12133963 -0.27692658  0.86870784 -1.        ]
-23.258976
[ 1.        -1.         0.6391131  1.       ]
-22.834742
[ 0.34034213 -1.          0.1619442  -0.19201791]
-22.786362
[ 0.03407952  0.53898656  0.79104835 -0.5356185 ]
-22.498896
[0.6046671  0.13844538 0.08525137 1.        ]
-22.085037
[0.20965925 0.59413725 0.38108408 0.83167845]
-22.101746
[-0.13367888  0.9070923  -0.31192118  0.27105972]
-22.314198
[ 1.         -1.         -0.32934004  1.        ]
-22.494648
[1.         0.6754316  0.39080197 0.76089996]
-22.967188
[-1.         -0.35075822  0.13588649 -0.01203051]
-23.536654
[ 1.         -0.63071084 -0.6029456  -0.18344297]
-23.786812
[ 0.74657357 -0.00179444 -1.         -0.79634625]
-23.962189
[-0.23734477  0.16625935 -1.         -0.12046227]
-23.7792
[-1.          1.         -0.12804262  0.25357872]
-23.703062
[-0.6536836  1.         1.         1.       ]
-23.663557
[-0.00126643 -0.47602627 -0.48255044  0.10438425]
-23.96856
[-0.30492803 -0.75837076 -0.23775247 -0.94102687]
-24.204664
[ 0.8772733 -0.6692635 -1.         1.       ]
-23.938824
[1.        0.452502  0.7307202 1.       ]
-24.032494
[-0.00163351  1.         -0.70211476 -0.06678402]
-24.368706
[-0.26401272  1.         -1.         -1.        ]
-24.715975
Episode 51: length=50, total_reward=-4.31
[-0.44128695  0.189211    1.         -0.40859658]
-21.36103
[-0.98882306  1.         -1.         -0.51593596]
-21.408524
[-1.        -1.         1.         0.5403993]
-21.619583
[ 0.71755105 -0.80672204 -0.5428569   1.        ]
-21.59439
[1.         0.967037   0.7617929  0.54561245]
-21.314383
[-0.4457872   0.94754523  1.          0.31627473]
-21.023308
[ 0.26186973 -0.02342738 -0.7788686   0.11169167]
-20.946455
[-0.10524869  0.73376334  1.          0.8016801 ]
-20.95589
[ 0.34013465 -0.07842121  0.69330895 -0.3499121 ]
-20.815039
[-1.        -0.0112402  1.        -0.4038502]
-20.856771
[-1.  1. -1. -1.]
-21.008915
[ 0.6696985  -0.42600888  0.9775328   0.320679  ]
-21.390968
[ 0.49196902 -0.2825109  -0.4045962   0.953936  ]
-21.520128
[-0.67060375 -0.7190205  -0.37236714  0.12880367]
-21.31589
[ 0.3591702   0.0788857  -0.63070226 -0.34943217]
-21.197754
[-1.         -0.07039161 -0.5363456   1.        ]
-21.251717
[-0.8819262  -0.20833525 -1.         -0.66992354]
-21.04258
[-0.01273663  1.         -0.21221012  0.16757105]
-21.28038
[ 0.6083437  -0.09529509 -0.3887916  -1.        ]
-21.493134
[-1.         -0.57463217  1.         -1.        ]
-21.868587
[-1.          0.05844667 -1.          0.00322486]
-22.437325
[0.05273712 1.         0.9330983  0.8731056 ]
-22.80476
[ 0.17807324 -1.          1.          0.7141084 ]
-22.841526
[-0.75952446 -0.29725114  0.7268643   0.7362278 ]
-22.67876
[-0.30614755 -0.30565718  0.4263567  -1.        ]
-22.530527
[ 1.         -0.9776903  -0.66588277  1.        ]
-22.710823
[-0.38154584 -0.2176139  -1.         -0.03434305]
-22.461414
[-0.77052486  0.27871    -1.          1.        ]
-22.346577
[ 0.2928813   0.9291854  -0.81203234  0.12773411]
-22.16351
[-1.        -1.         1.        -0.5856666]
-22.108349
[-0.01690407 -1.          0.90673053  1.        ]
-22.257652
[-0.25768864 -1.         -1.          1.        ]
-22.038908
[-1.          1.         -0.27478886  0.7061471 ]
-21.582403
[ 0.98726976 -0.13386597  0.35933658 -0.15782301]
-21.288952
[-0.89355546 -0.62407    -1.         -0.5028259 ]
-21.1339
[ 1.         -1.         -0.28966844 -0.49157223]
-21.24889
[-0.58861375  0.16368431  0.17613976 -0.24839124]
-21.203629
[ 0.27770412  0.8563841  -0.9574717   0.9971148 ]
-21.195198
[-1.         -0.83592725  0.5928794   0.30718908]
-20.956879
[ 0.86131305 -0.82925177 -0.833177    1.        ]
-20.6665
[-0.20752639  0.06738788 -0.76156056  0.9453248 ]
-20.081287
[-0.9313857   1.         -0.00812473 -0.41762888]
-19.382132
[1.         0.5204002  0.63831085 0.04968067]
-19.435509
[-1.         -0.1211274  -0.10355158  0.5355407 ]
-19.506897
[-0.98123276  1.         -1.          0.9953556 ]
-19.570364
[-0.00540053 -1.          1.          0.03568735]
-19.679903
[ 0.40158516  0.35279405 -0.2233673  -0.43334982]
-19.80685
[ 0.69509274  0.545932    0.45380905 -0.02547005]
-20.196829
[-0.071237    0.9085227  -0.6050384  -0.23583913]
-20.47388
[-0.33087057  1.         -1.         -0.5224952 ]
-20.965885
Episode 52: length=50, total_reward=-3.67
[-1.         -1.          1.         -0.20182443]
-30.927006
[-0.3054852  -1.          0.85608757 -1.        ]
-30.779655
[1.        1.        0.5923251 1.       ]
-30.2072
[-0.2564843  -0.8017024  -0.42383683  1.        ]
-30.29233
[-0.4497441  -1.          0.75765485  0.8780022 ]
-30.537876
[-0.7764285  1.        -1.        -0.6661162]
-30.800116
[-0.8625274 -1.        -1.        -0.3868174]
-30.735622
[ 1.          1.         -0.43826884  1.        ]
-30.26075
[-1.        -0.9210468  1.        -0.7067439]
-30.448872
[-0.98989165  1.          1.          0.91889244]
-30.1156
[-0.48693356 -1.          0.8854153  -0.26808107]
-29.96377
[-0.04189059 -1.          0.80937576  0.58614296]
-29.414124
[ 1.          1.          0.7551124  -0.71130955]
-29.157408
[ 1.          0.0372522   0.12978755 -1.        ]
-28.86248
[-0.78232944 -1.         -1.          0.8642555 ]
-28.427559
[1.         0.79075253 1.         1.        ]
-28.151134
[0.11089988 0.39398903 0.71042794 0.41818464]
-28.223766
[-1.         1.        -0.7821248  0.5690271]
-28.345112
[-0.80218244 -0.30236703  0.00278254  1.        ]
-28.417171
[-0.26156887 -0.18386887 -1.         -0.20124023]
-28.5788
[ 0.05537613  0.25832695 -0.42334276 -0.2786305 ]
-28.636784
[ 0.92836875 -1.         -0.2803265   0.16014478]
-28.438171
[ 0.7656815   0.5952425  -0.23239014 -0.9118069 ]
-28.42482
[-0.88243425  0.14130703 -0.64811546 -1.        ]
-28.214668
[-1.         1.         1.         0.2634303]
-27.752403
[-0.82048965  0.44029763 -0.90913284 -1.        ]
-27.522919
[-0.24059334  1.          0.5471586   1.        ]
-27.051126
[-0.06184165  0.6656318   1.         -0.86691284]
-27.070648
[ 1.         -0.08980982  0.28269568  0.25571662]
-26.691877
[ 0.0912226   0.8643805   0.25440222 -0.53083897]
-26.595213
[-0.36512947 -1.         -0.9089251   0.19814292]
-26.436197
[ 0.61893225  1.         -0.23586662 -0.06500865]
-26.281988
[ 1.          0.5755359  -0.24818729  1.        ]
-26.194765
[0.8133773  0.00281231 0.4154476  0.7180941 ]
-26.587736
[-0.35066378  0.7874384  -0.73764855  1.        ]
-27.197525
[-0.08819481  0.9737261  -1.         -1.        ]
-27.83667
[-0.2533642   0.05857419  1.          0.09490982]
-27.973763
[ 1.         -0.12083954 -0.9346984  -1.        ]
-28.062576
[-0.78006   0.807808 -1.       -1.      ]
-27.987743
[-0.24633838 -0.81937504 -0.08766545  0.70087016]
-27.697224
[ 1.          0.9592061   0.21525258 -1.        ]
-27.680916
[-1.         -0.6877771   1.          0.44248676]
-27.561668
[-0.49912962 -1.         -0.7352174  -0.89433193]
-27.438148
[1.         1.         0.101742   0.09892938]
-26.989023
[-0.0439252  -0.5642056  -0.3664441   0.51978743]
-26.922724
[-0.91173726 -0.09447324  0.17716521 -0.48101172]
-27.056696
[ 0.3939975  -0.04591249 -0.5085652  -0.5783535 ]
-26.922466
[ 0.00487878 -1.          0.4790917   0.1108329 ]
-26.703817
[ 0.8413683  -0.41426697  0.00287971 -0.34574682]
-26.607458
[-0.11500202 -0.2816729   0.83444995 -1.        ]
-26.543295
Episode 53: length=50, total_reward=-4.39
[-1.         0.8713662  0.5090247 -1.       ]
-14.404107
[ 0.44847137 -0.22663534  1.         -0.2828831 ]
-14.290674
[-0.4247504  -0.50908047  1.         -0.20339221]
-14.273912
[ 0.07436395 -0.44759506  0.12662347  1.        ]
-14.24288
[-0.56321234  0.45602664 -1.          0.15125576]
-14.359568
[-1.         -0.09937859  0.8494817   1.        ]
-14.616838
[-0.05791302  0.6566645   0.30526412  1.        ]
-15.112101
[ 0.6199583   0.66574997 -0.25614527 -1.        ]
-15.627819
[-0.10898644  0.37157962  0.0405442   0.52695525]
-15.688587
[ 0.69493777  0.09298569 -0.3805155   0.60618395]
-15.908943
[ 0.1554898   1.          0.20135023 -0.04224001]
-16.25615
[ 1.         -0.9540655   0.80472386 -0.03205682]
-16.571537
[-1.          1.          0.40358925  0.21405885]
-16.801235
[ 0.6269994   0.21243355  1.         -0.73043996]
-17.143124
[-1.          0.7997065  -0.80298454 -1.        ]
-17.153337
[-0.53821975  0.07712799 -0.21345901 -0.97234243]
-17.032326
[-0.29653692  1.         -1.          0.19292912]
-16.830784
[-0.0255302   0.6766627   1.         -0.17940572]
-16.823996
[-1.         -0.4667275   0.37297308 -0.9048188 ]
-16.80354
[-0.33772695  1.         -0.42695907 -0.29078728]
-16.609938
[ 1.          0.00218301  0.68054634 -0.18194473]
-16.466444
[ 1.          0.9874301   0.07033502 -0.40965942]
-16.375443
[ 1.          0.21318682 -0.2107607   0.1762121 ]
-16.220848
[ 0.7511477  -0.19787818 -1.          0.01485181]
-16.265818
[ 1.         -1.          1.         -0.22650152]
-16.31276
[-0.49987787 -0.0399938  -0.6644668  -0.31137976]
-16.233965
[-0.59233236 -0.07759022 -1.         -1.        ]
-16.080175
[-1.         -0.5428954   1.          0.05592939]
-15.680452
[-0.68079066  0.35046828  0.56634563 -0.12628885]
-15.514284
[-1.          0.54445237  0.7843251   0.35080922]
-15.336214
[-0.20199656 -1.         -0.42819375  0.5053798 ]
-15.365149
[ 0.01723391 -1.         -0.01568642  1.        ]
-15.443274
[-0.3585091  -1.          0.8871428  -0.69666564]
-15.634628
[-1.          0.9183963  -1.         -0.45857596]
-15.367142
[ 0.69661593 -0.08400927  0.57656276  0.9975818 ]
-15.122233
[ 0.27504843 -0.33251014 -0.3194005   0.03254266]
-15.152164
[-0.21746196  1.          0.07041565 -0.4393779 ]
-15.171648
[ 0.38460752  0.7127695   1.         -1.        ]
-15.183245
[-0.02538371  1.          0.21407413  0.4706764 ]
-14.971543
[0.1874966  0.4549454  0.8992259  0.31663215]
-15.00362
[ 1.         -0.39867535  1.          0.14705947]
-15.129
[-0.2624681   0.27429116 -1.         -0.16714415]
-15.104576
[-0.24540435 -0.3528796   0.02485447  0.55315685]
-15.065485
[ 1.          1.          0.34036773 -1.        ]
-15.197855
[-0.598337   -0.09361216  0.856326   -1.        ]
-15.070339
[-0.12888746 -0.8213184   1.          0.935729  ]
-14.707447
[-0.6481167  -0.8813728  -0.14478326  0.3078592 ]
-14.740244
[ 0.3794924   0.9004049   1.         -0.74202245]
-14.773882
[ 0.74792224 -0.5053189  -0.15237503  0.3011579 ]
-14.652043
[ 0.04785712  0.50259626  0.9312302  -0.3746915 ]
-14.630633
Episode 54: length=50, total_reward=-4.09
[ 1.        -0.8545697 -1.         1.       ]
-21.037003
[ 1.         -1.          0.35134357 -0.96330416]
-8.337899
[ 0.39274117  0.63940364 -0.7311815   0.2706283 ]
-8.1181
[-0.53282976 -1.          1.          0.07232755]
-9.187064
[ 0.21226117  0.2536271  -1.         -0.40752104]
-8.538756
[-1.         -0.47170526 -0.18291849 -1.        ]
-8.729029
[ 1.          0.35744315  0.6815304  -0.9208492 ]
-8.391682
[-0.7831094  -0.09801737 -0.127371    1.        ]
-9.09421
[-0.21301071  1.         -0.36923292 -0.21287352]
-8.7355385
[-0.3914784  -0.59297043  1.          0.5451544 ]
-8.768111
[ 1.         -1.         -1.         -0.58958983]
-7.959773
[-0.81522846  0.1872252   1.          1.        ]
-7.648512
[-0.47985512  0.72787803  0.05987453 -0.3923372 ]
-7.0227203
[-0.24555828 -0.24909562  1.          0.8828901 ]
-6.683919
[ 0.5438733  -1.          0.8655359  -0.65568626]
-5.92654
[-1.          0.15780467 -1.         -1.        ]
-5.6994224
[-0.747058   -0.14021407 -0.28190058 -0.32643956]
-5.190342
[ 0.70751226  1.          0.28307357 -0.5253876 ]
-4.1555543
[1.         1.         0.02779129 1.        ]
-3.6722083
[-0.20966421  0.3955134   1.          0.83344245]
-3.7247653
[ 1.          1.         -1.         -0.02475876]
-3.2489488
[-1.         0.9331795  0.6425217 -0.4659361]
-3.8618274
[ 0.03797754 -0.05922027 -0.58500034  0.7141208 ]
-4.1873827
[-0.84225947  1.          1.         -0.4228875 ]
-4.2055693
[ 0.8971407  -0.1027112  -1.          0.16308253]
-3.7160583
[-1.         -1.          0.14212193 -0.74329346]
-4.3831387
[-1.          1.         -1.         -0.69862336]
-2.052585
[-0.1242904   1.          1.          0.08436783]
-5.3176317
[ 1.         -0.44708252 -0.6130025  -0.5209983 ]
-14.532078
[-1.         -0.791322   -0.75957614  1.        ]
-17.12069
[-0.19217448  0.03149598  1.         -0.14277148]
-17.317924
[-1.         -1.          0.02413865 -0.321024  ]
-17.199831
[-1.         0.1409416  0.6351736  0.6010166]
-16.130068
[ 1.         -0.48195916  0.10861073  0.37349233]
-15.83351
[-0.11289704  1.          0.26985243 -0.3962226 ]
-15.5973425
[ 1.         -1.         -0.23684579  0.11252788]
-15.566411
[ 0.5892663  -0.11911172  0.063474   -1.        ]
-15.363245
[ 1.         -1.         -0.08500049  0.11407875]
-14.853593
[-0.5208209   0.75668323 -0.2584123  -0.988201  ]
-14.021516
[ 0.8965945   0.44996446 -1.         -1.        ]
-13.341522
[ 1.         0.6152588 -0.5138314  1.       ]
-12.504548
[-1.         0.6713616  1.        -1.       ]
-12.193928
[ 0.123412   0.2718654  1.        -0.8697031]
-12.234229
[-1.         -0.8014694  -0.17453094  0.25081843]
-12.065315
[ 0.05940302 -0.5379608  -0.7562835   0.6023475 ]
-11.8410015
[-0.3434178 -1.        -0.7525431 -1.       ]
-11.518363
[ 0.47932005  0.18620789  0.08353546 -0.9016141 ]
-10.536526
[-0.0572413  -0.1384218  -0.67400086  0.89576864]
-9.559503
[-0.1230806   0.86030906  1.          0.91487485]
-9.037763
[ 0.11028968 -0.49520984  0.9828832  -0.67886573]
-9.050545
Episode 55: length=50, total_reward=-2.79
[ 0.89372975  0.0658197   1.         -0.33150637]
-9.097685
[-1.          0.19635597  0.8610735   0.40728286]
-8.927769
[ 0.20242822 -0.09869014  0.658574   -0.08212352]
-8.88256
[ 0.6522909  -0.93433857  1.          1.        ]
-8.7896385
[-1.        -0.8112272  1.        -1.       ]
-8.860282
[0.00460795 1.         1.         0.30490237]
-8.665861
[ 0.3747678  -0.8811818  -0.43096846  1.        ]
-8.575505
[ 1.  1. -1.  1.]
-8.668078
[ 1.         -0.37832174 -0.51902586  1.        ]
-8.974151
[-0.12597504 -0.7865033   1.          0.26991612]
-9.263767
[-0.96669376 -0.22581181  0.23051153  0.17395684]
-9.414653
[-0.34456715  1.          1.         -0.3245876 ]
-9.602422
[-0.29878196  0.35799086 -1.         -0.80601466]
-9.594301
[-0.36189064 -0.5843856   1.         -0.97644293]
-9.411134
[-1.          1.          0.8959732  -0.15920365]
-8.956365
[-1.          1.          0.24735911 -1.        ]
-8.810616
[ 0.47189933  0.7738859   0.9674151  -0.6264855 ]
-8.668212
[ 0.95085925  1.         -0.8799133   1.        ]
-8.4788885
[-0.7462942  -0.40387946 -1.          0.63498795]
-8.553519
[ 0.38180566 -1.         -0.82479936 -0.22938998]
-8.872583
[ 0.10189044  1.         -0.64793414 -0.2642949 ]
-8.968619
[ 0.47642756  1.         -1.         -0.58164614]
-9.076522
[-0.47153726 -1.          0.01638538  0.5448193 ]
-9.067868
[ 0.8058473  -0.02246584  0.19531237 -1.        ]
-9.12641
[-0.6281032  -0.27496725 -0.95554197  0.07329865]
-8.916868
[ 1.          0.24265979 -0.8785727   1.        ]
-8.932179
[ 1.          1.         -0.19074619  0.8630614 ]
-9.216374
[-0.9444171  -0.7189215  -0.16069038  0.39252433]
-9.631833
[ 1.         -0.03570205 -1.         -1.        ]
-10.07883
[0.8453331  1.         0.18932252 0.60940444]
-10.057806
[ 1.         -1.          0.16669397 -1.        ]
-10.232437
[-1.         -0.28187698  0.4518658   0.87181526]
-9.945849
[-0.49473548  0.64742297  1.         -0.3681319 ]
-9.939898
[0.05189111 0.19676183 0.01639327 1.        ]
-9.875497
[-1.         -0.14296812 -0.32853395  0.37923297]
-10.177211
[-0.10345897  1.         -1.          0.5041812 ]
-10.556171
[-1.         -0.20356141 -0.49083832  1.        ]
-11.144588
[ 1.         -0.8724575  -0.02522766 -1.        ]
-11.819008
[-0.84977543 -1.         -1.         -0.74792325]
-11.819603
[-0.43096912 -0.6957393  -0.5532705  -0.2308915 ]
-11.473658
[ 0.7995878   0.37568527  0.92611444 -0.5636169 ]
-11.11985
[-0.1485005  -0.32232183 -0.72687536 -0.717428  ]
-10.774696
[ 0.81887     0.11501777  0.26744947 -0.97148174]
-10.371902
[-0.4492859   0.12147455  0.787676   -0.7135903 ]
-9.903114
[-1.        -0.5316783  0.1320754  0.276428 ]
-9.386167
[-1.          0.78532946 -0.00952064  0.4247421 ]
-9.278797
[ 0.844862   -1.          0.54160005  0.57205415]
-9.336089
[ 0.83331645 -0.04037256 -0.71620715  0.65686935]
-9.440946
[-0.12289014  0.3393168   0.30302697 -1.        ]
-9.532203
[-0.16249649 -0.1618963  -1.         -0.32524034]
-9.297017
Episode 56: length=50, total_reward=-2.20
[-0.34468418 -0.41792542  1.          1.        ]
-12.895445
[ 0.07105888 -0.52951014 -0.5672791  -0.47439748]
-9.699449
[ 1.         -0.24567765  0.6266317   0.96792704]
-7.9188867
[ 0.81866306 -0.8242892  -1.          0.253636  ]
-4.5267987
[-0.48902416 -1.          0.5937692   0.41457495]
-0.6126368
[-0.94290817  1.          0.7308378   0.58913803]
-0.4332317
[-1.          0.07487455  1.         -0.13546565]
-1.9099569
[-0.55333763  0.947401    0.5389333   0.41957533]
-4.0734034
[ 0.1285738  -0.60287553  1.         -0.8010646 ]
-6.453095
[ 0.05047288 -0.44573957  1.         -0.97520864]
-7.2582436
[-0.2664467   0.42854387  0.6297535  -0.8900753 ]
-7.53871
[ 0.26957434  0.2804163  -0.7719468  -0.31074965]
-7.8658385
[ 0.9467907   1.         -0.08124894 -0.70627564]
-8.017473
[-0.6952152  -0.25312328 -0.02733033  0.07992233]
-7.977161
[ 1.         -0.06524016 -0.04111632  0.44665357]
-8.394193
[-1.         -0.33622387  0.68858224 -0.52539474]
-8.596863
[ 0.00211937 -0.6404791   0.763689    0.35389972]
-8.909854
[-1.         -1.         -0.18655479 -1.        ]
-9.12567
[-0.47531188  0.92965275  1.          1.        ]
-8.935837
[ 1.          1.         -1.         -0.09176337]
-9.442457
[ 1.         -1.          1.         -0.62026507]
-9.786424
[ 0.8350809  -0.57306117 -1.          1.        ]
-9.39865
[ 0.95399463 -1.         -0.13755235  0.35268372]
-9.136685
[-0.6706242  -0.21366474 -0.24306178  0.4554829 ]
-8.532833
[ 0.74956435 -0.35533014 -1.         -0.26353687]
-8.171996
[ 1.          0.91183174 -0.44230425 -0.00249616]
-7.487908
[ 1.         -0.62520903  0.14681478  1.        ]
-6.7235236
[-0.2015625  0.6337771 -0.7495785  1.       ]
-5.710984
[-0.27236158  0.74585706  1.         -1.        ]
-5.029518
[-0.2592085  -0.60938066  0.29335824 -1.        ]
-4.1040826
[-0.5213563   0.79062617  0.5926656   1.        ]
-3.0686698
[-0.93593884  0.09148232  1.         -0.1220026 ]
-2.844671
[-0.56664234 -0.27181396  0.39382806  0.02161276]
-2.9010143
[-0.46943837 -0.11080794 -0.00298653 -0.24297076]
-3.2033575
[ 0.1072208 -1.         1.        -1.       ]
-3.8261442
[-0.15767121  0.9921313   0.28783652 -1.        ]
-3.862641
[ 0.300164 -1.        1.        1.      ]
-3.9042308
[ 0.4195671  -0.44041657  0.7025894   1.        ]
-4.1406274
[-1.         -0.18875653 -0.7241448  -0.7382179 ]
-4.411938
[ 0.39594752 -0.02306269 -1.         -1.        ]
-4.8130627
[ 0.5966099   0.3564434   0.16039519 -0.18611194]
-4.8598356
[ 0.11881611 -0.0421839  -1.         -0.9402795 ]
-4.83494
[ 1.         -0.671428   -0.5341861  -0.86475927]
-4.5835805
[ 0.06256279 -1.          0.07236537 -0.2096929 ]
-3.8973742
[ 0.25873077 -1.          0.18210523  0.8420502 ]
-3.3082998
[ 1.         -0.22019342 -0.0862566   0.56255037]
-3.0263271
[-0.08924236  0.84541404  1.          0.1058786 ]
-2.582487
[ 1.         -0.28310814  0.12522924  0.48234385]
-2.2279592
[ 0.9384156   1.         -0.07522982  0.10517521]
-1.6872265
[-1.          1.          0.29706967 -1.        ]
-0.8878192
Episode 57: length=50, total_reward=-1.94
[ 0.9106478  -1.         -0.17606078 -0.61674786]
-11.931799
[-0.8236954  -1.          0.22640914  0.11459223]
-11.703616
[-0.90947783 -0.32830793 -0.4329491   1.        ]
-11.5047245
[ 0.7527225   0.85122615 -0.52602077 -0.4946025 ]
-11.664112
[-0.54637396  0.6290073  -0.46649623 -0.31000596]
-11.61783
[ 0.02003929  1.          1.         -1.        ]
-11.626127
[-1.        -0.2385296 -0.7239164 -0.6907597]
-11.457493
[ 0.8513777   1.          0.93708044 -1.        ]
-11.226452
[ 1.          0.9251012  -0.87845975 -0.5619702 ]
-10.835249
[-0.25674182 -0.10314336  0.8469488  -0.8311558 ]
-10.477733
[ 0.20726056 -1.         -0.31787565  0.82010406]
-10.14758
[-0.05722939  0.8267998   0.25419098  0.05548066]
-10.162247
[-0.38065377  0.5860385   0.39389557  1.        ]
-10.23178
[-0.43008757  0.35263115  1.         -0.38282245]
-10.710934
[-0.5165692   0.8514878   0.71262884 -1.        ]
-10.917074
[ 0.9163761  -0.21058346 -0.3635647  -1.        ]
-10.834391
[ 0.8271477   0.02955069 -0.37595373 -1.        ]
-10.466994
[ 1.          0.21205091  0.05551428 -0.27728444]
-9.967374
[0.6463067  0.47214827 0.5346105  1.        ]
-9.576625
[ 0.62306476 -0.6677853  -0.9748109   0.10075672]
-9.604577
[-0.33497858  1.         -0.12441189 -1.        ]
-9.502381
[-1.         -0.27344552 -0.59737456  0.3128565 ]
-9.21274
[0.90083176 0.6497633  0.3580642  0.5555754 ]
-9.136027
[-1. -1.  1. -1.]
-9.246701
[ 0.1778291  -0.5321361  -0.63268983 -0.09045075]
-9.141539
[ 0.07817502 -0.72869164  0.8999193  -0.7171553 ]
-9.002532
[ 1.          1.         -0.4891085  -0.80854297]
-8.804044
[-0.348197   -0.54888445 -0.726182   -1.        ]
-8.37574
[ 1.          0.24656746  0.821412   -1.        ]
-7.8116174
[-1.         -0.19388202 -1.          0.55480903]
-7.123308
[ 0.03867035  0.3651951   0.778874   -1.        ]
-6.8852334
[ 0.6167364   0.89416945  0.7600403  -0.37223068]
-6.396685
[ 0.65776527 -1.         -0.25012475  0.02671491]
-5.9182653
[ 1.        -0.0513664  0.5430069  0.738302 ]
-5.438238
[ 0.5804265  1.         0.1067631 -0.1749861]
-5.183589
[-0.98161644 -0.5999466  -0.06789963  1.        ]
-4.853737
[-1.         -0.66750336 -0.47839764  1.        ]
-4.980318
[ 0.0829985   0.03326917 -1.          1.        ]
-5.327689
[-1.          0.6454818   0.44924605 -1.        ]
-5.786844
[-1.          0.79898953  0.34696567  0.08870331]
-5.8194265
[ 0.7287774  0.6405548 -0.9003319 -1.       ]
-6.0252433
[-0.69448006  0.88681835  0.7860289   0.9679391 ]
-5.9427457
[ 1.         -0.88930905  0.53141916  0.43063176]
-6.3113837
[ 0.656997    1.         -1.         -0.36186895]
-6.589508
[ 0.4976047  -0.26454782  0.07112937 -0.48538202]
-6.572428
[-1.          0.6672294  -0.46748325 -1.        ]
-6.3331375
[-0.92509013  0.64039004  1.         -0.84770155]
-6.022769
[-0.44748095 -0.616688   -0.99656427 -1.        ]
-5.816842
[0.37901968 0.656573   0.02778652 0.14423981]
-5.547744
[-0.25313357 -1.         -1.         -0.11315353]
-5.4337845
Episode 58: length=50, total_reward=-2.38
[ 1.          0.5783971  -0.16257013 -0.3485301 ]
-14.1973
[ 0.57766896 -1.          0.61111975  1.        ]
-14.240679
[-0.8856551   0.09128067 -1.          1.        ]
-13.927168
[ 1.         -0.00748807  0.65637183 -0.14820324]
-13.535608
[-0.30058476  1.          1.         -1.        ]
-13.294128
[ 1.         -0.80651176  0.13723598 -0.6609494 ]
-13.512129
[-0.6148812   0.57649237  0.07829509 -0.23337398]
-13.743433
[-0.39512128 -1.          0.9411471  -1.        ]
-13.853001
[-1.         -0.26700994  0.4820348   0.48109543]
-14.068083
[-0.67899305  1.         -1.          1.        ]
-13.992657
[ 0.55258995 -0.23725732  0.6129666   1.        ]
-13.661865
[1.         0.75505054 1.         0.8433152 ]
-13.161358
[-0.9831277  -0.33860102  0.04033328  0.16546345]
-12.72036
[ 1.          0.16546743 -0.01989866  0.43858868]
-12.34691
[0.00946502 0.63672715 0.14506112 0.18041812]
-12.053522
[-1.        -1.         1.        -0.9823532]
-11.946677
[-1.         -0.8792981   0.29121467  0.6238904 ]
-11.897229
[-0.3404532  -0.53433216 -0.75605625 -1.        ]
-11.520552
[1.         1.         0.08131669 0.11166732]
-11.41086
[ 1.         -0.42402878 -0.74871945  1.        ]
-11.474308
[-0.40415615 -0.19160636  0.94982743 -0.8840271 ]
-11.158179
[ 0.500489  1.       -1.       -1.      ]
-11.162304
[-0.6338038  -1.          0.18596612  0.3475584 ]
-11.54951
[ 0.22542863  0.5097817  -0.180838    0.87161577]
-11.550993
[-0.19037895 -0.430613   -0.6126777  -1.        ]
-11.391129
[ 1.          1.          0.05293224 -0.08888613]
-11.429333
[ 0.6987462 -0.410078   1.         1.       ]
-11.591586
[ 0.6411332   0.89651525 -0.4539757  -1.        ]
-11.469254
[-1.         1.        -1.         0.9970406]
-11.795162
[ 0.5937433  -0.67653435 -1.          0.12561935]
-11.701154
[ 1.         -0.43650517  0.62894803 -0.91631967]
-11.615805
[ 0.8395311  -1.         -0.55438256 -0.35979182]
-11.816858
[ 0.7625861 -0.0584889  0.8932437 -1.       ]
-11.960854
[-0.18356484 -0.05472947  1.         -0.60293466]
-12.349791
[-0.4546886  -0.10686748 -1.          1.        ]
-12.770843
[ 1.          1.         -0.8265097  -0.68373823]
-12.754444
[ 0.17503075  0.6352312  -1.          0.64688605]
-12.955002
[-1.          0.5409178  -0.7986838  -0.10851503]
-12.98056
[ 0.25071108 -1.          1.         -1.        ]
-12.984551
[-0.15193833  1.         -1.         -0.2850895 ]
-13.201822
[ 1.         -0.535744    0.19488356 -0.7086933 ]
-13.456658
[ 0.0794793   1.         -0.5008042   0.48752725]
-13.865093
[ 1.         -0.6516819  -1.         -0.77294874]
-14.073118
[0.33593732 0.85320586 0.28327146 0.6756847 ]
-14.39073
[-0.273283   -0.61833304  0.04585956  0.6362046 ]
-14.434952
[-0.354225   -0.526447   -0.43639764  0.2694838 ]
-14.240712
[-1.          0.7398747   0.22617584 -0.48167062]
-14.044067
[-0.5483844  -0.7911095  -0.59715265  0.07536277]
-14.070095
[-0.80049485 -0.5125124   1.         -1.        ]
-14.017424
[ 0.4107858  -0.38059717  1.         -1.        ]
-14.118899
Episode 59: length=50, total_reward=-2.62
[1.         0.5730683  0.30095565 1.        ]
-17.283571
[0.795455  0.6057834 1.        0.6528521]
-17.035717
[ 0.804262  -1.        -0.8997565 -0.5059644]
-16.904387
[-0.22202644  1.         -0.648825   -0.20157403]
-16.896427
[-1.         -0.34433943  0.9483975  -0.89404964]
-16.986746
[ 1.         -0.7878832   1.         -0.30469775]
-17.253054
[ 1.         -0.16897255 -0.52913374  0.75363946]
-17.445381
[ 0.96976656  0.942009   -0.44513744 -0.4392809 ]
-17.336939
[-0.903973   -0.29582915  0.4577981   1.        ]
-17.49694
[-0.47534356  0.02863072 -1.         -0.34733596]
-17.374424
[ 0.6778089  -1.         -0.13243449 -0.20851552]
-17.35413
[ 0.24913834  0.10527094  0.75407875 -0.5423947 ]
-17.327936
[ 0.5455956   0.01649249 -0.8153149  -0.70646703]
-17.418911
[ 1.          1.         -1.         -0.01637667]
-17.662205
[ 0.3996998   0.1049939   0.08770368 -1.        ]
-17.760824
[-0.03335372  0.54494095  0.2692538  -0.47802088]
-18.106722
[-0.9666431  -0.0212059   0.00675531 -0.7336175 ]
-18.46237
[ 0.9616558  1.        -1.         0.7098833]
-18.82295
[-0.31761098  0.9325511  -0.59860784 -0.08847564]
-18.929266
[-0.88568026  1.         -0.63165975  1.        ]
-19.097084
[ 0.4429412  -1.          0.16735464  0.98621905]
-19.033325
[-0.13366142 -0.18771617  0.38013965  1.        ]
-18.842113
[-0.6087642  -0.24935585  0.48829198 -0.5782466 ]
-18.470005
[-0.5514273   0.13110112  0.06853855 -1.        ]
-18.436945
[1.         0.77009517 0.22468813 0.7381494 ]
-18.639225
[-0.1451974 -1.        -0.4295651 -1.       ]
-18.565948
[ 0.4495872  -0.13017948 -1.         -0.8863347 ]
-18.739107
[ 0.860442    0.20945108  1.         -0.10165067]
-19.111704
[-1.         -0.3832284  -0.34486145 -1.        ]
-19.334673
[ 0.43961737  0.32188812 -0.7523371   1.        ]
-19.713778
[-1.          1.         -0.35916758 -1.        ]
-19.565615
[-0.19577459  0.44962752 -1.          1.        ]
-19.780764
[-0.6692987   0.5587963   0.25971717 -0.43923858]
-19.642504
[ 0.37453574 -1.         -1.         -0.13679008]
-19.746527
[-0.12340944  0.86193955 -1.         -0.47838265]
-19.847301
[-0.34196606  0.22221255 -1.          0.0992562 ]
-20.14329
[-1.         -1.          0.43422663  1.        ]
-20.320343
[ 0.26541844 -0.8481446  -0.38405216  0.8763717 ]
-20.14473
[-0.84015626  0.5827812   0.6341172  -0.39945644]
-19.772018
[ 1.         1.        -0.1747545  1.       ]
-19.735083
[ 0.37602258 -0.916272    0.16384614 -0.17194842]
-19.391264
[ 0.60935825 -0.42579442 -1.         -0.18612209]
-19.26193
[ 1.          0.74592507 -1.          1.        ]
-19.169395
[ 0.14162308  0.9849817  -0.7408503  -0.5885997 ]
-18.795956
[-0.23650517 -0.04167441 -0.47449946  1.        ]
-18.879488
[-0.12891588  0.4955359   1.         -0.33390722]
-18.772291
[-0.7430303   1.          1.          0.45648772]
-18.865917
[-1.         -1.         -0.22145316  0.6096202 ]
-18.972248
[-0.5549222   0.2157597  -0.14679977 -1.        ]
-18.878344
[ 0.11125927 -1.          1.         -0.65089834]
-19.141596
Episode 60: length=50, total_reward=-4.59
[ 1.          0.25048777 -1.          0.35779616]
-28.946007
[-1.          0.34447494 -0.65949583 -0.8395877 ]
-29.21595
[-1.          1.         -0.83808285 -0.12902075]
-29.089022
[ 0.34856966 -1.         -1.          0.14599514]
-28.951284
[-0.91022563 -1.          0.27796924 -1.        ]
-28.912045
[ 0.57136756 -0.24166243 -0.80117303 -0.34733263]
-28.479477
[-1.          0.64851344  0.84899163 -1.        ]
-28.140715
[ 1.        -1.        -0.6836202  0.1056695]
-27.607279
[ 1.          0.75333095 -1.          0.41762227]
-27.2925
[ 0.16689366 -0.9954797   0.01294575  1.        ]
-27.396832
[-0.05946273 -0.14354987  0.17274676 -0.31851074]
-27.722626
[-1.         -0.37565425  1.         -0.7742516 ]
-27.830122
[-1.        -0.6042259 -1.        -0.7811169]
-27.54883
[-1.         -1.         -1.          0.27927157]
-27.027922
[-0.40855134 -0.5162436  -0.90979487 -0.29559562]
-26.63865
[ 1.         -0.7349605  -0.8661726  -0.18281943]
-26.165075
[ 1.         -0.23519881 -0.54622394 -0.22522253]
-25.84182
[ 0.7897778  -0.75642174 -0.31670025  0.18962464]
-25.625362
[ 0.43842405 -0.19509226  0.92356884 -0.09371694]
-25.472107
[ 0.5316426   0.91897476 -0.17193761  0.07617848]
-25.49958
[ 0.8692502   0.78565514  1.         -0.8940094 ]
-25.666094
[-0.23996092  0.22521189  0.4297746   0.26492846]
-25.615326
[ 1.          1.         -0.48714375  0.40542847]
-25.911854
[ 0.48973224  1.         -1.          0.85916144]
-26.367338
[-1.         -1.         -1.          0.16375482]
-27.025162
[-1.         -1.          1.          0.14162773]
-27.394419
[ 0.54160225 -0.08300498 -0.1080548   0.08534216]
-27.659042
[ 0.6915796   0.48577365  0.00200445 -0.45267528]
-27.86282
[ 0.10748219 -0.463622   -1.         -0.9115763 ]
-28.073544
[-0.5013233  -0.46320233 -1.          0.14615   ]
-27.927124
[ 1.         -1.         -0.13852632  0.4848384 ]
-27.912247
[-0.28009915 -1.         -0.26129577 -0.8533488 ]
-28.040913
[ 1.         -0.48068854 -0.25182918  1.        ]
-27.93125
[-1.         -0.33083656 -0.01185674  1.        ]
-28.301134
[-0.05672307 -1.         -0.96052617 -1.        ]
-28.699577
[-1.         -0.0129972  -1.          0.65665114]
-28.792633
[ 0.58424395  0.83082354 -0.27389425 -1.        ]
-28.8587
[-0.06661253 -0.5534781   1.          0.44291008]
-28.7757
[-0.92110485  1.         -0.27728307 -0.04778887]
-28.982164
[-1.        0.738899 -1.       -1.      ]
-29.039576
[0.5867069  1.         0.5707525  0.30265173]
-28.623446
[ 0.8698979  -0.4432322  -0.01892088 -0.9498638 ]
-28.581303
[-0.7189     -1.          0.36732465 -0.25307125]
-28.44286
[-1.          0.9074685   1.         -0.17919058]
-28.157213
[ 1.         -0.03128015  0.1745117   0.11137614]
-27.781763
[ 0.09023772  1.         -0.530689   -0.7284478 ]
-27.704704
[-0.5164621  -1.         -0.10802151  1.        ]
-27.42392
[ 0.31575024 -0.7714733  -0.8976213   0.589796  ]
-27.319443
[1.         0.02229036 0.8749478  0.56179976]
-27.325613
[-0.8045049  1.        -1.         0.3943317]
-27.583181
Episode 61: length=50, total_reward=-6.04
[ 0.78833616 -0.79225254 -0.17258587 -0.23805904]
-19.59255
[-0.819682   -0.86927503  0.5435257  -0.68998444]
-19.396074
[-1.        -0.3353901  1.        -0.5546588]
-18.302
[ 1.          1.          0.2500018  -0.40205917]
-16.978996
[ 1.          0.76058817 -1.         -1.        ]
-16.171299
[ 1.          0.7339637   0.08605163 -0.75001454]
-15.601946
[-0.6712056   0.4354859  -0.8398615   0.29399723]
-15.370565
[-0.4110051  0.5653584 -1.        -1.       ]
-15.62409
[ 1.          0.48798123 -1.         -0.69532675]
-15.933252
[-0.6976006 -1.         0.4766123  1.       ]
-16.621716
[-0.39031363 -0.86379105 -1.         -0.04168079]
-16.915117
[-0.55422735 -1.          1.         -0.7976854 ]
-16.57934
[-0.50389636  1.          1.          0.05599107]
-15.287539
[ 0.7833592  -0.29557186 -1.          0.8001474 ]
-15.025717
[ 1.          1.          0.22268999 -0.02348495]
-14.939505
[-0.17765741  0.30780157  0.3254936   0.35363513]
-15.259672
[-0.14146549 -0.12615258  0.08774525  0.20904303]
-15.665365
[-0.11224027  0.14151312 -0.15160696 -1.        ]
-16.005064
[ 0.32846314 -0.5625207   0.8184292   1.        ]
-16.057507
[ 0.0429424  -1.          1.          0.20030859]
-15.960871
[-1.          0.93459696 -1.         -1.        ]
-14.827968
[-1.        -0.7496438  0.5393006 -1.       ]
-14.688288
[-0.46957245 -0.07505983  0.48811084  0.99252933]
-14.097422
[0.94224584 0.27028942 0.12380432 0.1659841 ]
-14.009235
[ 0.96271455  1.          1.         -1.        ]
-13.97669
[-0.42709264  1.          0.6815815   1.        ]
-14.166534
[ 1.         -0.16445532  0.58579415  0.33439735]
-15.209366
[ 1.         -0.96400106 -0.614275    0.5763581 ]
-16.036621
[-0.7041569  -0.52914953 -0.46654862 -0.3982555 ]
-16.127398
[ 1.         -0.17174062 -0.61874706  0.01435299]
-15.536915
[ 1.          1.          1.         -0.22153476]
-14.565273
[-0.83619875  0.608581    0.04727221 -0.3196815 ]
-13.598177
[-1.         -0.17738885  0.5881928  -0.6019446 ]
-12.571619
[ 0.6834494   0.4944662   0.1717044  -0.75057846]
-10.846069
[-1.          0.55574006  0.51622355  0.30247125]
-7.9283233
[1.         0.29113477 1.         0.17060623]
-8.861846
[-0.29217708  1.          0.7547686  -0.40013653]
-9.4080105
[ 0.09244933  1.         -0.4901505   0.82680374]
-23.789124
[ 1.         -0.68725026  1.         -1.        ]
-25.652794
[-0.50303334 -0.31316367  1.          0.25561526]
-24.246399
[1. 1. 1. 1.]
-23.873833
[ 1.         -0.01513453  1.         -0.6699338 ]
-23.000435
[-0.14136893 -0.7467047   0.37621957 -0.07609323]
-22.063217
[-1.         -1.          0.86527175  0.1726287 ]
-21.285028
[0.2845168  0.43642282 0.4003978  0.3449106 ]
-20.545048
[-0.7052124  -0.76254076  1.         -0.3530919 ]
-19.852842
[-0.9224847  -0.7190122  -0.81162083  0.66441953]
-19.194645
[0.4880108  0.5054968  0.3297999  0.09162666]
-18.33843
[ 0.30558664  0.33133113 -0.5926055  -0.16100326]
-17.57921
[-0.1346591 -0.5623822 -0.3596607  1.       ]
-17.307404
Episode 62: length=50, total_reward=-3.29
[ 0.6406713 -0.5927433 -1.         1.       ]
-15.831295
[ 0.06618418 -0.52650607 -1.          0.05467549]
-16.165405
[-1.          1.          0.09096698  1.        ]
-16.57064
[-0.11373724  0.6200582  -0.1546283   0.46983123]
-17.026665
[ 1.          0.11692999  0.7502648  -1.        ]
-17.462223
[ 0.8526314  -0.65149075 -1.         -1.        ]
-17.480696
[0.7962502  0.76056105 0.14723569 0.32945615]
-17.301605
[-1.         -1.          0.10121949  1.        ]
-17.28852
[ 0.31004772  0.04680928 -0.55593574 -0.8728223 ]
-17.547157
[ 0.5637076   0.5588665  -1.          0.56447995]
-17.575357
[-0.69629335 -0.30255386  0.7138807   1.        ]
-17.874239
[ 1.         1.        -0.5219242  0.7960186]
-18.28734
[-0.7843086   1.         -0.59956    -0.21315545]
-18.77796
[-0.45971406 -1.          0.06936944  0.34333056]
-19.090918
[ 0.29855794  0.02269016 -1.          1.        ]
-19.300383
[-0.09619755  0.75303036  1.          0.42879695]
-19.676903
[0.16226602 0.655573   0.60233045 0.71545243]
-20.155409
[ 0.4341231  -1.         -0.49664596 -1.        ]
-20.768433
[-1.         0.8002311 -1.         1.       ]
-20.828949
[ 0.2462303   0.1696496  -0.46330583  0.715197  ]
-21.235062
[-0.97706085 -1.         -0.68253666 -0.8758849 ]
-21.670311
[-1.          1.         -0.911951    0.11210679]
-21.656893
[-0.18695533 -1.         -0.44764298  1.        ]
-21.638977
[-0.09377167  0.00556467  0.13586977 -1.        ]
-21.87355
[-0.5851558  -0.14062163 -0.4261734  -0.6454083 ]
-21.783705
[-1.          0.46226355  0.3940298   0.4172697 ]
-21.482925
[-0.0151958 -1.         1.         1.       ]
-21.25989
[ 0.8876718   0.10409141 -0.01207878 -0.05687641]
-21.454905
[ 0.78413874 -0.91948676  0.9458081   0.8896946 ]
-21.49924
[-0.9250039   0.5917891  -0.12799016 -0.0840015 ]
-21.749449
[-0.09901292 -0.6526239  -0.5368663  -0.291191  ]
-21.80661
[-0.95609856  1.         -0.81111455 -1.        ]
-21.621542
[1.         0.7471182  0.12443126 0.804679  ]
-21.236038
[ 0.17987916 -1.          1.          0.5683854 ]
-21.250954
[-0.23956656  0.07867689  1.          1.        ]
-21.41818
[-0.52605695 -0.19790201  0.94041795 -1.        ]
-21.811056
[-1.         -0.15598343  0.9031933   0.9573115 ]
-21.648207
[ 0.55765563  0.13277477 -1.         -0.788826  ]
-21.848955
[ 1.          1.         -0.04626433  0.17036793]
-21.6887
[ 0.49510545 -1.          0.38295594 -0.4021767 ]
-21.711063
[-0.39667615  1.          0.8578528  -1.        ]
-21.617115
[ 0.8207984  -0.8266226   0.26305413  1.        ]
-21.362553
[-0.24768195 -0.07404742  0.68507296  0.46437007]
-21.431799
[ 0.38212398 -0.7548636   0.42424476  0.7248783 ]
-21.563244
[-0.47058925  1.          0.23117681  1.        ]
-21.886549
[ 0.6123879   0.71233594  1.         -0.45431507]
-22.36083
[-0.9932863  1.         0.8439154  1.       ]
-22.485638
[ 1.         -0.2091232  -0.32573447 -1.        ]
-22.807789
[-0.04360229  1.         -1.         -1.        ]
-22.786083
[-0.67421126  0.44159186  0.36218083 -1.        ]
-22.56898
Episode 63: length=50, total_reward=-4.08
[-0.02070265 -1.          0.6190359   0.0701521 ]
-26.98132
[-0.97060144  1.         -0.2401438   0.06614445]
-26.891865
[-1.          0.18693888  1.         -0.76732194]
-26.887741
[ 1.         -0.35264897 -0.50712645  0.03745293]
-27.24304
[-1.         -1.          0.2412954  -0.04135002]
-27.30104
[ 1.         -0.66019744  0.46971405  0.5073161 ]
-27.51917
[ 1.          0.79948294  1.         -0.6830938 ]
-27.444817
[ 0.63239795 -1.         -0.58588165  0.6590133 ]
-27.49158
[ 0.3268342  -0.40931034 -0.02428664 -0.10458186]
-27.214458
[ 0.9491455  -0.2806337  -0.19170067 -1.        ]
-26.983452
[-0.13094772 -1.         -0.8377235   0.8250497 ]
-26.871162
[ 0.5387791   0.05202314 -1.         -0.345903  ]
-26.348534
[ 0.54961056  0.3048252  -0.4605936  -0.13470587]
-25.921425
[-1.         -0.00139641 -0.43918988 -0.4006871 ]
-25.594137
[ 1.         -0.09408639  1.          0.26171818]
-25.564922
[ 1.         -0.02742629 -0.7045609   0.6618919 ]
-25.312893
[ 0.02595031  1.         -0.35010564  0.51127887]
-24.756653
[-0.8580655   1.         -0.70425606  1.        ]
-24.250862
[-1.          0.54451716 -0.8970002  -0.7357644 ]
-23.724163
[-1.         1.        -0.6841935  0.6818391]
-23.630451
[-0.99866116  1.          0.65797794 -0.45631284]
-23.518387
[ 0.6057992  -0.26367715 -1.          0.32980165]
-23.862593
[-1.         -0.50196683 -0.70909774  1.        ]
-23.957996
[-0.9907327  -0.30837178  0.3675426  -1.        ]
-23.763672
[-1.         -0.09240018  1.          0.7520569 ]
-24.071281
[-0.6662506  -0.83898365 -1.         -1.        ]
-24.21796
[-0.03425568  0.32563397 -0.46720135  1.        ]
-24.717148
[-1.        -0.2192407 -0.3946738 -1.       ]
-24.830015
[-0.33448648  0.13461766 -0.6312873  -0.9568919 ]
-25.397953
[ 0.04191074 -0.22650038  0.2908677   0.3914951 ]
-26.298069
[-0.86007184  1.         -0.02983696 -0.09486368]
-26.961973
[-1.         -1.         -1.          0.44393036]
-27.549765
[ 1.         -0.9809705  -0.33648062 -0.6152949 ]
-28.081903
[-1.         -0.49921173  1.         -1.        ]
-28.474403
[-0.707301  1.        1.        1.      ]
-29.301722
[ 1.          0.39606676 -0.09934667 -0.48480293]
-29.873133
[-0.3683571 -1.         1.        -0.6568919]
-30.433977
[0.6772488 0.7153539 0.3613788 0.6224877]
-31.144255
[-1.         -0.8363499  -0.25508612  0.20618671]
-31.32062
[-0.56577283  1.         -1.         -0.792573  ]
-30.827858
[-1.         -0.6796435   0.77965826 -0.86255586]
-30.099562
[ 0.20250997  0.54906356 -0.00324066 -1.        ]
-29.22475
[0.8556758  0.13957141 1.         0.7434797 ]
-28.322578
[ 0.43831238  0.8276325  -0.34774697  0.66712135]
-27.914165
[-0.15972391 -1.          0.12698932 -0.8059237 ]
-27.761578
[ 1.          1.         -0.45024765 -0.8695626 ]
-27.278711
[ 1.          0.36140466 -1.         -0.41832456]
-26.907198
[-0.49031934  0.28842753 -0.99988717 -0.43805408]
-26.748201
[ 0.38672185 -1.          0.55607396  0.6946633 ]
-26.703207
[ 1.         -0.76924056 -0.7028503  -0.3006696 ]
-26.948149
Episode 64: length=50, total_reward=-4.28
[ 0.10389733 -0.07587188 -0.52095467  0.07319272]
-9.629916
[ 0.02303418 -0.8720846  -0.4572276   0.543166  ]
-9.475401
[ 0.0161188  -1.         -0.12877843  0.09947465]
-9.547108
[-1.          0.21423376  0.84261215 -0.6013069 ]
-9.45812
[0.15819329 0.2145356  0.97162807 1.        ]
-9.240846
[ 0.8665923   0.24320719  0.3230269  -0.23577887]
-9.293465
[ 0.68656987  0.22036968 -0.35901672 -0.27637777]
-9.185747
[ 1.         -0.15670408 -0.2658821  -0.00350426]
-8.852033
[0.9735529  1.         0.27350178 0.17454416]
-8.519711
[-0.37204528  1.          0.32011476  1.        ]
-8.135976
[ 0.36848447 -0.22626875 -1.          1.        ]
-8.2389965
[1.        1.        0.9044421 0.6064225]
-8.50356
[-1.          0.54744726 -0.6578616   1.        ]
-8.767886
[-1.          1.          1.          0.08122504]
-9.207386
[ 0.00946837 -0.73943007 -0.6577856  -0.18965064]
-9.667529
[ 0.37209404 -1.         -0.45890275 -1.        ]
-9.957351
[-0.06519382  0.16515668 -0.58980393  0.2033723 ]
-9.699716
[ 0.20810115 -0.9052401   0.33231446 -0.9858339 ]
-9.564117
[-0.5601512   0.3058989  -0.3781037  -0.09522033]
-9.079913
[-0.63720024 -1.          0.52583164 -1.        ]
-8.805408
[ 1.          0.34982276 -1.         -1.        ]
-8.455194
[ 1.          0.32620355 -0.13939425 -0.29724863]
-7.8902626
[-0.8042237  -0.8599725  -0.37935883 -0.9674927 ]
-7.262153
[-0.00717346  0.97525585 -1.          1.        ]
-6.5493016
[-0.7686493  -0.74498415  0.10369176 -0.6102771 ]
-6.4797215
[ 1.         -0.04045136  1.          1.        ]
-6.212354
[-1.         -1.         -0.42664126 -1.        ]
-6.186529
[ 1.          0.06395532 -0.78052676 -0.02847345]
-5.8900557
[-0.09372457 -0.01203421  1.         -0.9850651 ]
-5.618759
[-0.5858748  -1.          0.66280806  0.20085312]
-5.155298
[-1.         -0.54959124 -0.09419897 -0.17080852]
-4.9211235
[-0.70984966  0.27103436  0.19114444  0.35914674]
-4.9148917
[-0.5589934  -0.935361    1.          0.13165447]
-5.289461
[-0.37240314  0.10805586 -0.30328837  0.312263  ]
-5.6755457
[-0.9871315  -0.7380844   0.5369591   0.38044307]
-6.0710154
[-0.30162215  0.9026016   0.75487006  0.07085904]
-6.6161113
[0.78664   1.        1.        0.9051924]
-7.1205616
[-1.          0.10098605 -1.         -0.83192056]
-7.6837916
[ 0.16950244  1.          0.2106829  -0.91233814]
-7.947807
[0.1801503  1.         1.         0.03223095]
-7.968888
[-0.54335696  0.13842565  0.00299897  1.        ]
-8.046474
[ 0.02152932 -1.          1.          0.22853145]
-8.587665
[ 0.47085392 -0.08629514 -0.32063177  0.887432  ]
-8.987798
[-1.         -0.57435125  1.         -0.20404965]
-9.469427
[-0.57640064  0.7759354  -0.06018025 -1.        ]
-9.665382
[ 0.44249427  1.         -0.40790033 -0.02240718]
-9.6854
[-0.15409905  1.         -0.27266705  1.        ]
-9.944777
[-0.47183546  0.72177994 -0.3619613  -0.2577153 ]
-10.387668
[-0.6695112 -0.6936421 -1.        -0.2130389]
-10.720861
[-1.         -0.19012102  0.8651571   1.        ]
-10.95895
Episode 65: length=50, total_reward=-1.49
[ 0.18132776 -0.31580278 -1.          0.7884453 ]
-1.3054531
[ 1.          1.         -1.         -0.04700958]
-1.1673708
[ 0.325234   -0.17398892 -0.6368369  -1.        ]
-1.218254
[-1.          0.27631733  0.28174582  1.        ]
-1.5561213
[-0.11847304 -0.34842315 -1.         -1.        ]
-1.4690559
[ 0.82922745 -0.5870571   1.         -0.01165593]
-1.7329944
[-0.48485136  0.52209765 -0.09720645  0.91841954]
-2.0018635
[ 0.50561035 -0.52266675 -0.184328   -0.532096  ]
-1.9486581
[ 1.        -0.6740006 -0.5266874  0.847757 ]
-2.2425086
[ 0.9796765  -1.          0.40264016  0.22125912]
-2.295943
[-0.0926708  -0.64538205  1.         -1.        ]
-2.3774538
[-1. -1.  1.  1.]
-2.8104687
[-0.28585508  0.55060726 -0.2652912   0.9003727 ]
-2.716785
[-0.7206101  -0.2384159  -0.25972426 -1.        ]
-2.3854308
[-0.83395606  0.22337782  1.         -0.8775593 ]
-2.5507357
[ 0.5083692   0.2141096  -0.77084124  0.23361297]
-2.7386
[ 0.32262692  0.63581115 -1.         -0.5472533 ]
-2.7714539
[0.40457106 1.         0.65694976 0.8793802 ]
-2.888384
[-1.         -0.43402523 -0.75024104 -0.2949128 ]
-2.7799275
[ 0.00650535  0.73314804  0.91791886 -0.03701365]
-2.7260592
[ 1.          0.72122985 -0.8338777   0.5853057 ]
-2.6789572
[ 0.10633788  1.         -0.12490363 -1.        ]
-2.6181128
[ 0.529449   -1.          0.02096907  1.        ]
-2.8413343
[-0.6539952  -1.         -0.15580575 -0.22539924]
-2.6994185
[-0.3636251  -0.06271836  0.35315356  0.69683546]
-2.6766493
[ 1.          1.         -0.65894926  0.10559056]
-2.4268203
[ 1.         -0.9329668   0.34203076 -0.79973924]
-2.4356465
[-0.04940331  0.16759814 -0.04091441 -1.        ]
-2.8320315
[-0.5263749  -0.26394415  1.         -0.28037232]
-3.3153102
[-0.7990118  0.6529908 -0.7641929  1.       ]
-3.5774086
[ 1.         -0.33954725  1.          1.        ]
-3.5048482
[-0.18920444 -0.7458736  -1.          1.        ]
-3.1548784
[-1.        -1.        -0.6226199  1.       ]
-2.6941972
[0.01915319 1.         0.07122022 0.16230884]
-1.9825516
[ 1.         1.        -1.        -0.5516646]
-1.5931
[-0.538069   -0.8257351   0.38124782 -0.3760273 ]
-1.5843978
[ 0.20664851 -0.587118   -1.         -0.6864407 ]
-1.6222444
[0.6082035 1.        1.        0.1784248]
-1.7775072
[ 0.3279988  -0.34764433 -0.28796646 -0.0469925 ]
-1.8682302
[ 0.05192211 -1.         -0.89153975 -1.        ]
-2.0483027
[-0.59528005 -1.          0.46517897  1.        ]
-2.350064
[ 0.81719893 -1.         -0.19661139  0.8030093 ]
-2.074152
[-0.22791903 -0.47679958 -1.          0.5149219 ]
-1.7174877
[ 1.         0.8119815 -1.        -1.       ]
-1.3642614
[-0.12834983  0.26012743 -1.         -0.03906861]
-1.5309253
[-0.41805884  0.9679109  -0.6737848  -1.        ]
-1.7517102
[ 0.47901252 -0.03330211 -1.          0.46839315]
-2.2424088
[-0.9393162  -0.9703195   0.97495997 -1.        ]
-2.489982
[-0.738337    1.          0.12689126 -0.28880915]
-2.8437996
[-1.         -1.         -0.30782342 -0.15376775]
-3.0264664
Episode 66: length=50, total_reward=-1.88
[ 0.6768075  0.8151359 -0.5345236  1.       ]
-9.82348
[ 0.9353943  -0.33994713 -0.01991778  0.51964533]
-9.617223
[ 1.          0.06918231 -1.         -0.2985332 ]
-9.454308
[ 1.         -0.5659784   0.15829256  0.36785322]
-9.508538
[-0.8199009   0.87073797 -0.6071308  -1.        ]
-9.511471
[ 0.68067026 -1.         -0.02620559 -1.        ]
-9.743953
[-1.         0.9320961 -1.         1.       ]
-10.295596
[ 1.         -1.          0.46156055 -0.7862144 ]
-10.220389
[ 0.85845995 -0.24525782 -0.94136554  1.        ]
-10.463586
[ 0.08330584  0.76379156 -1.         -1.        ]
-10.34627
[ 0.8303078 -0.9457109  1.         0.6454215]
-10.690445
[-0.18015943 -0.18969546  1.          0.36091775]
-10.747818
[ 0.00831352 -1.          1.          1.        ]
-10.679254
[ 0.594128    0.13981676  1.         -1.        ]
-10.201478
[ 0.43702695  1.         -1.         -0.55884045]
-10.229607
[ 0.30229014  0.41519505 -1.         -0.35644048]
-10.447273
[-0.480147   -0.15211648  0.27037612  0.44725487]
-10.683632
[ 1.          0.52774227 -1.         -1.        ]
-10.666446
[ 1.        -1.         0.41312    0.5421649]
-10.967683
[ 0.13709648  1.          0.54040235 -0.18831727]
-10.988931
[-0.4705507 -1.        -1.         0.9947868]
-11.170806
[ 1.          0.03152912  0.7479274  -1.        ]
-10.964741
[-0.3486679  -1.          0.05416035  0.23287845]
-11.169423
[-0.10460959  0.11748551 -1.         -0.03801277]
-11.158709
[ 0.44266674 -1.         -1.         -0.91641766]
-11.097902
[ 1.         0.3086228  1.        -0.3121777]
-11.306042
[ 0.2221368  1.        -0.9580366 -0.7388365]
-11.515593
[-0.8035097  1.         1.         0.5464194]
-11.867289
[ 0.01688085 -1.          0.6285502   0.2297521 ]
-11.99469
[ 0.8573009  0.3406529 -1.         0.2842486]
-11.905211
[-0.23481703 -0.12694739 -1.         -0.46779886]
-11.837553
[ 0.18032242  1.          1.         -1.        ]
-11.971754
[-0.40559536  0.70255494  0.10208385 -1.        ]
-12.35722
[ 0.5380132   0.66305536 -0.2193164  -0.5856429 ]
-12.953075
[ 0.4147776   0.06762888  0.21250518 -0.06984995]
-13.423566
[ 1.         -0.3612077  -0.9030563  -0.19859225]
-13.689703
[ 0.41856098  0.05570967  0.62942684 -0.5320331 ]
-13.850655
[-1.         -0.25296307  1.          0.41485825]
-14.061221
[ 1.         -0.41736025 -0.24276245  0.17560944]
-14.147133
[ 0.5474918  -0.38861513 -0.75412434 -1.        ]
-14.130768
[-0.8964566  0.8798291 -1.        -1.       ]
-14.391989
[-0.26913488  0.6699886  -0.396528    1.        ]
-14.939392
[-1.         -0.270311   -0.97102594 -1.        ]
-15.086254
[ 0.37714362  0.41336173 -1.         -0.77819383]
-15.337547
[-1.          1.          0.12430676 -1.        ]
-15.723433
[-0.9631409  -1.         -1.          0.11170986]
-16.222723
[0.0324938  0.40957916 1.         0.65738714]
-16.381744
[ 1.          0.16349523 -0.41471    -0.32461798]
-16.323275
[-1.          1.         -0.23569377 -0.35887417]
-16.395834
[-0.65056974  0.32374075 -0.68332887 -1.        ]
-16.604265
Episode 67: length=50, total_reward=-5.16
[-1.         0.5841265  0.0284754  0.7212049]
-15.329203
[-1.          0.7919182  -0.91514134  0.6354712 ]
-15.240196
[-0.7240236  -0.4180332  -0.5670926   0.12454003]
-15.0684395
[-0.6529007   0.2149492  -0.85573477  0.6248956 ]
-14.825666
[-0.5901949   0.46865785  0.04274422 -1.        ]
-14.6642475
[-0.7375783  -0.7109211   0.58833885 -0.41793948]
-14.928057
[-0.25231877  0.06709737  0.19295003 -0.26972863]
-15.114769
[-0.44092336  1.         -0.9015542  -1.        ]
-15.274033
[ 1.         -1.          0.96644527 -1.        ]
-15.835227
[-0.59551954  0.83923763  0.27751976  0.86075014]
-16.414188
[-1.         -0.09370371  0.04654201 -0.10587558]
-16.605715
[ 0.2223666  1.         0.5512746 -0.9463329]
-16.92017
[-1.          0.88934356  1.          0.3126995 ]
-17.78293
[-0.70687604 -0.01446772 -0.1412195  -0.8684166 ]
-18.90284
[-0.60675347  0.96919084 -0.13316998  0.06041503]
-20.351196
[-1.         -0.90089273  1.         -0.762323  ]
-22.442497
[-0.31163245 -1.         -1.          0.40438706]
-25.198223
[ 0.60827345 -1.         -0.09926201 -1.        ]
-28.300694
[0.26920983 0.8056628  0.645525   1.        ]
-31.345928
[-0.19839916  0.8856582  -0.32880986 -1.        ]
-28.705227
[1.         0.7813574  1.         0.07182603]
-26.338892
[ 1.         -0.964426    0.20444977 -1.        ]
-25.616692
[ 1.          1.         -0.30950567  1.        ]
-25.14165
[-0.44305435  0.7174687  -0.79541975 -0.7851764 ]
-25.854042
[ 1.         -0.4758882  -1.          0.69476473]
-26.172447
[ 0.97873956 -0.0356445  -0.11361516  1.        ]
-27.08603
[-0.08325463 -1.         -0.42949098  0.8751159 ]
-28.677912
[-0.45609307 -0.54827225  0.76013714 -0.48929334]
-30.142841
[ 1.         -1.          0.14738038  0.71784884]
-31.184282
[-1.          0.43079096  0.25540072  0.1443486 ]
-29.608799
[ 1.         -0.90825945  0.3246768   0.08763184]
-28.580645
[0.672062   0.55830085 0.35737655 1.        ]
-26.697548
[-0.14722884  0.31245124  1.         -1.        ]
-24.3223
[-0.6995093  -0.70496416  0.39960194  1.        ]
-22.982231
[-1.         -1.         -0.20439929  0.12950487]
-21.675968
[ 0.525364  -0.5654146 -0.96887    0.8800496]
-20.32417
[-0.8650742   1.         -1.         -0.55726653]
-18.160013
[-1.       1.       0.36608 -1.     ]
-17.396582
[-0.80096173  1.          0.84802616 -0.29371452]
-18.080156
[-1.         -1.          0.29803452 -1.        ]
-20.528008
[-0.12203181 -0.12129018 -1.         -0.6639959 ]
-24.858286
[ 0.5860891  -0.5819055   0.53385425 -0.725925  ]
-27.941643
[ 0.15600875  0.2779873  -0.26038975 -0.6170465 ]
-20.28423
[-1.         -1.         -1.          0.23263055]
-17.220482
[ 1.        -0.6079035  1.        -0.795923 ]
-14.668863
[-0.41299608  0.7191341  -0.21519758 -0.15671554]
-12.579973
[ 1.         -0.06724228  0.06055326 -0.33999065]
-12.008532
[ 1.         -0.9896817   0.35825256 -1.        ]
-11.445171
[ 1.         -0.5311015   0.13136604 -0.8797002 ]
-10.1191025
[ 0.4358394  -1.          1.         -0.21110716]
-8.232392
Episode 68: length=50, total_reward=-3.31
[-0.9435625   0.72143096 -0.3440383   1.        ]
-29.367592
[-1.          0.5283404  -0.02907311  1.        ]
-29.34975
[ 0.2174226   0.986858   -0.09807426 -0.45212194]
-29.449917
[-0.09125815  0.3198859   1.          1.        ]
-29.419865
[-1.        -0.6847272  0.8704338 -1.       ]
-29.5469
[ 1.         -0.45974705  0.7968257  -0.77651846]
-29.035704
[-1.          0.49403104  1.          1.        ]
-28.539316
[ 1.          0.43868795 -1.          0.23867872]
-28.25757
[-1.          1.         -0.88682216 -1.        ]
-28.184162
[ 0.00423824  0.98576903 -1.         -0.53529346]
-27.855711
[-0.14736044 -1.          0.0486847  -0.77524686]
-27.519066
[ 0.32649156 -1.          0.7316855  -0.47333103]
-26.987072
[-0.94636333 -0.11759543 -0.6518817   0.09777036]
-26.363377
[ 0.47206002  1.         -0.7521898   0.846798  ]
-25.814259
[-0.782098   -0.92532754  0.41818523  0.6603586 ]
-25.684692
[-0.41654378 -0.7050301   0.19277194 -0.56714106]
-25.56138
[-0.24069552  1.          0.06979595 -1.        ]
-25.237093
[0.23999482 0.80210483 0.52517027 0.779212  ]
-24.70359
[-0.9616629   0.02819752 -1.         -0.21537851]
-24.585161
[ 0.63516045  1.          0.381895   -0.5318619 ]
-24.342323
[0.17717633 1.         0.87513936 0.06526873]
-24.105274
[ 0.20187394 -1.          0.04852937 -0.5233173 ]
-24.06937
[-0.33683437  0.72073454  1.         -0.5261615 ]
-23.848812
[-1.          1.          0.48082355 -1.        ]
-23.575989
[1.         0.64899987 1.         0.42534482]
-23.116241
[-0.8997804  -0.43147382  1.          0.0223657 ]
-23.084352
[ 0.12961802  0.34904715  0.6407448  -0.61598337]
-22.940144
[-1.         1.         0.404417   0.2838417]
-22.646229
[-1.        -1.        -1.         0.7255869]
-22.500875
[ 1.          0.43179002 -0.42446283  1.        ]
-22.564514
[ 0.5625858  -0.3046786   0.5211814  -0.42855516]
-22.846478
[ 0.3730039  -1.          1.          0.23335834]
-22.945024
[-0.12458091 -0.7104602   0.64639974  0.13365547]
-23.035185
[ 0.05075642 -1.         -0.03246439  0.85557866]
-23.111153
[ 0.35332355 -1.         -1.          1.        ]
-23.279497
[ 0.88383466 -1.         -0.85494316  1.        ]
-23.58123
[-0.02040769  0.2754603   0.25636196 -1.        ]
-23.913916
[-0.9512383  -0.22191249 -0.20076506  0.19142659]
-23.872288
[ 1.         -0.14688763 -1.         -0.2394583 ]
-23.812557
[ 0.8782298   0.83749914  1.         -1.        ]
-23.785133
[0.8145937  0.8911133  0.8880979  0.10105781]
-23.529766
[ 0.45191932  0.92680556 -1.          0.625859  ]
-23.498972
[-1.0000000e+00 -6.0418409e-01 -5.8020973e-01  7.7156723e-04]
-23.902023
[ 0.5610914  -0.44375798 -0.8755719   0.71940005]
-24.065172
[-1.         -0.07755536  0.45204857  1.        ]
-24.318638
[ 0.9414377 -1.        -0.8632463  1.       ]
-24.64696
[-0.0264475  -0.7943087   0.0133763   0.44614354]
-25.178068
[-1.          0.04062704 -0.48354572 -0.80860615]
-25.644018
[ 1.          0.24980254  0.38088092 -1.        ]
-25.639746
[-0.06180922  0.90819865 -0.5034952   0.6617076 ]
-25.489405
Episode 69: length=50, total_reward=-4.71
[ 0.69474393 -0.81571436 -1.         -1.        ]
-11.258839
[ 1.         -0.841161   -0.38120812 -0.5389015 ]
-10.923378
[-0.5479607  -0.01676105  0.9467639  -0.74147713]
-10.442227
[-1.          1.         -0.4794635   0.48171267]
-10.019435
[ 1.          0.59382707 -0.21370822 -0.21570447]
-10.041961
[-0.05412943  0.32997352 -1.         -0.96487075]
-9.989776
[1.         0.0372031  0.48655656 1.        ]
-9.791364
[-1.          0.08789396  1.          0.680356  ]
-9.909304
[-0.77540714 -0.13660572  0.2219399  -0.5354935 ]
-10.12718
[ 0.49526218  1.         -1.         -0.86591816]
-10.062937
[ 0.9086368  -0.65366703  0.0054175   0.34593898]
-9.851321
[ 0.0025455  -0.7020273  -0.45009762  1.        ]
-9.846781
[-0.33208078  0.10265976 -0.53243077  0.1003633 ]
-10.04794
[-0.9855528  -0.33738962 -1.         -0.15698604]
-10.278553
[0.13376555 1.         1.         0.92138547]
-10.458792
[ 0.42032003  0.00542097  1.         -0.7227621 ]
-10.947569
[-0.20109753 -1.         -1.          1.        ]
-11.080578
[ 0.29891762 -0.46829957  0.01757791 -0.05644166]
-11.388147
[-1.         -0.11313294 -0.5047764   0.10308317]
-11.36544
[ 0.32294005 -0.56424606 -0.07070218 -0.8139302 ]
-11.493681
[ 0.35813308 -0.36210063  1.          0.33591357]
-11.408169
[-0.6459607   0.76342547  0.3339016   0.98377025]
-11.466143
[ 0.2507921  -0.85329026 -0.6471104   0.6030979 ]
-11.748646
[ 1.          0.20822337 -0.04795733 -0.10366987]
-12.173746
[ 0.17841777 -0.625038   -1.          0.73761356]
-12.406824
[-1.         -0.42935494  1.          0.4867974 ]
-12.594984
[ 0.06896371 -0.11762945 -0.15366046  0.48752564]
-12.78673
[-0.8138487   0.19043523 -0.35064954  0.8946834 ]
-13.042791
[-0.988097   -0.33598965  0.67113334  1.        ]
-13.527834
[-0.23892097 -0.7531938   1.          0.11474825]
-14.027622
[ 0.75121826 -0.3380209  -0.80121684 -0.5327753 ]
-14.24567
[-0.10807939  0.7942992  -0.7188529  -0.31298292]
-14.061373
[ 0.09069668  1.          0.52522516 -0.84074295]
-13.882101
[-0.4066824  -0.39181185  0.5935976  -0.6543104 ]
-13.612764
[ 1.         -0.35131764 -1.          0.21423024]
-13.208521
[0.21530184 0.55211365 0.93051046 0.00331639]
-13.043926
[ 0.9964947  -0.54341257 -1.         -0.67494893]
-12.966621
[-0.00374594  1.          0.6861499  -0.38350177]
-12.7074795
[ 1.         -0.4523008   0.35857257 -1.        ]
-12.55788
[ 0.26318175 -0.5629687   0.03297839 -0.6441697 ]
-12.133959
[-0.23799774 -0.6832655   0.60127217  0.6365109 ]
-11.6042595
[ 0.54232943  0.38009137 -0.8623259  -0.12263609]
-11.279514
[-0.05972242 -0.11462346  1.          0.20511383]
-11.035196
[-0.6945759   0.11232233  0.6347693  -0.7184215 ]
-10.97884
[ 0.46084812  0.5700698  -1.          0.5609992 ]
-10.734579
[-1.          1.         -0.13897574 -0.7779557 ]
-10.712536
[-0.20387737  0.6708986  -0.83089805 -1.        ]
-10.528449
[ 0.01056184  0.27986214 -0.9599578  -0.9004859 ]
-10.31063
[-0.03571411 -0.49258456  1.         -1.        ]
-9.989881
[ 0.0271139  -0.65791416  0.6449144  -0.5792281 ]
-9.597204
Episode 70: length=50, total_reward=-2.64
[-0.76205343  0.6147783   0.6847994  -0.06115555]
-1.9404935
[-1.          0.8609611  -0.81015724  0.40417302]
-2.2413442
[ 0.82137734 -1.          0.1483455  -1.        ]
-3.2281675
[-0.9936198  -0.86464083  0.4466256   1.        ]
-3.4002051
[-1.          0.6079001  -0.9436739   0.01856047]
-4.1635346
[-1.         -0.27626628  0.27470958  0.9774295 ]
-5.2090235
[ 1.         -1.         -0.14276224  1.        ]
-6.515265
[ 0.39433455 -1.         -1.         -1.        ]
-7.3899655
[-0.9398017  -0.9821217  -0.77602816  0.5583829 ]
-7.425728
[ 1.         -0.13729419  0.0032314  -0.9052247 ]
-7.6476283
[-1.          0.57516325  0.62523913  0.43660212]
-7.4632554
[-1.         -1.          0.871384   -0.33491254]
-7.9273124
[-0.17964727  0.8665941   1.          0.7277921 ]
-8.138322
[ 0.31709963  1.         -0.5586257   0.5194355 ]
-8.700819
[ 0.99655956 -0.23995182  0.31353182  0.65538514]
-9.357727
[-1. -1.  1. -1.]
-9.922426
[-1.        -0.6464204  1.        -1.       ]
-9.9565115
[-0.29991448  0.6768143  -0.05846008  0.02132244]
-9.770259
[0.14036374 0.55346656 0.20471598 0.38044563]
-9.828147
[-1.          0.92044115  0.4965102   0.56962186]
-9.871223
[ 1.         -0.1750547  -0.65323955  1.        ]
-10.290679
[-1.          0.49114868  0.55830336 -1.        ]
-10.831135
[-0.04857702  1.         -1.         -1.        ]
-11.065767
[ 1.          0.41483855 -0.8745118   0.5336356 ]
-11.188105
[-0.0151906  1.        -1.        -1.       ]
-11.42708
[-0.29637218 -0.88279104 -1.          1.        ]
-11.551226
[ 0.9191872   0.60736424 -1.         -1.        ]
-11.818312
[-1.         -1.         -0.81733173 -0.41494113]
-11.714647
[-0.5088929   1.         -0.92103904 -0.54630125]
-11.578777
[ 0.5164945   0.33342293 -0.07215337  0.7812661 ]
-11.498869
[ 1.         -0.32314417 -0.18391481 -0.08040868]
-11.737507
[ 0.6421488  -0.07055769  1.         -0.17999962]
-11.887339
[-0.430001   -0.4842153  -0.5611547  -0.06103857]
-11.864031
[-1.          1.          0.2952031  -0.19146515]
-11.791456
[-1.          0.8020727  -0.53611714  0.46024042]
-11.780203
[-0.9836244   1.          1.          0.97351485]
-12.124212
[-1.          0.42747048  0.32477903  0.24570769]
-12.973925
[0.55909765 0.5043246  1.         0.48186088]
-13.58541
[ 0.09992126 -0.64563596  0.01393423 -1.        ]
-14.217234
[ 1.         -0.10573164  0.764231   -0.34109935]
-14.426909
[ 1.         -0.77266026 -0.10239626 -0.479343  ]
-14.5131645
[-1.         -0.7023339  -0.1492295   0.30098042]
-14.343023
[ 0.28191492  1.         -0.03274674 -1.        ]
-14.318176
[ 0.82779604  1.          0.07624193 -0.07256696]
-14.155773
[-1.          0.49967584 -1.         -1.        ]
-14.245301
[ 0.1608727  -1.          1.          0.85287786]
-14.170544
[ 1.          1.          1.         -0.85247505]
-14.331968
[ 1.         0.3250868  0.6309734 -0.3047492]
-14.305116
[-1.         -0.6097176  -0.04698094  0.34685287]
-14.2491255
[ 0.31115705 -1.         -0.03851527 -1.        ]
-14.312955
Episode 71: length=50, total_reward=-3.20
[-0.02764617 -1.          0.24617313 -0.24782655]
-29.416393
[-0.3451998  -0.02738795 -0.0199009  -1.        ]
-29.374222
[ 0.9034426  -0.14830904  0.7445794   0.19853792]
-29.631256
[-0.13845187  0.4264354   0.34365603 -0.6175058 ]
-29.688782
[ 1.         -0.37159827  0.56619143  1.        ]
-29.88298
[-1.         -0.21285023 -0.00510418  0.07703071]
-29.544014
[ 0.79274213 -0.5711968   0.07671584  0.31026095]
-29.533772
[-1.         -0.10991637  1.         -0.02400743]
-29.306244
[ 0.8667083 -1.         0.5145029  0.642301 ]
-29.294037
[-0.43868163  0.55353713  0.8116091  -1.        ]
-28.944572
[ 0.34312853  0.48265776 -0.8851937   0.4425787 ]
-29.05766
[-0.6435824  -0.8682609   0.78334033 -0.944364  ]
-28.971485
[-0.0126015  -0.80330133 -0.6696561  -0.75184447]
-29.157547
[ 0.53483844 -0.2319671   1.          1.        ]
-29.392742
[ 0.07593337 -0.2784141   0.81349826  0.11935452]
-29.157795
[ 0.17709336  0.30527204 -1.          1.        ]
-28.890575
[-0.3966827   0.07225852  1.         -0.51250917]
-28.281189
[ 0.5392942  -0.13344744  0.02584241 -0.22633785]
-27.973425
[ 0.71125525 -0.29015264  0.04160471 -0.88619274]
-27.695658
[-0.6408384  -0.5532654  -1.         -0.88140064]
-27.495405
[ 1.         0.8548625 -1.        -1.       ]
-27.613775
[-0.58918476 -1.          0.46795675 -0.9719173 ]
-27.733385
[-1.          0.56346214 -0.48926187  0.7504389 ]
-27.924236
[-0.80356    -0.07654068 -0.67605174 -0.30211568]
-28.084309
[-1.         -0.12928423  0.00662465  0.11990976]
-28.44954
[-0.6920059  -0.2639847   0.10881919  0.7405531 ]
-29.051918
[ 1.         -1.          0.58057594 -1.        ]
-29.561047
[ 0.9508166   0.8415601  -0.23503053  0.26999837]
-30.036644
[-0.5746387  -0.66218305 -0.22224714  0.40444905]
-30.079865
[-1.          0.79414713 -1.          1.        ]
-30.279984
[-0.7872663   0.26522213 -0.01732527  0.580109  ]
-30.725716
[-0.2655527   1.          1.          0.47865126]
-31.406324
[-0.27088687  1.         -0.7837434  -1.        ]
-30.579727
[ 0.40300885 -0.39372367  0.07875607 -1.        ]
-29.524635
[ 0.56826204  1.         -0.6306364  -0.986618  ]
-28.625721
[ 0.28114837  0.37016097  0.61329985 -0.18027285]
-28.01907
[ 0.5926499  -0.36731875  0.36410177 -1.        ]
-27.672153
[-1.  1. -1.  1.]
-27.4789
[ 0.15237081 -0.58600116 -0.6457574  -0.11233929]
-27.514748
[-0.04640331  1.          0.33028862  1.        ]
-27.369026
[-0.9329976   0.58812636  0.23797792 -1.        ]
-27.61435
[-0.7316456   1.         -0.19523345 -1.        ]
-27.20608
[-0.11810099  0.01671467  1.         -0.4398468 ]
-26.46845
[-1.          0.5177659   0.36052102  0.50583017]
-25.86813
[ 0.3022095  -0.06357042  1.          0.0600479 ]
-25.315685
[ 0.09975541  0.50112385  0.59629357 -0.5871656 ]
-24.893341
[ 1.          0.93543184 -0.55636173 -1.        ]
-24.503279
[ 0.19583717 -0.5628745  -0.04480755 -0.54245925]
-24.174795
[-0.47312748  0.8756136  -1.          0.59282345]
-23.769684
[-0.05693317  0.3112357  -0.5138989  -0.11942003]
-23.615513
Episode 72: length=50, total_reward=-4.58
[ 1.         -0.13699031  1.          0.19454955]
-7.2050815
[ 0.46319902 -0.33187515 -0.24945349 -0.25670645]
-7.2790546
[-0.78050756  0.08940915  1.          0.278035  ]
-7.5468836
[ 0.11650255 -1.          0.25597492 -0.5636305 ]
-7.608505
[ 0.15328264  1.         -0.72238433  0.0177728 ]
-7.8853564
[-0.02414637 -0.3551496   1.         -0.36043832]
-8.289505
[ 1.         -1.         -1.         -0.24931262]
-8.609034
[-1.          1.          0.77736485  0.6066599 ]
-8.966814
[-0.3959279   0.87836224  0.4940716   1.        ]
-8.948141
[-0.50980055 -0.04516011 -1.          1.        ]
-8.7002945
[ 1.         -0.00784846  0.2377838   0.7240676 ]
-8.147626
[-0.70171356 -0.29960743  1.          0.62953687]
-7.8097777
[-1.         -0.31660914  0.01551056 -1.        ]
-7.329026
[ 0.7224312  -0.35593447 -0.2621374  -0.25842622]
-7.1477003
[-0.23587653  0.02319915  0.68826145 -1.        ]
-7.2140226
[-0.09993282 -0.3791444   1.          0.04915035]
-7.3267326
[-0.33185434 -0.9942602   0.15827173  0.99233216]
-7.3158464
[ 0.5426641  -1.          0.20810834  1.        ]
-6.845566
[ 0.23563564 -0.54041076  1.          0.04420087]
-6.23512
[ 1.         0.5001513 -1.         0.6365254]
-5.9172893
[ 0.5483035  -0.9287623   0.96811086 -0.8048597 ]
-5.83659
[ 0.09346841  0.15323995 -0.5973191  -0.23368415]
-6.0304804
[ 0.708937   -0.635267   -0.39569446  0.07608864]
-6.2543936
[-1.          0.2639815  -1.         -0.76502997]
-6.4871335
[-1.         -1.          0.38102484 -1.        ]
-6.7526507
[0.9538618  0.11692881 0.77821493 1.        ]
-6.8350573
[0.7642301  0.8857038  0.6060487  0.11312746]
-6.5953326
[-0.8012903 -1.         1.         0.993831 ]
-6.647235
[-0.25256726 -0.22592106  0.849726    1.        ]
-6.279914
[ 0.79328954  0.849201   -1.          0.56548566]
-5.7029986
[-1.         -0.6272554  -1.         -0.25187197]
-5.4174213
[ 0.19434515 -0.28921264  1.         -1.        ]
-5.2202826
[0.20533267 0.17917939 0.07486385 0.6420724 ]
-5.4527454
[-0.84289104 -0.3446086   0.47556838 -0.44158348]
-5.5411363
[ 1.          0.17873114  0.31523827 -1.        ]
-5.625942
[ 0.12526624 -1.         -1.         -1.        ]
-5.8618183
[-1.          1.         -0.9369053   0.04803378]
-6.27609
[-0.43721578 -0.66439235  0.8003851  -0.41231737]
-6.4916143
[ 1.         -1.          0.18634447  0.21218207]
-6.5326757
[-0.61131823 -1.          0.46749783 -1.        ]
-6.533472
[ 0.14547524 -0.3294487  -1.         -0.41263843]
-6.641075
[0.04101804 1.         1.         0.3914146 ]
-6.7252455
[ 0.7438049  -0.85077816  1.          0.16034308]
-6.6226263
[-0.25212756  0.456124   -1.          1.        ]
-6.5304337
[-0.83113325 -0.30727634 -0.22524324 -0.0414047 ]
-6.17132
[ 0.06269662  0.5129755  -1.          0.40265608]
-5.8766484
[-0.24365032  1.         -0.71282345  1.        ]
-5.574243
[ 0.53853893 -1.         -0.08962703 -0.87417126]
-5.118951
[-0.49124858 -1.          0.34031016 -0.47874826]
-5.0496464
[-0.7701682   0.2467289   0.00226662 -0.18264198]
-4.957779
Episode 73: length=50, total_reward=-2.06
[ 1.        -1.         0.6276666  1.       ]
-28.2445
[ 0.7234174  -0.83826506 -0.96616495 -0.31696695]
-28.596558
[-0.10026538 -0.12241323 -0.49956906 -0.5610831 ]
-28.776344
[-0.38373047  1.          0.29952973  0.17993888]
-28.824612
[ 0.58424634 -1.         -0.6150013  -1.        ]
-29.033798
[-1.         1.         0.3349172  1.       ]
-28.973145
[0.5232222  0.23070893 0.18042439 0.94279337]
-29.059902
[ 1.         1.         0.3626951 -0.8260703]
-29.497066
[ 1.          0.31863654  1.         -1.        ]
-29.734863
[-0.16050616  0.2055566   0.14149606 -0.23803312]
-29.840702
[0.82355136 1.         1.         0.9931038 ]
-29.823967
[-0.9850473  -0.2482026  -0.60054636 -1.        ]
-30.25113
[ 0.015275    0.2175438  -0.05672944 -1.        ]
-30.115192
[-1.          0.81790334  1.          0.16862084]
-29.927773
[ 0.38082704  0.04730889  0.7902219  -0.49862057]
-29.825367
[-0.974167    0.1634005   0.22984737 -0.7849563 ]
-29.663948
[0.8716099  0.9162129  0.7766174  0.16583118]
-29.366241
[-0.00537824 -0.47634682  1.          0.28797594]
-29.437145
[-0.5600836  -1.         -0.9169515   0.79056424]
-29.551071
[-1.         0.5001236  1.        -0.3550363]
-29.812626
[ 0.6732415  -1.          1.         -0.00795737]
-29.814896
[-1.        -0.7260061 -0.6892102 -1.       ]
-29.878784
[-1.         -1.          0.7790804   0.44959757]
-29.526745
[-0.9925945  -1.         -0.18049762  0.19927077]
-29.277817
[-1.          0.0867515   0.8305472  -0.37725276]
-29.007572
[ 0.7853285   1.          0.02100968 -0.67186713]
-28.525024
[-0.46512765 -0.4233926   0.4378713  -0.21129498]
-27.916245
[-0.26594883  0.21670745 -0.34534794 -0.5593287 ]
-27.241455
[-0.9984025  0.6137951  1.         0.6214393]
-26.567785
[-1.         -0.00942632 -0.2796228  -1.        ]
-26.048004
[ 0.6433896   0.03746176  0.35047042 -0.6388672 ]
-25.259838
[ 0.79020035  1.          0.48501578 -0.43770593]
-24.588108
[ 0.49064004  1.         -1.          0.5905223 ]
-24.19918
[-0.8122643 -0.6258261 -1.         1.       ]
-24.189062
[-1.         -0.8454745  -1.          0.43196177]
-24.226131
[-0.44771373  0.13866207 -1.         -0.2688033 ]
-24.25847
[0.8468386 1.        0.615737  1.       ]
-24.13766
[ 0.41755718 -0.04041374  0.4836906  -0.3454221 ]
-24.394703
[-0.4061944 -1.        -0.6214973  0.405003 ]
-24.505396
[-0.37501574 -0.2255432  -0.75780964 -1.        ]
-24.527645
[1.         0.8074308  0.01897375 1.        ]
-24.214802
[ 0.31372997  1.         -1.         -0.08794367]
-24.362316
[ 0.16636245 -0.2918189  -0.80702823  0.18247283]
-24.43944
[ 1.         -1.         -0.42129216  0.04456526]
-24.496746
[-1.          0.01271101  0.3468704  -1.        ]
-24.587679
[-0.19165936  0.03068749 -0.24101636 -0.80546   ]
-24.369831
[-0.30284414 -0.18384843  1.          0.5777761 ]
-23.991098
[-0.81705534  1.         -1.          1.        ]
-23.920326
[ 1.          1.         -0.15771107  0.13837045]
-24.03263
[-0.1323599  -0.0416938   1.         -0.09968441]
-24.167328
Episode 74: length=50, total_reward=-4.81
[ 0.732846   -0.52922255  0.40757602  1.        ]
-7.232714
[ 0.28007165  0.50485015  0.29990777 -0.73078924]
-7.392082
[ 0.31678644 -0.78341615  1.         -0.3155678 ]
-7.14653
[0.30177265 1.         0.16059409 0.00200837]
-6.7306337
[ 0.9040576  -0.77932626  1.          0.2722894 ]
-6.450954
[-1.          1.         -0.12692484  1.        ]
-6.156855
[-0.89452     1.         -0.56738275 -1.        ]
-6.289664
[0.77086407 0.48339683 0.74857104 1.        ]
-6.3310347
[ 0.6233735   0.34780818 -1.          0.13347967]
-6.6601524
[ 0.4315269   1.         -1.         -0.66523385]
-6.9732914
[ 1.          0.22750738 -0.28074056  1.        ]
-6.8534226
[-1.        -1.        -0.3286854  1.       ]
-6.858912
[0.88768375 0.08895105 0.44739982 0.07404633]
-7.029242
[ 0.46581244  1.         -0.34509844 -0.34967214]
-6.95765
[-1.         -0.56281155 -0.82684886  0.5824367 ]
-6.7020516
[ 0.9149898 -0.6826013 -1.         0.4253894]
-6.7176113
[-0.9993415  -1.          1.         -0.05109912]
-6.607867
[-0.2915654   0.09637725 -0.63704175 -0.51809984]
-6.4858823
[ 0.9523173  1.        -0.5700289 -1.       ]
-6.202894
[ 1.         -1.          0.42253217 -0.02946048]
-5.5385456
[-0.98060536  0.21964878 -0.9677465  -0.24641712]
-4.8521395
[ 0.3260463  -0.05909134 -0.0746148  -0.1960601 ]
-4.3909903
[ 0.749613  -0.8123725 -0.4725641 -1.       ]
-4.0677814
[-1.         -0.7177073  -0.2606558   0.70315623]
-3.3847795
[0.15471292 0.16161612 0.455669   0.41206405]
-3.1913404
[-0.03068118  0.75244963  0.41640517 -0.36284313]
-3.069595
[-1.        -1.         1.         0.2674115]
-2.8944483
[-0.1117904 -1.         0.3846572 -0.5919158]
-2.9767454
[-0.03844874  0.43318883 -0.76619315 -1.        ]
-2.86589
[ 0.3574787 -1.        -0.790303   0.0329661]
-2.6581755
[-1.         -0.07190926 -1.          1.        ]
-2.445454
[ 0.5751189  -1.          0.96846956 -1.        ]
-2.750558
[ 1.          0.8839812  -0.43775773 -0.5684957 ]
-2.526774
[ 0.61128217 -0.06794666  1.         -0.3166577 ]
-2.0907066
[ 0.44920382  0.9801144  -0.69923675 -0.9430642 ]
-1.6037132
[ 0.65150386  0.0451161  -0.67590207  0.4765955 ]
-0.9509047
[-0.63902897 -0.18345958  0.77886623  0.48360765]
-0.5503905
[1.         1.         1.         0.15607595]
-0.41990888
[ 0.20145938 -0.01611485 -1.          0.05822215]
-0.21311435
[-0.5044531   1.          1.         -0.01363152]
-0.01731696
[ 0.6255635   0.77917993  0.9025204  -1.        ]
-0.1720266
[-0.08511928  0.01637177 -1.         -1.        ]
-0.667193
[-1.        -1.         0.8821879  1.       ]
-1.2879103
[ 0.09342121 -0.8999385  -0.03818945  1.        ]
-1.3739219
[-0.86380005  0.49341187  0.35087684  0.56702125]
-1.0536643
[ 0.73004097 -0.12191616 -0.13992572 -0.6078208 ]
-0.5952192
[-0.28988823  0.5136272  -0.31353796  1.        ]
-0.58369404
[ 1.          0.95547724  0.4430706  -0.14929262]
-0.35326272
[-0.2186154   1.         -0.6086816  -0.03123073]
-0.42454022
[-0.13638747 -0.18643838  0.22604418  0.6618676 ]
-0.5250813
Episode 75: length=50, total_reward=-0.76
[-0.6813112  -0.03887668 -1.         -1.        ]
-20.45356
[ 0.81120354  0.5355345  -0.57419324 -1.        ]
-20.19794
[-0.2522676   0.37388387 -1.          0.28661072]
-19.860003
[ 0.42726415  0.9878641   0.52354944 -0.555308  ]
-19.743763
[ 1.          1.         -0.5192871   0.13234872]
-19.631948
[ 0.30196762  0.25884026  0.5115726  -0.8115643 ]
-19.709274
[ 0.5975755  -0.11342558  0.7014853  -0.14654107]
-19.566399
[-0.31028977  0.97271097  0.43986925  0.3554475 ]
-19.511387
[ 0.29529065 -0.6695411   0.59962547  0.9318595 ]
-19.694798
[-1.         -0.47084272 -0.13776231  0.13735335]
-19.968094
[-1.         -1.          0.13219813  1.        ]
-20.138206
[0.2942994  0.12513468 1.         0.48560968]
-20.394138
[-0.38794002  0.01300545  0.848483    0.52587014]
-20.56344
[ 0.97313917  0.11394215 -1.         -0.08440722]
-20.752821
[-0.29910257  0.4418461  -0.86965615  1.        ]
-20.880142
[-1.        -0.7176153 -1.        -1.       ]
-21.192017
[ 0.09534615 -0.08636606 -0.22738782 -0.82746154]
-21.046162
[ 1.         -0.06460364  0.8240886   0.5424072 ]
-20.745167
[ 0.15261085 -0.5032504  -0.42687917 -0.14148691]
-20.723148
[ 0.16329926  0.35268477 -1.         -0.13574159]
-20.686588
[ 1.         -1.          1.          0.80619556]
-20.644241
[-0.6273419 -0.3873627 -1.        -0.1587787]
-20.903435
[0.79578376 0.91567636 0.45448956 0.4921739 ]
-20.894938
[-1.          0.04582892  0.28191495 -0.8483659 ]
-21.095062
[ 1.          0.4280303  -0.01116998  1.        ]
-20.856552
[ 1.         -0.35885295  1.          0.13271059]
-20.95274
[1.         0.11175353 1.         1.        ]
-21.082907
[-0.28937438  0.662098    0.24829909 -1.        ]
-21.593418
[ 0.26015377  0.17850877  0.53294986 -0.11218376]
-21.64424
[0.14709723 0.35934803 1.         1.        ]
-21.735422
[-1.          1.         -0.60809374  0.66710734]
-22.135876
[ 0.4802665  -1.          0.60945326 -0.2071247 ]
-22.603947
[ 1.        -0.2947492 -0.9348303 -1.       ]
-22.744818
[ 0.19436243 -1.          0.80439353  0.5658056 ]
-22.71894
[-0.5259311  0.5480079 -0.7587815  1.       ]
-22.89916
[-0.12310471  0.1422019   0.21120794 -0.21129273]
-23.33683
[-0.31786066  1.         -1.          1.        ]
-23.552338
[ 0.12291124  0.4111276  -0.87775755 -0.8919476 ]
-23.988075
[ 0.10462214  0.47697982  1.         -0.78541774]
-24.15583
[-0.15184134 -0.32504064 -0.46981332 -0.6266885 ]
-24.03471
[ 0.7214101   0.67583734  0.29910806 -0.4830695 ]
-23.705086
[-0.73437834  0.88048124 -1.         -0.7780719 ]
-23.532362
[ 1.         -0.5754741  -1.          0.05717193]
-23.536531
[-0.94355285 -0.9826618  -0.08008728 -0.5435253 ]
-23.573002
[-0.18255246  0.9712417   0.24906388  0.12288766]
-23.317316
[ 0.9847564  -1.         -0.53728825 -1.        ]
-23.31484
[ 0.07272727 -0.9583062   0.25560436  0.9767697 ]
-23.044586
[-0.9026416   0.33339942  0.573154    1.        ]
-23.154469
[1.         0.19399388 0.7566672  1.        ]
-23.418512
[-1.          0.10042718 -0.5581006   0.46562603]
-23.94295
Episode 76: length=50, total_reward=-3.99
[-0.10977745  1.         -0.01595301 -0.112082  ]
-21.203203
[-0.23542166 -0.75761175 -0.25666365  0.7940769 ]
-21.251911
[-0.48525232 -1.          0.42809042 -0.65317255]
-21.012096
[ 0.07397913 -0.21613227  0.02558247 -0.91008997]
-21.038498
[-0.03840674  1.          0.44970652  0.176259  ]
-21.372662
[ 0.64393204  0.13381684  0.12845355 -0.11446702]
-21.615044
[-0.06070578 -1.          0.23822685 -0.45833662]
-21.721687
[-1.          1.         -0.93060446 -0.47019643]
-21.914104
[-1.          0.37972903  1.         -1.        ]
-22.242346
[ 0.21788692  0.9838875  -0.84558207  0.05559509]
-22.773796
[ 0.04564649 -0.13045925  0.41832754 -0.81327957]
-23.170471
[-0.11269745  0.00555531 -0.8808803   0.50556135]
-23.66522
[ 0.20877174  1.         -0.07135034  0.32333264]
-23.939535
[-1.          0.67920065 -0.53498673 -1.        ]
-24.091316
[0.9216014 0.7768236 0.5059995 1.       ]
-24.7258
[-1.         -0.8261201   0.55927885 -1.        ]
-24.864883
[1.         1.         0.27046067 1.        ]
-25.520851
[-0.1583266  1.         0.9044369  0.3108235]
-25.665775
[ 0.23691553  0.02449608 -0.5634576   0.20239699]
-25.751474
[ 1.          0.6693193  -0.95606655 -1.        ]
-25.771652
[-0.2132346  -0.7424119  -0.54070956  1.        ]
-26.010685
[ 0.07809131 -0.64383245  1.          0.0717769 ]
-25.790249
[ 0.42784694 -1.         -1.         -0.4945321 ]
-25.595642
[-0.3785317   0.9186225   0.11947241 -0.69230926]
-25.400566
[-0.24067384 -0.22857405 -1.         -1.        ]
-25.519604
[-0.03789012 -0.9881665  -0.6592614  -1.        ]
-25.99292
[-1.         -0.83988315  0.1553347   1.        ]
-26.580608
[0.01280643 1.         0.78311265 0.77316403]
-26.758503
[ 0.1970016  -0.11616286  0.19915038  0.5185913 ]
-26.660324
[0.51371837 1.         0.9262321  0.91911376]
-26.532951
[-0.7095286   0.83585805  0.6388808  -0.4395124 ]
-26.12895
[ 1.         -0.49999228  0.44629005  0.0646832 ]
-26.123531
[-0.30058855 -1.         -0.39022937 -0.8307783 ]
-25.929842
[ 1.          0.821075    0.44937363 -0.23480171]
-25.935373
[-0.46166277  0.168112    1.          0.51945347]
-25.920792
[ 1.          0.02660844  0.2051308  -0.444143  ]
-25.904125
[-0.9483133   0.32175004  0.2992035  -0.00641847]
-25.943817
[ 0.17598481  0.3205886  -0.4225381   1.        ]
-26.061367
[ 0.17352071 -0.1965255  -0.95401335  1.        ]
-25.945168
[ 0.22766599  0.9150767  -0.31994438  0.784354  ]
-25.563847
[0.75084573 0.07455105 0.42523655 0.66886175]
-25.200756
[1.         0.48123747 1.         1.        ]
-24.911993
[-1.        -0.6175952 -0.7498014 -0.9226177]
-24.322025
[ 1.        -0.0359812 -1.         0.370681 ]
-24.230177
[-1.         1.         0.3964266  0.6627099]
-23.945219
[ 0.09611398  0.5135452  -1.         -0.00106017]
-23.784483
[ 0.6193802  -0.28397152 -1.         -0.17921141]
-23.681648
[-0.20912014 -1.          0.1420064  -0.26260352]
-23.589481
[ 0.17366862 -0.5639963  -0.00901997  0.19957176]
-23.646511
[ 0.9271556   0.26418898 -0.18940842  1.        ]
-23.541866
Episode 77: length=50, total_reward=-4.49
[ 1.         -0.56797683  0.02417514 -0.14493786]
-9.132748
[-0.69738233 -0.17186949  1.          0.58067197]
-10.509768
[-0.6919978   1.          0.13331676  1.        ]
-6.4793324
[-0.11966828  1.         -1.         -0.05904194]
-0.47007814
[-0.04480872  0.9994533   1.          1.        ]
-12.94202
[-0.34750915 -0.64931685  0.8583047  -0.858996  ]
-22.374372
[ 0.99482536  1.         -1.          0.34162056]
-21.713982
[ 0.9327237 -0.0578705 -1.        -1.       ]
-23.984112
[-0.64854974 -0.12873548  0.09116508  1.        ]
-26.113863
[1.         1.         0.30441898 1.        ]
-27.09384
[ 0.7946744  -0.7950941   0.3226571   0.88221323]
-29.452663
[ 0.11111191 -1.         -0.17765813  1.        ]
-30.583698
[ 0.6989984  -0.81484854  0.20468476  0.20147324]
-27.704668
[ 1.         -0.04297517  0.10718085  0.01069457]
-23.949894
[ 0.22975707  0.04952191  0.62916124 -1.        ]
-20.52816
[-0.01139447  0.02186083  0.69820404  1.        ]
-18.731554
[ 0.7113783  -0.7585547   0.3667215   0.12047508]
-17.447117
[-1.          0.58060586  0.33990565 -0.59930223]
-16.214598
[-0.01895164 -0.27586806 -0.41402817 -0.08192245]
-15.830063
[-0.04283102 -0.91837144 -0.6942794   0.44430923]
-15.449232
[-0.9589481   0.80040413 -1.          1.        ]
-14.676851
[0.17900242 0.2970696  0.542048   0.57221544]
-13.920595
[ 1.        -1.         0.2724714  0.1611441]
-13.466438
[0.92531633 1.         1.         0.85493755]
-13.014735
[ 0.23507626  0.27934107 -0.2143671  -1.        ]
-12.669467
[0.84682333 0.64580166 0.496949   0.05062429]
-12.917274
[ 0.96011955  0.49124414 -0.5790902   0.9523077 ]
-13.253039
[ 0.24495198 -1.          1.          0.57047904]
-13.348526
[ 0.07156724  1.         -1.          1.        ]
-13.115
[-0.36647415 -0.32139176  0.2250369  -0.6408237 ]
-12.938492
[-0.6662272  -0.49010837  0.93139815  1.        ]
-12.993721
[-0.15320535  0.8842217  -0.24205604 -0.11347371]
-12.609552
[-0.8926936  0.7496284 -1.        -1.       ]
-12.491492
[-0.7445627  -1.         -0.18173638 -0.5087671 ]
-12.787222
[-1.          0.2273185  -1.          0.10840984]
-12.916807
[ 1.          0.5735366  -1.         -0.05389515]
-12.726325
[-0.08916828  0.22797638  0.0181374  -0.9774226 ]
-12.726277
[-1.          1.         -0.04906932  0.68634975]
-13.091096
[-1.         -0.41391402  0.8660969   0.0302801 ]
-13.3452835
[ 0.5781101   1.          0.20264217 -0.87790096]
-13.415989
[ 0.9926822  -1.          0.9130373  -0.95952827]
-13.806223
[-1.         -0.10692409  1.         -0.8149105 ]
-14.115957
[-0.54116726 -1.          0.01166195  1.        ]
-14.363507
[ 0.6554826   0.86865544 -1.         -0.45348215]
-14.064945
[ 1.          0.9916253  -1.          0.11833687]
-14.137706
[-0.23392236  1.          0.41457355 -0.13156983]
-14.495768
[ 0.4908105  -1.          0.47284707  1.        ]
-14.986746
[-0.24688798  0.4447277  -0.49817246 -0.8203887 ]
-14.904827
[-0.24371594  0.6303756  -0.38000673  0.07652014]
-15.138549
[ 0.13575245  1.         -1.          1.        ]
-15.497307
Episode 78: length=50, total_reward=-2.91
[ 0.70247674 -0.354263   -1.          1.        ]
-5.056428
[ 1.          1.         -0.29720318 -0.14442128]
-4.8520594
[ 0.20396657 -1.          0.34873417 -1.        ]
-4.9097524
[ 0.9150853   0.24712875  0.14682055 -0.11503601]
-5.1623607
[-0.0328404   0.6790546  -1.          0.01367462]
-5.416014
[ 0.10786124 -0.53029335  0.7344425   1.        ]
-5.7085824
[ 1.        -0.5665329  1.         1.       ]
-5.624139
[-1.         -0.23348938 -1.         -1.        ]
-5.5094886
[0.15069644 0.04105004 1.         1.        ]
-5.6802583
[ 1.         -0.14485799 -0.3838412   0.27663165]
-5.525682
[ 0.35927525 -1.         -0.552883   -0.20312256]
-5.4854746
[-1.         1.         0.5220665 -0.2982297]
-5.5413795
[ 0.45868874 -1.          1.          0.41297138]
-5.674522
[ 0.7781201 -0.5623112  0.5554819 -0.7555255]
-5.618217
[-1.         -0.35125232  0.16219884  0.2332917 ]
-5.8121843
[-0.45969114 -0.3978283  -0.04824521 -1.        ]
-5.922492
[ 1.         -1.          0.59456724 -1.        ]
-6.2693663
[0.9684578  1.         0.48020232 0.62097514]
-6.688449
[-0.85113984  1.          1.          0.4383651 ]
-6.6932926
[ 1.         -1.         -1.          0.27061766]
-6.507413
[-0.5564379 -0.7244503 -1.        -1.       ]
-6.3990707
[-1.         -1.         -0.61021626  0.5222311 ]
-6.649754
[ 0.8165341  -0.16919434 -1.          0.82581764]
-6.6167173
[-0.49336597 -1.         -0.44403797  0.87799937]
-6.4821935
[ 0.98988724 -1.         -0.7669908  -0.2742003 ]
-6.1724253
[-0.03925937 -1.         -1.         -1.        ]
-6.069057
[ 0.14830354 -1.         -0.9493918  -1.        ]
-6.287024
[-0.21962206 -0.90002567  1.          0.228945  ]
-6.5694017
[-0.9781761   1.          0.6011918   0.35553825]
-6.6537547
[ 1.         -0.15404332 -0.20787735  1.        ]
-6.562803
[ 0.3963455  -0.7450907   0.360987   -0.57071227]
-6.258809
[-0.9657391  -1.         -0.89296126  0.8735093 ]
-6.2701197
[-0.06596727  0.8919      0.78306234 -1.        ]
-6.029193
[ 0.89263576 -0.65095776  1.         -1.        ]
-6.0819125
[-0.51360786  0.08075209 -1.          0.09115098]
-6.3411875
[ 1.          0.09102913 -1.         -1.        ]
-6.499612
[ 0.78292954 -1.          1.         -0.24960884]
-6.819923
[ 0.6682749  -0.81607634 -0.24871072 -0.25944576]
-7.1641498
[-0.64126325 -0.1619209   0.18309058  0.25730485]
-7.476035
[ 0.43120432 -0.30660123  0.25650072  0.9587369 ]
-7.4992437
[-1.          0.7330055  -1.         -0.28666058]
-7.2548018
[ 0.7635288   0.18802856  1.         -0.74852973]
-7.231003
[-0.5858887  -0.7408285  -1.         -0.48099765]
-7.480131
[ 0.6749656  -0.17519188  0.08546326 -0.8582549 ]
-7.761269
[-1.          0.5201418  -1.         -0.48753023]
-8.173977
[1.         1.         0.8942054  0.08507602]
-8.564106
[-0.7877898   1.         -0.46330687 -0.62078124]
-8.892528
[-1.         -0.6833096   0.37749314 -0.3976786 ]
-9.186121
[ 1.         -0.99342954 -0.10738771 -0.3028968 ]
-9.461688
[-0.12248124 -0.10945684  0.86255336  0.7018197 ]
-9.613786
Episode 79: length=50, total_reward=-4.17
[0.47295585 0.37612417 1.         0.2975734 ]
-23.577763
[-0.456039    0.34466127 -1.          0.9775323 ]
-20.38221
[ 0.09249718  1.         -0.7572232   0.91112924]
-23.166725
[-0.31657928 -0.6513695  -0.6944402   1.        ]
-25.831203
[ 1.         -1.         -0.07088262 -0.5716646 ]
-26.677727
[ 0.8686757  -0.2695679  -0.46362656  1.        ]
-23.349827
[-0.27023324  1.         -1.          0.6158538 ]
-19.900822
[ 1.         -1.          0.6317506   0.05974615]
-19.344748
[-0.06891698  0.04613766 -0.10458918 -0.10819203]
-17.62032
[ 1.          0.44290057 -0.38293204 -1.        ]
-16.820267
[ 0.07077002  0.31460994 -0.13618392  0.697486  ]
-16.786427
[0.15261352 0.4150603  0.08116999 1.        ]
-16.610931
[-0.9293843  -0.39840353 -0.4721827   0.17945874]
-16.288202
[ 0.67784995 -0.19827181  0.58820635 -0.636013  ]
-15.941648
[-0.2480016  -0.7240016   0.41038987  1.        ]
-15.826563
[-0.54294693  0.817191   -0.23942968  0.6563447 ]
-15.231661
[1.         0.42279935 0.282034   0.02196969]
-14.823263
[ 0.1055323   1.         -0.06024966 -0.48110965]
-14.650601
[ 0.2233213  -0.81755346  1.          0.5648173 ]
-14.917967
[-1.         -1.          0.24974373  0.95234406]
-14.753769
[-1.         0.5562472  1.         0.374731 ]
-13.987779
[-0.4497579  -0.78459233 -0.32137126  0.45092523]
-13.375839
[-0.794216   -0.21369328  1.         -0.12351245]
-12.649464
[ 1.          1.          0.15101962 -0.71982104]
-11.889481
[ 1.          0.0572193  -0.65237147  1.        ]
-11.673154
[0.71355045 0.47372603 0.3545281  0.4020134 ]
-11.230148
[-0.06494772  0.24578108 -0.3193089   0.5654013 ]
-11.079935
[-1.          0.08687748 -1.         -0.18336955]
-10.841917
[ 1.         -0.72117555 -1.         -1.        ]
-10.764588
[ 0.06976355  1.         -0.9721468   0.2878235 ]
-10.921759
[-0.6079244  0.7245344 -1.         0.5820765]
-11.216554
[-0.13345742 -0.5585681  -1.         -1.        ]
-11.36167
[-0.4647462   1.         -1.         -0.50248307]
-11.569318
[ 0.6190778  -1.         -0.89918077 -0.6092561 ]
-12.092484
[ 0.24378946 -0.63110536  1.          0.53594804]
-12.457127
[ 0.7024879 -1.        -1.         0.853675 ]
-12.279324
[-0.08116899 -0.21917656 -0.54977894 -1.        ]
-11.728605
[ 0.514321   -1.          0.00521683 -1.        ]
-11.52552
[ 0.3786015  -0.49533373  1.         -0.6204948 ]
-11.426014
[-0.0845786   1.         -0.18158518  1.        ]
-11.337751
[-0.11696072 -1.         -1.         -1.        ]
-11.182264
[ 0.15995519  0.6308342  -0.3916467  -1.        ]
-11.157068
[-0.5046234  -1.         -0.04066094  0.11890978]
-11.409383
[ 1.          0.6427646  -0.26032552  0.11455108]
-11.166996
[-0.9771493   1.         -0.51731485 -1.        ]
-11.118807
[-0.0612027   0.02303146  0.6159005  -0.65493584]
-11.357388
[-1.         -0.54845554  0.2946285  -0.5318222 ]
-11.727623
[-0.56435156 -1.         -1.          0.70494866]
-11.893381
[ 0.32812485 -0.86305016 -0.18210943 -1.        ]
-11.488694
[ 0.1299079  -1.         -0.25847742 -0.6752705 ]
-11.37361
Episode 80: length=50, total_reward=-3.37
[-1.         -0.9744302  -0.34421322 -1.        ]
-16.656187
[-0.8336937  -0.36780855  0.05301917 -1.        ]
-16.838577
[-0.20102224  1.         -0.679122   -0.4665628 ]
-17.128262
[ 0.76396334  0.9830981  -1.         -0.126696  ]
-17.4369
[ 1.         -0.42225832 -0.55406284  1.        ]
-17.685074
[ 1.          1.         -0.28291532  0.83606356]
-17.543285
[ 0.36382776  1.          0.42452624 -0.860867  ]
-17.189339
[-0.33784795  0.8775741  -0.34401807  0.01074057]
-17.25458
[-1.         -0.26402947 -0.39408642 -1.        ]
-17.438448
[-0.74560314 -1.         -0.04918988 -0.9576771 ]
-17.819628
[ 0.68632925  1.          0.7923684  -0.22410837]
-18.323673
[-1.         -0.10462815  0.2634006   1.        ]
-18.681206
[-0.4319129  -0.41105825  0.6244394  -0.09265496]
-18.707508
[ 0.13169995 -1.         -0.17354491  1.        ]
-18.708008
[ 0.8898543  -1.          0.44038302  0.3559788 ]
-18.526157
[-0.11483305  0.12271576 -0.8597015   1.        ]
-18.198494
[ 0.64096296 -0.34973222 -0.16090861  1.        ]
-17.700518
[ 0.08439051  0.39948502  0.02089366 -0.7767939 ]
-17.126348
[-0.52790916  1.          1.         -1.        ]
-16.958498
[ 1.          1.         -1.          0.35336345]
-17.191856
[-0.26048166 -1.          0.3784038  -0.85234094]
-17.277134
[0.76639473 0.68009436 1.         1.        ]
-17.45603
[-1.          0.17875023  0.25930804 -1.        ]
-17.382582
[-1.          0.10063829  0.16614112 -1.        ]
-17.620195
[ 0.52552056  0.64530224  1.         -1.        ]
-18.046793
[-1.  1.  1. -1.]
-18.588451
[ 1.         -0.16227955  0.17847711 -0.2683032 ]
-19.278463
[-0.28319478  0.07431875  1.         -0.03306954]
-19.759487
[ 1.          0.8756479  -0.655036    0.20364484]
-20.133095
[-0.99257594 -0.23124991  1.          1.        ]
-20.311256
[-1.          0.00711902  1.          1.        ]
-20.201683
[ 0.0894022   0.80062175 -0.8531679   1.        ]
-19.882858
[-0.72844714  1.          0.1048305  -1.        ]
-19.539612
[-0.05191648 -1.         -0.35762814  0.5064195 ]
-19.779602
[1.         0.3065001  0.70540136 0.98784065]
-19.662432
[-0.646694   -0.7609268   0.42022735  0.2053402 ]
-19.465464
[ 0.76699674 -0.18828258 -0.7729954   1.        ]
-19.322927
[-0.40476555 -0.3074087   0.02576782  0.5933047 ]
-19.046244
[ 0.4291384   0.94437754 -0.01726351  0.02559505]
-18.757528
[ 1.         -0.89604515  1.         -0.68711   ]
-18.635086
[-0.65678006 -0.50397724  0.09444293  0.443399  ]
-18.733353
[-0.5219914  1.        -1.        -0.3669814]
-18.634504
[ 0.7796657  -1.         -0.41378728 -1.        ]
-18.701294
[ 1.          0.29792485  0.30357015 -1.        ]
-18.857569
[ 0.45146924  0.54690975 -1.          0.07232791]
-19.22529
[0.76428235 1.         1.         0.48789495]
-19.483929
[1.         0.41503745 0.30035117 1.        ]
-19.595469
[ 0.7027615  -0.47534797 -1.          0.38341057]
-19.431961
[-0.30394483 -1.         -0.6156212   0.43424866]
-19.17909
[ 1.          1.          0.34119606 -0.03494494]
-18.711485
Episode 81: length=50, total_reward=-3.87
[ 1.        -1.        -1.        -0.5297472]
-30.375198
[ 1.          0.16266468  0.78259283 -0.09450054]
-30.38993
[-0.5030177  1.        -1.         1.       ]
-30.588446
[ 0.57183653  1.         -0.37908125 -0.64889586]
-31.06064
[ 0.41718844  0.05715173 -0.83693945  1.        ]
-31.29845
[-0.8132643   0.60360885 -1.          0.46038187]
-31.082478
[-0.59548324  0.8075522  -1.          1.        ]
-30.697483
[ 0.03949665  0.58741194  0.8548038  -0.68245155]
-30.18234
[-1.         -0.90685666  1.          0.19668339]
-30.068523
[-0.14615233 -0.35156468 -0.51007664  0.01842751]
-29.93532
[-0.08942184  0.59903693  0.015435    1.        ]
-29.86974
[ 1.          1.         -0.07681116  1.        ]
-29.538235
[-0.38203079  0.03886668 -0.2726398   0.26820862]
-29.023436
[ 0.01149052 -0.2756108   0.17034672  0.55274546]
-28.735577
[0.3772906  0.01720633 0.8274666  0.17148136]
-28.381622
[-0.8240764  -0.7440947   0.33935648  1.        ]
-28.104105
[0.8410102 0.7432985 0.2679445 1.       ]
-27.739477
[-1.         -1.         -0.07788789  0.8897338 ]
-27.165722
[ 1.         -0.379395   -0.94292146  0.75935984]
-26.705551
[ 1.         -1.          0.2042098  -0.18249458]
-26.194187
[-0.70882434 -1.          0.87741476  0.3688771 ]
-25.771475
[-0.37006468 -0.2553771  -1.          0.5039854 ]
-25.44439
[-1.          1.          0.70059836 -1.        ]
-25.09367
[ 0.5750127  -0.63127726 -0.62518746  0.43470946]
-25.322002
[0.9168718 1.        1.        0.6954543]
-25.237865
[ 0.13222083 -0.0955142   1.         -1.        ]
-24.998758
[ 1.          1.         -0.48868963 -1.        ]
-25.07489
[ 0.1846716  1.        -1.        -0.9965735]
-25.305384
[-1.         -1.         -0.58755934  0.00973129]
-25.710567
[-1.         -1.         -0.67748153 -0.02850951]
-25.988777
[-1.        -0.2427529 -0.5567666 -1.       ]
-26.11998
[-0.03496468 -0.27567554 -1.          1.        ]
-26.620514
[ 0.04881296 -0.6087753  -0.4374968   1.        ]
-26.788364
[ 0.24154311  0.0847263  -0.2249559   1.        ]
-26.623901
[ 0.3792662 -0.9584084 -1.         1.       ]
-26.380135
[-0.255997   -0.48154876 -1.          0.89480036]
-25.95543
[ 0.09343657 -0.6842643   0.70620954 -1.        ]
-25.54303
[ 0.23586518 -0.45115593 -0.564622    1.        ]
-25.577211
[ 1.          0.13871033 -0.21730824  0.29810113]
-25.216276
[ 0.41053286 -0.44516292 -0.4514998  -0.16866603]
-24.936361
[-0.06859285  0.04717916 -0.6020599   0.17084658]
-24.628662
[ 1.         -1.          1.         -0.30025017]
-24.334637
[0.62096405 0.3591361  0.10843684 0.6020989 ]
-24.012222
[ 0.42718723  1.         -0.41812244 -1.        ]
-23.49974
[-0.28398213 -0.4126947  -1.         -0.12566693]
-23.420103
[-0.22220817  0.35278192 -0.8838787  -0.34113675]
-23.319073
-----------------------------------------
| time/                   |             |
|    fps                  | 615         |
|    iterations           | 2           |
|    time_elapsed         | 6           |
|    total_timesteps      | 4096        |
| train/                  |             |
|    approx_kl            | 0.008892635 |
|    clip_fraction        | 0.0736      |
|    clip_range           | 0.2         |
|    entropy_loss         | -5.66       |
|    explained_variance   | 0.2         |
|    learning_rate        | 0.00025     |
|    loss                 | 0.0763      |
|    n_updates            | 10          |
|    policy_gradient_loss | -0.0117     |
|    std                  | 0.993       |
|    value_loss           | 0.619       |
-----------------------------------------
[-1.         -0.29491737  0.62320954 -0.45249078]
-23.417656
[-1.         -0.15633838  0.44756818 -0.3298698 ]
-23.67501
[-0.6224608  -0.39124578  0.94923806 -0.1473402 ]
-23.983418
[ 0.33823204 -0.31118014  0.9147085   0.10317603]
-24.178656
Episode 82: length=50, total_reward=-4.90
[ 0.36613417  0.23631135  0.17843363 -0.3345944 ]
-21.088444
[-0.3315392 -1.         1.         0.4142144]
-21.003017
[-0.66075003 -0.63358     1.          1.        ]
-20.96263
[-1.         -0.76540047 -1.          0.20207235]
-20.98721
[-0.78060657  1.         -0.16895814  1.        ]
-20.932316
[ 0.64152056  0.13400313  0.64849895 -1.        ]
-21.200466
[-0.32894894  1.         -1.          0.02036151]
-21.065674
[-0.65193033  0.8172316  -0.7896621  -0.11550535]
-21.09704
[ 0.02484295  0.08413433 -0.83300495  1.        ]
-21.111893
[-0.5288756   1.         -0.03446969 -1.        ]
-21.564415
[ 1.         -0.63335603  0.8057066  -0.5411024 ]
-21.596981
[-0.44723463  0.70230675  1.         -1.        ]
-21.443718
[-0.02401397  1.         -0.68849653  0.6379765 ]
-21.154861
[ 0.24906768 -0.3677388   1.          0.82275605]
-21.283669
[-0.5640611  1.        -1.        -0.7554761]
-21.513693
[ 0.7421732  -0.9206835  -0.52007407  1.        ]
-21.497364
[ 0.44929317 -0.31546348  0.23418543  1.        ]
-21.588375
[ 0.7272047  -0.126319    0.3555048  -0.54630107]
-21.832209
[ 0.871045   -0.4939913   0.6871778   0.50211686]
-21.817911
[ 1.         -0.37098265  0.03914656  0.86277163]
-21.828176
[ 0.8811664  -0.34241226  1.         -0.39443713]
-22.106497
[-1.          0.9193931  -0.19112268 -0.93659455]
-22.15174
[-0.02891904 -1.          1.         -0.60528845]
-21.814217
[ 1.         -0.04685363  1.          1.        ]
-21.418676
[-0.12483791  1.          1.         -0.3704337 ]
-21.549818
[ 0.4252987 -0.9854422  0.7465179  1.       ]
-21.632078
[ 1.         -0.93170685 -0.42731914 -0.668959  ]
-21.86846
[ 1.          0.5838774  -0.41154623 -0.3719141 ]
-21.928274
[ 1.        -0.1056583 -0.4322562  1.       ]
-22.036762
[ 0.33066043  1.         -0.6910731  -0.09975612]
-22.488287
[-0.8387629  -0.03679302 -1.          0.48620942]
-22.933023
[ 0.49103042 -0.59005255  0.55125445 -0.50260895]
-23.404085
[ 0.436908    1.         -0.05045545  0.04540389]
-23.696304
[ 0.17782322  1.         -0.54401374 -0.13381135]
-23.974854
[ 0.06218333  1.         -0.69243914  0.6518327 ]
-24.253845
[ 1.         1.         0.2949517 -0.4562511]
-24.824112
[1.        0.8790721 1.        0.4395275]
-25.245518
[-1.          0.99038166  0.897602    0.38855004]
-25.900917
[-0.25683063 -0.28906107  1.         -0.99065644]
-26.47565
[-0.3383269 -0.9961725  0.9045302 -1.       ]
-26.652988
[-0.08628167  0.1848748   0.16463244  1.        ]
-26.535828
[-0.06688934 -0.08297104 -0.37435508 -1.        ]
-26.725391
[ 0.0351624   0.20357667 -0.12026112 -0.18996465]
-26.560253
[-0.0674039   0.84023464 -1.         -1.        ]
-26.467655
[-1.          0.08263762  0.16572732  0.36885867]
-26.171204
[ 0.17262468  1.         -0.6595093   0.9872972 ]
-26.206604
[ 1.          0.76686823 -1.          0.52834404]
-26.508068
[-1.         -1.          1.          0.12929633]
-27.058773
[-0.63121575  0.01702166  1.         -0.02864443]
-27.412426
[-1.         1.         0.7369541 -0.7117985]
-27.64724
Episode 83: length=50, total_reward=-4.61
[-0.36924964 -0.7413577   1.          1.        ]
-7.8799872
[-0.56864935 -0.7520535  -0.83385646  0.7988487 ]
-8.062325
[-0.9477468  -1.          0.62628865  0.56984514]
-8.3628645
[-0.07592973 -0.30983534 -0.19430874 -0.32848263]
-8.621402
[ 1.          0.63282955  0.8909292  -0.06800412]
-8.727178
[-0.29758424  1.          1.         -1.        ]
-8.659286
[ 0.5656214  -0.57823193 -1.          0.1087833 ]
-8.450994
[-0.41169885  1.          0.12822321 -0.1321784 ]
-8.330678
[ 1.          1.         -0.07235653 -0.63358   ]
-8.203955
[-0.5499417  -0.24388626  0.00727105 -0.4072486 ]
-7.9741473
[ 0.7754992  -0.60462755  0.14841574 -0.7897993 ]
-7.775082
[ 0.6635728   0.08585513  1.         -0.35145354]
-7.3492336
[ 0.19558197 -0.22400558 -0.01920264  1.        ]
-6.941604
[-0.2750585  -0.22822046  0.56449986 -0.39233133]
-6.9245334
[ 1.         -0.3362674  -0.2792179  -0.85019696]
-6.752749
[-0.9417613 -1.         1.        -0.1795913]
-6.237078
[ 1.         -0.4246617   1.         -0.91947645]
-5.8701286
[ 0.01923124 -0.7276138  -1.          1.        ]
-5.2793427
[ 0.530595    1.         -0.62405086  0.7197243 ]
-5.108721
[-0.36030772  0.8136      0.11734323  1.        ]
-5.0924034
[0.6368668 1.        0.7906378 1.       ]
-5.320907
[-1.          0.9314636  -0.25650653  0.21482879]
-5.6756554
[-0.24241361  0.23501855 -0.73966825  1.        ]
-5.9832344
[ 0.5902339  -0.31573346  0.01504754  0.5930864 ]
-6.3883023
[-0.8910961 -0.734945  -0.6013573 -1.       ]
-6.711707
[-0.21240385 -0.77840364 -0.6493464   0.5284381 ]
-6.65022
[ 1.         -0.99135554 -1.         -1.        ]
-6.6697125
[ 0.9670796  -0.28403273  0.33922878 -1.        ]
-6.23779
[-0.7763219   0.19943376  0.51688033 -0.23620537]
-5.442191
[-1.         -0.78303957 -0.07652915  0.45984194]
-5.055892
[ 1.        -1.         0.8741814 -1.       ]
-5.0385494
[ 1.         -1.         -0.54841423  0.5227832 ]
-4.721281
[ 0.5164245  -0.7571188  -0.529671   -0.41821298]
-4.5603395
[-1.          1.          0.68481773 -0.8221866 ]
-4.254887
[ 0.2318637  -0.43251166  0.5842106   0.06356564]
-4.0470533
[-0.2715481  -1.          1.          0.71654505]
-3.9253404
[-1.         -0.15116769 -0.21008761 -0.31065962]
-3.8050203
[-0.38132897 -1.         -0.9350452  -1.        ]
-3.7689762
[-0.44629523  1.          0.54465723  1.        ]
-3.3838015
[-0.09970793 -0.49891782 -0.5625938   1.        ]
-3.502324
[ 1.         -0.58793414 -1.          0.44093126]
-3.9187505
[-0.7871194   0.62875223 -1.          1.        ]
-4.2482405
[-1.         -1.          0.75103676 -0.42863455]
-4.8131294
[0.8626533  0.5944185  0.9551233  0.05102473]
-5.1917286
[ 0.9292686   0.29714897 -0.71306777  1.        ]
-5.3625402
[9.5570832e-04 1.8575422e-02 1.0000000e+00 4.3913737e-01]
-5.6489186
[ 1.        -0.3044898  1.        -1.       ]
-5.863715
[ 1.         -0.72313297  0.5305495  -0.04106417]
-5.7352314
[-0.975218   -0.07222612 -0.81955504  1.        ]
-5.516997
[ 0.20068428 -0.83598125 -1.          0.22796394]
-5.6660757
Episode 84: length=50, total_reward=-2.16
[-0.15858994  0.61176175  0.32952955 -0.17812392]
-9.934538
[-0.6652248   0.7006658  -0.70170957 -1.        ]
-9.934614
[ 0.25463295 -1.          0.30638787 -0.53426147]
-9.79306
[-1.          0.90427876 -1.         -1.        ]
-9.450691
[ 0.7596602  1.        -0.4458493 -0.7421404]
-9.256094
[ 0.2785638  -1.         -0.9314496  -0.76469123]
-8.962125
[ 0.7834376 -1.        -1.        -0.6085005]
-8.551029
[ 1.         -0.18339445 -0.2026677  -1.        ]
-8.118295
[-0.27482736 -0.1030952  -0.98111653 -0.94810843]
-7.5270696
[-0.65080464  0.10101044 -1.          0.80357426]
-6.920214
[ 1.         -0.45082283 -0.36245385  0.16520156]
-6.779156
[ 1.         -0.49942732 -0.28234413  0.1568674 ]
-6.5815268
[ 0.0823689 -0.3885692 -1.        -0.8208295]
-6.342178
[ 1.         -0.9737149  -0.6158995   0.25604254]
-5.867844
[-0.92200214  0.0550157  -0.43983448 -0.14841777]
-5.4847775
[ 1.         -0.69208664  0.08653885 -1.        ]
-5.2177534
[-0.25033933 -1.         -0.393009   -0.8106191 ]
-4.6091766
[ 1.         -0.48897704 -1.         -0.27368894]
-3.984597
[-0.2330953   0.08990822  1.          0.6365714 ]
-3.3502464
[-0.130918   -0.15927726  1.         -1.        ]
-3.1872587
[0.17494749 0.47245437 0.02714261 1.        ]
-2.7900257
[-0.04995472 -0.69559693  0.55479044  0.84295344]
-2.7101364
[ 0.39518103  0.7105752   1.         -1.        ]
-2.8853881
[-0.92153096  0.4509218  -0.23063512 -1.        ]
-2.6222322
[-0.28603584  0.29960033 -0.21820062  1.        ]
-2.217421
[ 0.8287043  -0.54663926  1.         -0.5317244 ]
-2.1912906
[ 0.7541792   1.         -0.06376228 -1.        ]
-1.9371748
[-1.          0.30700293 -0.429685    0.02626567]
-1.5801383
[ 0.60596573  0.14055099  0.70396525 -0.53463054]
-1.4370877
[-1.          0.4028026   0.744037    0.06422375]
-1.11589
[ 0.8815294   0.34215498  0.52445704 -1.        ]
-1.0691602
[ 1.        -1.         0.6733114  0.8187075]
-0.60433024
[ 0.30263937  0.69285804  0.2559659  -0.42186737]
-0.31642583
[-0.18372938 -0.10095064  1.          0.33662838]
-0.05392371
[-0.8204111  -0.66158396  1.          1.        ]
-0.22307673
[-1.         -1.         -0.9533101   0.55355763]
-0.07695365
[ 0.53160334  0.43052518 -0.8622657   1.        ]
-0.45550472
[ 0.8176235   0.07351479 -1.          0.04674926]
-0.80497825
[ 0.02495286  0.55246586 -0.13634112 -1.        ]
-1.0488803
[ 0.27916807 -0.6101434   1.         -0.09256393]
-0.84278667
[ 0.02260968 -0.98102564 -1.         -1.        ]
-0.65893745
[ 0.36060604 -0.47259083  0.71484435 -0.38947886]
-0.35147336
[-1.         -0.56775963 -1.         -0.34911096]
-0.00653918
[-1.          1.         -0.36718076 -1.        ]
-0.23017205
[ 0.6817692   1.         -0.78654695 -0.55102056]
-0.51460516
[-1.          1.         -0.5523983   0.17708285]
-0.83222127
[-0.05427049 -0.9374899   1.         -1.        ]
-0.8433746
[ 0.65474343  0.82516277 -0.36080667  0.26861328]
-1.0196612
[ 0.55248976  1.         -1.          0.290937  ]
-0.99708766
[-0.7032699  -0.06462296  0.6147752  -0.20273352]
-0.95620847
Episode 85: length=50, total_reward=-1.62
[0.57908213 0.17889914 0.549942   0.63769424]
-10.730634
[ 0.82244223  0.31993172 -0.15383586  0.20727564]
-10.651883
[-1.          0.8850753   0.66381216 -1.        ]
-10.633621
[0.24973655 0.5299896  0.00185978 0.621973  ]
-10.988974
[ 0.73989046  1.         -0.1412844   0.6235833 ]
-11.099404
[-0.9757093   0.33170402 -1.          0.10353476]
-11.206817
[-1.         0.7302419 -0.3366204  1.       ]
-11.169304
[1.         0.3052263  0.12121993 0.47376132]
-10.93112
[ 0.64244103  0.61911297 -0.8132032   0.5826197 ]
-10.634522
[0.11114013 0.2625592  0.18075268 0.38801813]
-10.340829
[-0.29247236 -1.          0.24899592  0.24709575]
-10.176024
[ 0.20393854  1.         -0.13288215 -1.        ]
-9.965872
[-1.        -0.9432789 -1.         1.       ]
-10.26093
[-0.23556297  0.21631937 -0.43416223  1.        ]
-10.090952
[ 0.2583553   0.05633359  0.6908376  -1.        ]
-9.625269
[ 0.55703616 -0.16340202  0.6430336  -1.        ]
-9.6573305
[ 0.10924374  0.21270621 -0.02546369 -1.        ]
-10.026698
[ 1.         -0.09278321  0.36092186 -0.49396238]
-10.688228
[-1.         -0.9372769   0.17533314  0.214085  ]
-11.229385
[ 1.         -0.592391   -0.24055684 -1.        ]
-11.4928
[ 1.          1.         -0.47991902 -0.4329679 ]
-11.900825
[ 0.40588465  0.6431034  -1.          1.        ]
-12.458085
[-1.          0.73133683  1.         -0.83258915]
-12.678265
[ 1.         0.7450877 -1.         1.       ]
-13.051113
[-0.88080746 -0.46069962  0.4468692   0.00199809]
-13.164257
[ 0.94577265  1.          1.         -0.01444356]
-13.202147
[ 1.         -1.         -1.          0.45781776]
-13.394674
[-0.57944584 -1.         -1.         -0.83230066]
-13.394112
[ 0.46656394  0.4289478  -0.14500308  0.79176784]
-13.54093
[0.38652712 0.738941   0.7992225  0.70552725]
-13.424996
[-0.4942379   0.16008571 -0.05494798  0.7260635 ]
-13.1883135
[ 0.20807254  0.49855158 -0.20524442 -0.25035524]
-12.891983
[-1.         -1.          0.12759934  1.        ]
-12.710799
[-1.          1.         -0.43492696  0.07422017]
-12.311005
[ 0.6124979  -0.9350895   0.12552562 -0.23747699]
-12.105683
[-0.22740805 -0.13802159  0.72228324 -0.38861674]
-12.055673
[-1.         -1.          0.7917648   0.62927854]
-12.061562
[1.         1.         0.54704875 0.42109883]
-11.930393
[-0.1216503   0.2785012  -1.         -0.02453653]
-11.781715
[-1.         -1.         -1.         -0.76781577]
-11.715912
[ 0.08003785 -0.91075116  0.43694133 -0.77879286]
-11.793493
[-1.          1.          1.          0.40312022]
-12.031402
[ 0.71398187 -0.08468569  0.36548132 -0.64418554]
-12.082161
[-0.18266019  0.4773061   1.          0.2784287 ]
-12.288884
[-0.1611642   1.         -0.54052645  0.20813654]
-12.334126
[ 0.6832428   0.349427   -1.         -0.31637377]
-12.279376
[ 1.         -0.10388624  0.6304484   0.8633625 ]
-12.472557
[ 1.         -0.14710826 -0.29940194 -0.67674524]
-12.378878
[ 1.          0.04684853 -1.          0.47348607]
-12.475084
[-0.46969348 -1.          0.21462294 -0.5194816 ]
-12.417635
Episode 86: length=50, total_reward=-3.03
[ 1.         -0.74775165 -1.         -0.37867886]
-12.432348
[ 0.25753397  0.05293521  0.0645985  -1.        ]
-12.262585
[-1.          1.          0.46934485  1.        ]
-11.901796
[-1.          0.7652633  -0.69745004 -0.7777997 ]
-12.016638
[-1.          0.36670357  0.1345604  -0.9982266 ]
-12.059729
[ 1.         -0.9282659  -0.05110863 -0.90315855]
-11.865856
[-0.12418662 -1.          0.01665999  0.22883381]
-11.493805
[1.         1.         0.7714947  0.12403505]
-11.387646
[-0.55550855  1.         -0.30811083  0.41131705]
-11.332605
[ 1.         0.9222423 -1.        -1.       ]
-11.4234085
[ 0.75140846 -0.6917293   0.2088698  -0.9585381 ]
-11.250851
[0.08850375 0.3913898  0.62753785 0.1907018 ]
-10.836418
[-0.2330229  -0.8318726  -1.         -0.45657352]
-10.661953
[ 0.5484597  0.7431456 -0.7598097  1.       ]
-10.372037
[-1.        0.787841  1.       -0.244827]
-10.462521
[-0.714792    0.10529499  0.933725    1.        ]
-10.571707
[-0.14620002 -0.24523082 -1.         -1.        ]
-10.95784
[ 0.22045779  0.72556293  0.3069349  -1.        ]
-10.893766
[ 0.04311574 -0.38186046 -0.2931731   0.65862316]
-10.645016
[ 0.8955871 -0.8986991  0.1769557  1.       ]
-10.592021
[ 0.20221461 -0.21366015  1.          0.4531787 ]
-10.716112
[-1.          0.33195478 -1.          0.75901985]
-10.888517
[ 0.3491677   0.81164414  0.69295573 -0.5020801 ]
-11.283558
[-1.         -0.62206703  0.74336386  1.        ]
-11.411535
[ 0.23014393  0.3547284  -1.         -0.553669  ]
-11.816948
[ 1.         -0.45819825 -1.          0.3014273 ]
-12.009361
[ 0.3011851   0.61174715 -0.28780106 -0.5118278 ]
-12.215574
[-0.02873115 -1.         -0.32468385 -1.        ]
-12.254456
[-0.38296545  0.44817817  0.5297995  -1.        ]
-11.921995
[ 0.06779821  1.         -0.47939563 -1.        ]
-11.5012665
[ 1.         -0.78814167  0.40573156  0.8180045 ]
-11.000631
[ 1.          0.1573123  -0.36087477 -1.        ]
-10.872181
[ 0.94278187 -0.57439315  1.         -0.9235953 ]
-10.454767
[ 1.         -0.18059272  1.         -0.10359218]
-9.881734
[-0.2691822   1.          0.27339512  0.40731978]
-9.301061
[-0.95886606  1.          1.         -0.40256673]
-9.044532
[ 0.8659217 -0.6611926  0.8484943  1.       ]
-8.854603
[0.39439034 1.         0.17244783 0.9173168 ]
-8.909643
[-0.00927985  0.6061286   0.43278402  0.01861182]
-9.12023
[-0.07302807  1.          0.3282922   0.45887914]
-9.198226
[-0.13851461 -1.          1.          0.84355557]
-9.370831
[-0.9417639   0.6976395   1.         -0.78416574]
-9.649004
[ 0.50725573 -0.11127999 -0.8937976   0.32347155]
-9.767416
[ 1.         -0.31772798  1.          0.80123127]
-9.840677
[ 0.5277689  -0.5694333  -0.78519166  0.32303584]
-9.968962
[-0.45948413 -0.9147959   0.7265586   0.3802277 ]
-9.839982
[-0.2187191   0.28251058 -0.2253368   0.73411125]
-9.635009
[-0.06710143 -0.15352316 -1.          0.55484205]
-9.643029
[ 0.10604817  0.6536858  -0.12625207 -0.00377488]
-9.760259
[ 1.          0.94042546 -0.78034633 -1.        ]
-9.745195
Episode 87: length=50, total_reward=-2.15
[ 0.9757249   1.          1.         -0.22639568]
-22.847275
[ 0.11696529 -0.9318828  -0.82028127  1.        ]
-22.902975
[-0.36766955  1.         -0.3658232   0.05261454]
-22.698368
[ 0.9577018 -1.         1.         0.27477  ]
-22.642532
[-0.4428779  -0.16648068  1.          0.95195264]
-22.48182
[ 1.          0.19717078  1.         -0.13873234]
-22.187675
[-0.09151472  0.39607152 -0.1985435   1.        ]
-21.91042
[-0.5268511  -0.31188583 -0.6081644  -0.38326618]
-21.509575
[-0.0192967  -1.          0.24135384 -1.        ]
-21.404175
[ 1.          0.83432615  1.         -0.01951546]
-21.505817
[-0.2066883   0.48350203  1.         -0.7608881 ]
-21.554695
[0.269167   0.41556677 0.4434502  0.54358983]
-21.633015
[-0.9528771   0.27771345  1.         -0.32865182]
-21.498646
[ 0.576799   -1.          0.46887583  0.4174747 ]
-21.595951
[-1.         -0.7159247   0.46249595 -1.        ]
-21.419567
[-1.         -0.33475596 -0.49740815 -0.3157373 ]
-21.628109
[ 0.8353257 -1.        -0.722929   0.755307 ]
-21.866241
[-0.13830537  1.          0.7320073   1.        ]
-21.672073
[-0.15616962  0.07313436 -0.6882469  -1.        ]
-21.231426
[ 0.13238326 -1.         -1.         -1.        ]
-21.327328
[ 0.7947439  0.4097162 -0.4195248 -1.       ]
-21.59995
[-0.6120564  -1.         -0.11050229  0.84237885]
-21.944698
[ 0.56193763  0.16898142 -0.14141168  0.05878805]
-21.858429
[ 0.21948156 -1.          0.18037874  1.        ]
-21.732811
[0.28545108 0.43410146 0.13250867 0.9412242 ]
-21.310797
[-0.21441972 -0.0273857  -1.          1.        ]
-20.731655
[ 0.14922407 -0.0386788  -0.7223798   0.4806065 ]
-20.037457
[-0.29271507  0.9444869   0.5041013  -0.2515276 ]
-19.38395
[ 0.5486983  -0.28734666  0.7291587  -0.40734658]
-19.046711
[ 1.        -0.7130929  1.         0.229016 ]
-18.887737
[-0.7171424   1.          0.96090645  1.        ]
-18.672197
[ 0.03073546  1.         -0.2751525   0.234626  ]
-18.363346
[-0.55611145  1.         -0.25382     0.3569525 ]
-18.099436
[ 0.46909612  0.9901141   0.2587265  -0.54572695]
-17.98838
[ 1.          0.21330062 -0.9398769  -1.        ]
-17.995527
[-0.6448099  -1.         -0.9281527   0.29261503]
-18.39437
[-0.01168525  0.08153448  0.6631261   0.36677948]
-18.560455
[0.3601691 0.8715838 1.        1.       ]
-18.63157
[-0.79535633 -0.7514257   0.03064402  0.62856376]
-18.444733
[ 0.14470267 -0.30803937  0.57437694  0.7208332 ]
-18.08956
[ 0.5746601   1.         -0.04919738  0.28835002]
-17.73237
[ 0.30576468 -0.5612024  -0.16370788 -1.        ]
-17.505592
[-0.62958217 -0.49790943  0.7594894  -0.77158284]
-17.549166
[ 0.86981523  0.46419075  0.17379396 -0.9347005 ]
-17.72169
[ 1.        -1.        -0.5298819  0.0668439]
-18.014177
[-0.3314607  -0.07690611  0.36719298 -0.9526623 ]
-18.0282
[ 0.8020183  -0.37920433 -1.         -0.4474318 ]
-18.362654
[-0.7628257 -0.5460457  1.         0.1597265]
-18.74637
[-1.         0.7543197 -1.         0.5419771]
-18.91805
[-0.30384713  0.20123161 -0.82751536  1.        ]
-18.892267
Episode 88: length=50, total_reward=-4.37
[ 0.16014467  1.         -0.0182576   0.50518626]
-21.747803
[-1.         -0.3464439   0.58774614  0.20934966]
-21.609215
[-0.28830475 -0.4059264  -1.         -0.88427436]
-21.524796
[1.         0.6304736  0.29917216 0.004763  ]
-21.72501
[ 0.0356911  -1.          0.1419413  -0.94709677]
-21.802238
[ 1.          0.6631938   0.82417095 -1.        ]
-22.012478
[ 1.         -0.09664056 -0.32346016  0.6010928 ]
-22.338572
[ 0.782939    1.          0.65993863 -0.06686398]
-22.3247
[-0.08037658 -0.34248585  0.90410656  1.        ]
-22.265182
[ 0.41442466 -0.57080466 -0.8550583   0.05672389]
-21.83582
[-1.          0.2980153  -0.01928766 -0.5915239 ]
-21.52689
[ 0.68806076 -1.          1.         -0.24313596]
-21.532196
[-1.         0.6205135 -0.6209147  0.639217 ]
-21.510744
[ 0.9804751  -0.10938633  0.20302781  0.19066036]
-21.464005
[ 1.        -0.4101472  0.9532809  0.9031085]
-21.280003
[ 1.         -0.09255644 -0.06281208 -0.7693227 ]
-20.8144
[ 0.3369702  -1.         -1.         -0.05331782]
-20.750183
[-0.07878432 -1.          1.         -1.        ]
-20.623798
[-1.          0.62251455  1.         -1.        ]
-20.778748
[ 1.         -1.          1.          0.85904473]
-21.147007
[-0.63464916  1.         -0.47460812  0.01608531]
-20.970926
[ 1.         -0.51399314  0.53275055 -1.        ]
-20.90786
[ 0.26077607 -0.18578838 -1.         -0.7023213 ]
-20.964493
[-1.        -0.050646   1.        -0.9152636]
-21.168795
[-0.31352645 -0.82639384  0.20296338 -1.        ]
-21.494003
[ 1.          1.         -0.07808106  0.76670265]
-21.90886
[-1.         -0.1934885  -0.44173917 -1.        ]
-21.880554
[ 0.8696737 -1.        -1.        -1.       ]
-22.06152
[ 1.        -1.        -0.7608596 -1.       ]
-22.25967
[ 1.         -1.         -1.          0.14801621]
-22.458658
[ 0.27779603 -1.         -0.02435984 -0.57450217]
-22.400116
[-1.          0.12904549  1.          0.1159246 ]
-22.324234
[-0.96404904 -0.08002517 -0.42847627 -1.        ]
-22.15649
[-1.         -0.7162685   0.04364695  1.        ]
-22.334375
[ 1.         -0.4131655   0.84182054 -0.7418917 ]
-22.064747
[ 0.6946657   0.04976265 -0.19468194  1.        ]
-22.045126
[-0.05492     0.7386483   0.28265387  0.4769553 ]
-21.668615
[-1.         -0.74667734  0.1946038   1.        ]
-21.390263
[-0.84728974  0.73414266  1.         -0.15291446]
-20.91122
[-1.          0.17255804  0.896134    0.04489404]
-20.682663
[-1.         -0.13486376  1.          0.0153701 ]
-20.458984
[0.9813574  0.33361682 0.22968091 0.91784805]
-20.370136
[-1.          0.53989506 -0.43951264  0.5283107 ]
-20.084505
[ 1.         0.4136422 -1.         0.3121961]
-19.903925
[-0.59567356 -0.2730923  -0.87861526 -0.82253104]
-19.730171
[ 1.         -1.         -1.         -0.40732658]
-19.791359
[ 1.         -1.          0.67004925 -1.        ]
-19.79607
[ 0.8545049  -0.81643707  1.         -1.        ]
-20.109974
[ 1.          0.21164891 -0.3042072   0.62880445]
-20.505724
[-0.5928524 -1.        -0.6403605  1.       ]
-20.423016
Episode 89: length=50, total_reward=-4.85
[ 0.3569662  -1.         -0.42765367  0.78677416]
-23.107056
[ 1.         -0.07914189  0.65108824 -1.        ]
-22.726437
[0.21344364 0.3926604  0.6336532  0.53895307]
-22.648045
[ 1.          0.45645636 -1.         -1.        ]
-22.372408
[-1.         -0.29524973  1.         -0.19976863]
-22.400955
[-0.6455816   0.9862862  -0.8006463   0.37473994]
-22.438717
[-1.         -0.8894548   0.02810626 -0.11580238]
-22.500881
[ 0.41922432 -1.          0.15586096 -1.        ]
-22.596897
[-1.         -0.27920488  1.         -0.75869894]
-22.842869
[ 0.43229634  0.8076726   0.8448019  -0.6853188 ]
-23.304508
[-0.15304762  1.          0.28998855  0.78287274]
-23.758514
[ 0.21338317  1.          0.43032175 -0.44382817]
-23.958698
[ 1.          0.36967573 -1.          0.06165186]
-24.415901
[-0.65361774  0.3614725  -0.8882593  -0.10300042]
-24.594767
[-4.4910181e-01 -9.3578175e-04  1.8783106e-02 -1.0000000e+00]
-24.919575
[ 1.          0.15446006  0.0417562  -0.5834769 ]
-25.485672
[-0.45617688 -1.          1.          0.3523623 ]
-25.791492
[ 0.3645484  -0.03532715  1.          0.7214332 ]
-25.923672
[-0.27469444 -1.         -1.         -1.        ]
-25.752926
[-1.         -1.         -1.         -0.24495831]
-25.798227
[ 0.6224673   1.         -0.8578092  -0.67339087]
-25.93319
[-1.         -0.71939754 -0.7029796   1.        ]
-26.11928
[ 0.5604222   0.42533988  0.38810164 -0.39668402]
-26.122198
[-0.43983054 -0.85777915 -0.55135137 -0.3556095 ]
-26.256248
[ 0.42585063  0.35474405 -0.30802172  0.04884599]
-26.462965
[ 0.0829846  -1.         -1.         -0.12560566]
-26.450333
[-1.         -0.5217073   1.          0.27491447]
-26.335812
[ 1.          0.29843232 -1.         -1.        ]
-26.258802
[ 1.          0.00893584 -0.30116197 -0.91359204]
-26.409073
[ 0.2714878  -0.10869581  0.8445114   0.51729757]
-26.60575
[ 0.86348605 -0.2751407   0.58924377  0.04048949]
-26.537666
[ 0.02294298  1.          1.         -1.        ]
-26.256767
[-1.          1.         -0.95184296 -1.        ]
-26.249521
[-0.03126027 -1.         -1.         -0.05577316]
-26.62857
[ 0.2675874  -0.64623314 -1.          1.        ]
-26.786497
[-0.6118235  1.        -0.8228315 -1.       ]
-26.390263
[ 0.8901283  -1.         -0.26296493  0.8807647 ]
-26.535164
[ 0.22539338  1.          1.         -0.9593951 ]
-26.222786
[ 0.3510415   0.89332634 -0.04763196 -1.        ]
-26.34092
[ 0.06829841  0.8316011  -0.90695447  0.68292266]
-26.704302
[-0.3457421  -0.44089967  0.7372094   0.7126037 ]
-26.768917
[ 0.00439827  1.          1.         -0.37014744]
-26.531548
[ 1.         -0.17878234  0.0183454   1.        ]
-26.583738
[ 0.9631053   1.          0.39671552 -1.        ]
-26.079367
[1.         1.         0.44278696 0.43644857]
-25.926949
[-1.         -0.44599462 -1.          1.        ]
-25.51628
[-1.          1.          0.11454326 -0.06090523]
-25.027973
[ 1.          0.33417493 -0.21058643  0.20115688]
-24.838827
[ 0.29842186  1.         -1.          1.        ]
-24.610785
[ 1.          0.26430672 -0.9762943  -0.99725735]
-24.114105
Episode 90: length=50, total_reward=-3.89
[-0.9215932   1.         -0.12145729 -0.6489762 ]
-6.5627766
[-0.07819058  1.         -0.56390285 -0.21749517]
-7.8319216
[-1.  1.  1.  1.]
-9.603694
[ 0.89550376 -0.46940318  0.3112932  -0.23207891]
-12.608613
[-1.         0.7357298  0.8306699  1.       ]
-13.935297
[ 0.88849765 -0.05312023 -0.10116246  0.15706237]
-15.580952
[-0.16285284 -0.9119227   0.15405443  0.957123  ]
-16.493214
[ 0.6589861   0.40739703 -0.23369524 -1.        ]
-17.107603
[ 0.86275274 -1.          0.02586405  0.16012718]
-17.69534
[ 0.48749816 -1.          0.64026195  1.        ]
-17.993105
[-1.          0.6644974   1.          0.79609215]
-17.979553
[ 0.25205028  0.73235667 -0.17988709  0.38122395]
-18.430307
[-0.92286843 -0.16783845 -1.          0.26807445]
-19.067661
[ 0.73388433  0.55039    -0.7162852  -1.        ]
-19.046003
[ 1.          0.70973635 -1.          1.        ]
-19.073652
[ 1.          0.08182652 -1.          0.22572163]
-20.199055
[-0.43826097 -1.         -0.11166868  0.96832186]
-21.690521
[ 0.7811121   1.         -0.44660825 -0.83789396]
-22.77491
[ 1.          0.24922149 -0.70130986  0.14293909]
-24.833538
[-0.4061882  -1.         -0.51087034 -1.        ]
-28.374643
[-1.         0.0845689  1.         0.5086408]
-31.022938
[-0.26339263  1.         -0.44543725  0.84234047]
-30.15272
[ 0.2521129  0.9429369 -1.        -1.       ]
-29.097864
[ 0.38241    -1.          0.45978287  0.13114992]
-28.710236
[-1.         -0.35043216 -0.99747086  0.3091278 ]
-27.814007
[-0.6645294  1.        -1.         0.5030693]
-27.515535
[-0.8063806  -1.         -0.03963258  1.        ]
-27.68134
[-1.         1.        -1.        -0.2744548]
-28.082876
[-0.77878153 -0.9784847  -0.8947178  -0.84722805]
-29.825354
[0.34075963 1.         0.6085746  0.11352412]
-30.524784
[-0.4239643  -0.4361121  -0.61417794 -0.5238795 ]
-28.960236
[ 0.24153559 -0.05044848 -1.         -0.91385615]
-27.227516
[-1.          0.3793813  -0.20428123  0.7881745 ]
-25.885075
[-0.3532028   1.          0.4763274   0.34194857]
-24.661226
[-1.         -1.         -0.05052918 -0.19640733]
-24.12963
[-1.         0.4352384  0.7302649 -1.       ]
-23.076288
[ 1.         -0.03385807  1.         -0.11782526]
-21.841984
[-0.565122    1.          1.          0.63968813]
-21.215355
[ 0.12339044 -1.          0.6543858  -1.        ]
-20.99475
[-0.9909119  -0.70772004  0.76083404  1.        ]
-20.287485
[1.        1.        1.        0.6935149]
-19.828907
[0.23434673 0.10495047 1.         0.6023123 ]
-19.911896
[ 1.         -0.6029732  -0.64841413 -1.        ]
-20.096445
[ 0.6403836   0.78266144 -0.48405683 -1.        ]
-19.865852
[-0.02989303  1.         -0.22415656  0.01885454]
-19.601082
[ 0.5379495   0.72553796 -1.          1.        ]
-19.625229
[-1.          0.3768429   1.         -0.31215918]
-20.10766
[-0.177697    1.          0.32726827 -0.16528565]
-20.364422
[-1.         -0.10388558 -0.15143815 -0.50989366]
-20.738888
[-0.462065   -1.         -1.         -0.39418125]
-20.732336
Episode 91: length=50, total_reward=-4.00
[-1.         1.        -0.7679129  1.       ]
-1.7598993
[-0.5155602   0.23991184 -0.45392218  0.5477524 ]
-2.1518817
[ 0.22244419 -1.         -1.         -1.        ]
-2.5710855
[ 0.6211975 -0.4491082 -0.736195   1.       ]
-2.5604937
[0.54501456 1.         0.49692982 0.19551492]
-2.8068423
[-0.13164438  1.         -0.44766435  1.        ]
-3.0721264
[-0.21664947 -1.          0.37781358 -0.46151507]
-3.5345304
[ 0.4494233  -0.59056884 -0.6526848  -1.        ]
-3.7400806
[ 1.         -0.91335547 -0.39520583 -1.        ]
-3.5303094
[ 1.         -1.          1.         -0.04027945]
-3.038363
[ 0.6502666  -0.11434501 -0.5011789   0.57024246]
-2.6521394
[ 0.3211403  1.         0.9797509 -0.7546398]
-2.4281511
[ 1.         -1.         -0.04660368  1.        ]
-2.0465965
[-0.44674462  0.9648819  -1.         -0.53441435]
-1.910414
[ 0.79824096  0.11705986 -1.          0.20325106]
-1.5596051
[-0.59363395 -0.06634238 -0.02445725  0.00833448]
-1.1472477
[0.7006494  1.         0.15284882 0.291273  ]
-0.84081805
[ 0.34903038 -1.         -0.09874003  0.69394594]
-0.60573274
[ 0.49821     1.         -0.14578526  0.54199135]
-0.5340368
[ 0.324465   -0.61961806 -1.         -0.12861584]
-0.5037279
[ 0.40808243 -0.46812937 -0.73997474  0.05767419]
-0.2733645
[-1.         -1.         -0.10368991 -1.        ]
-0.07692925
[-0.41339204  1.          0.27729294 -0.8519327 ]
-0.23922539
[-0.67436624 -1.          1.          1.        ]
-0.7626896
[ 0.8648768   1.          0.2280651  -0.12484205]
-0.65053874
[ 0.5764139  -0.64557815  0.35020325  0.3742321 ]
-0.580377
[0.37438816 0.2628414  1.         0.12876269]
-0.56297547
[-0.04586602 -0.08674099 -1.         -1.        ]
-0.6662345
[-1.          0.95230585 -0.7172386   0.21963605]
-1.0858651
[ 0.07214276 -1.          0.5277534  -0.2620502 ]
-1.090376
[-1.         -0.38661134  0.17437802  1.        ]
-1.1901207
[ 0.13179801 -0.63103676 -0.947528   -0.02796058]
-0.8042978
[ 0.4680612   0.8880151   0.52584296 -0.87430716]
-0.6572938
[-0.22653246 -0.55600053  1.         -0.97285867]
-0.9466239
[ 0.49993956 -0.02193258  0.866971    0.35706174]
-1.3197534
[ 0.5272358 -0.291122   0.9956409 -1.       ]
-1.5598644
[-1.          0.34124422 -1.         -0.8924048 ]
-1.9689571
[-1.         -0.70601153 -0.729815    1.        ]
-2.3620896
[-1.         -0.29266813 -1.         -0.46537003]
-2.2286472
[-0.20160714 -1.          1.         -1.        ]
-2.1240864
[ 0.3607289   1.          1.         -0.44054028]
-2.1149864
[ 0.43022552  1.          0.8358184  -1.        ]
-2.220464
[0.8626021  0.19832495 0.30953497 0.04828843]
-2.456025
[-1.          1.          0.02398611 -0.6178657 ]
-2.5443707
[-0.97212267 -0.34399363  0.28546858  0.66385233]
-2.6227922
[-0.67047286 -0.09692387 -0.25918588 -1.        ]
-2.4570606
[ 1.          0.592423   -0.8285733   0.16681924]
-2.5048733
[ 0.89382654 -1.         -0.9501861  -1.        ]
-2.5861704
[-0.08480718  0.3738206  -0.30059758  0.75335807]
-2.90619
[-0.20103252 -0.7501171   1.         -0.06185202]
-2.8420708
Episode 92: length=50, total_reward=-0.78
[ 0.84001565 -0.8204024   0.63793516  0.69007754]
-0.23003253
[ 0.23139206 -1.         -0.6137465   0.4011821 ]
-7.246552
[ 1.          0.24252725 -1.         -0.10355002]
-6.0104675
[-0.7979291  -0.00512207 -0.9561489  -0.44764435]
-7.6193247
[-0.29780573  0.05693747 -0.9830233  -0.99714965]
-7.4521313
[ 1.        -1.         1.        -0.0246782]
-7.3257117
[-0.7343055   0.13016978  0.2978998  -1.        ]
-7.7381377
[ 0.50461227  1.          0.06379946 -1.        ]
-7.85822
[-1.         -0.36569846 -1.         -0.7425472 ]
-8.791414
[ 0.11882192 -0.23457108 -0.56589913 -0.91240054]
-9.241161
[-0.57734007  0.44944772  0.54074305 -1.        ]
-9.639765
[ 0.5254147  -0.17534319  1.          0.5783476 ]
-9.941396
[ 0.5209449   0.8726409  -0.6335474  -0.01267713]
-10.056338
[-0.42382038  1.         -1.         -1.        ]
-10.8138075
[-0.92824185  0.16023849  0.14460987 -0.3310402 ]
-12.11439
[ 1.          0.02945753 -0.03734869 -0.37021324]
-13.036078
[-0.14738375  1.         -0.6937789   0.8477917 ]
-14.039772
[-1.         -0.23497646  0.616644   -1.        ]
-15.251001
[ 0.52764064 -0.7577865   0.63874084  0.29152277]
-16.528143
[ 0.36420947  0.4131509  -0.38175386  1.        ]
-17.05282
[-0.8594693  -0.4062099  -0.41685653 -0.5488121 ]
-17.45424
[-0.77838004  0.5952266  -0.04314455 -0.3682798 ]
-17.930277
[0.98900914 1.         1.         0.26220548]
-18.792442
[ 0.0525713 -1.        -0.7848011 -1.       ]
-19.81153
[ 0.01269593  0.37385643 -0.9650177   1.        ]
-20.157143
[ 1.         -0.8299478   1.          0.54622066]
-20.25568
[-0.06700217  1.         -0.46550837  1.        ]
-19.531635
[ 1.         -1.         -0.31962925  0.7159021 ]
-19.261883
[-0.6232247   0.09126182 -1.          1.        ]
-18.194107
[ 0.7434803  -0.44319496  0.03265182  0.6186793 ]
-17.43224
[-0.57132095  0.57471806  0.44920182 -0.85724527]
-16.54962
[ 1.         -1.          0.2597075  -0.43150195]
-16.388342
[ 1.         -0.13877651  0.03740312 -1.        ]
-15.958222
[ 0.3386706  -0.57619226  0.15942731 -0.14945525]
-15.762309
[1.         1.         0.10484149 0.23803177]
-15.36806
[-0.9116324   0.5073349   0.46963125  0.47229332]
-15.413965
[-0.39023158 -1.          0.9366698  -1.        ]
-15.373782
[ 0.45090988  0.66036093  0.24739656 -1.        ]
-15.381922
[ 1.         -0.8839404  -0.042252   -0.12215523]
-15.833224
[-0.17647767  0.96635604 -0.51213944 -0.06164739]
-15.999049
[-1.          0.19090995  0.18355058 -0.78860825]
-16.08611
[-0.03662726 -0.54004437  0.13728654  1.        ]
-16.281895
[-0.2519139  1.         1.         1.       ]
-16.032032
[ 0.04202511  1.          1.         -0.6131512 ]
-15.655402
[-0.64345485  0.46021116 -0.4513517   1.        ]
-15.842165
[ 0.43967518 -0.00863628 -1.         -1.        ]
-15.716814
[ 0.10302639 -1.          0.74535644 -0.10375486]
-15.907434
[-1.         -0.7046942   0.81352633  0.806791  ]
-15.850686
[-0.2215922  -1.         -0.92523223 -0.8821032 ]
-15.49395
[ 1.         -1.          1.          0.93283117]
-15.311388
Episode 93: length=50, total_reward=-2.93
[ 0.03970165  0.08080458 -0.99434656  0.08952737]
-7.0569706
[ 0.44139588 -0.21858229  1.          0.7328798 ]
-6.39947
[-0.27303094 -0.37272826 -0.6419681  -0.8955279 ]
-6.430976
[ 0.0254054  -0.49046335  1.          0.4133836 ]
-2.7303698
[ 1.         -1.          0.77153736 -0.5062381 ]
-1.8652928
[ 0.21169928 -0.8287128  -0.00437432 -0.31721517]
-3.9815893
[ 1.          1.         -1.         -0.61481047]
-4.7765055
[ 0.53683627 -0.20115525 -0.9282173  -0.63084847]
-6.7784996
[-0.602158    0.21088132  1.         -0.78049445]
-8.421031
[0.05083114 0.0759398  1.         0.35522175]
-9.474188
[-1.         -0.79109645 -1.         -1.        ]
-10.125599
[ 0.14555675 -1.         -0.28472865 -1.        ]
-10.399451
[-0.03026728  0.92501163 -0.44743785  0.69887984]
-10.386047
[-0.77827924 -1.         -1.          0.0651089 ]
-10.329775
[-0.29891276  0.5562554  -0.04525894 -1.        ]
-9.517208
[-1.         -0.4516217  -1.          0.32688853]
-9.280481
[ 0.9837801 -1.         0.5965831  1.       ]
-8.497978
[-1.         -0.54427785  0.7861073  -1.        ]
-7.5542326
[-1.          1.          0.72874963 -1.        ]
-6.299984
[-0.03498505  0.4589667   0.545993    1.        ]
-5.113938
[ 0.0883809   1.         -0.04851199 -0.33988973]
-3.6414475
[-0.0673964  -0.11400241  1.         -1.        ]
-2.6122289
[ 1.          0.0333961  -0.15737176  1.        ]
-1.6443696
[-1.          0.6733442  -0.52591807  0.57625437]
-1.2188787
[ 0.7356665 -0.8292841  0.4840649  1.       ]
-0.2427593
[ 0.2448331 -1.        -0.2955587  1.       ]
-1.383968
[0.8016435  0.19085656 1.         0.43115306]
-2.5269067
[-1.         0.5914711 -1.         0.5799171]
-2.898401
[-0.5119189   0.8310822  -0.5835769   0.01817936]
-4.193933
[ 0.2215362 -1.         0.3580594 -1.       ]
-5.970507
[ 1.          0.4806763  -0.01075784 -1.        ]
-6.770439
[ 1.         -0.70502627  0.7362408   0.0595311 ]
-6.6227536
[ 1.         -1.         -0.03519206 -1.        ]
-5.6342516
[-0.09244831 -0.22277519  0.11759633 -0.1354676 ]
-3.219217
[ 1.         1.         1.        -0.8409738]
-1.1294895
[ 0.68262684  0.04112666 -1.          1.        ]
-1.5736021
[-0.28393573 -0.8630115   0.28147858 -0.02203123]
-4.63818
[-0.30809942  0.59669864  0.55753654 -0.33903897]
-6.6104527
[ 1.         -0.64985096  0.21731247 -1.        ]
-8.084641
[ 0.54844385  0.71265364  0.64406323 -0.5941961 ]
-9.477272
[ 0.53065395 -1.         -1.         -0.4007999 ]
-10.857539
[-0.31749135  0.2065552  -0.5079818  -1.        ]
-11.602468
[ 0.8296566  -0.40952286 -0.27229476 -0.7540746 ]
-12.411517
[ 0.3515511   0.6037182   0.27163744 -0.30684412]
-13.05519
[ 0.48925814  1.         -1.          0.46160161]
-13.684405
[-0.01362891  1.          0.38511145 -1.        ]
-14.188847
[ 0.07963268 -0.7988306  -0.21971458 -0.69473743]
-15.036711
[-0.28459972  0.537004   -0.35321343 -0.9986597 ]
-15.47387
[1.         0.5151821  0.72119075 0.988145  ]
-16.070961
[-0.5668447  -0.23070128 -0.5203847   1.        ]
-16.266235
Episode 94: length=50, total_reward=-2.39
[-1.          0.7030553   1.          0.14958204]
-8.231088
[0.50179124 0.29904726 0.40423727 1.        ]
-8.196398
[-1.         -0.7143935  -0.81859297 -1.        ]
-8.015275
[ 1.         -1.         -0.45741475 -0.08418495]
-8.034154
[-1.         -0.56164235 -0.504587   -0.03015986]
-8.019186
[ 0.1828644  -0.38599896 -0.6507248  -0.72300714]
-7.879092
[-0.40543237  0.930163    0.05287299 -0.91535854]
-8.029471
[ 0.39868242  0.5556745  -0.9111208  -0.88064027]
-8.336044
[-1.          0.49706712  0.9047498  -0.50004876]
-8.695488
[ 0.49414086 -0.6341731   0.28772116 -0.51224774]
-8.878418
[-0.9491578 -1.        -0.850745   1.       ]
-9.034143
[ 1.         -0.6725844   1.          0.45261484]
-8.710867
[ 0.31719232 -0.5615722  -0.7196092   1.        ]
-8.484641
[-0.33856648  0.4943542   0.9755871  -0.6102813 ]
-8.063303
[ 0.24153209 -1.         -0.04978706 -0.50243104]
-7.9454956
[ 0.6115068  0.7372826 -0.8125554  0.7194693]
-7.9356966
[-0.35663614  0.75567436  0.90564907  0.3978771 ]
-7.8440146
[-0.58074474  0.57897747 -1.         -0.36925596]
-7.803961
[ 0.49658042 -0.70203286  0.5056668  -0.26806614]
-7.867718
[-1.         -1.          0.66093796  0.21796629]
-7.9669147
[-0.61055064 -0.04557537  1.          1.        ]
-7.9174953
[-0.11528766 -0.25296837  0.0347955   0.8053781 ]
-7.513867
[-0.35902423 -0.37196743 -0.08085093  0.78418547]
-6.882182
[ 0.9829564  -0.47022277 -0.02564056 -0.16549951]
-6.2729235
[ 1.          0.94902563  1.         -0.5590063 ]
-5.87897
[ 0.27742106 -1.         -0.07859823  1.        ]
-5.857136
[-0.27004793  0.0143857   1.         -0.8873267 ]
-5.4880314
[-0.28751385 -0.82925737 -0.02878381 -1.        ]
-5.460465
[ 0.1978763   1.         -1.          0.09516792]
-5.62063
[ 0.4068017   1.          0.27810222 -0.5939437 ]
-5.7335353
[-0.6883222   0.81334156 -1.          0.5877122 ]
-6.0689425
[ 0.11352975 -1.         -0.07366857  0.18286026]
-6.108925
[ 1.         1.        -1.         0.8334823]
-6.109087
[ 0.35511026 -1.         -0.06922957 -0.9721171 ]
-6.0006356
[ 0.4164282   0.88933086 -0.46249834  1.        ]
-6.2814302
[ 1.         -1.         -0.13209572 -0.8050368 ]
-6.26157
[ 1.         -0.83359534  0.08705997  1.        ]
-6.5678477
[ 1.         -0.29756892 -0.08654575 -1.        ]
-6.551182
[ 0.00269624 -0.32038203  1.          0.5947264 ]
-6.7847223
[ 0.11470176 -0.84899056 -0.03420425 -1.        ]
-6.7521152
[ 0.09134169 -1.         -0.04082359  0.52524734]
-7.0959435
[ 0.69182825  1.          1.         -1.        ]
-7.062542
[ 1.         -0.01705549  0.14481802 -0.12603943]
-7.3488064
[-0.5436919   1.         -0.02507854  0.23493934]
-7.5670776
[-1.         0.5143278 -0.3127107 -1.       ]
-7.60738
[ 0.05980939  0.7209734  -0.5725197  -0.41181087]
-7.9591904
[-0.24699578  0.28501838  0.84301704 -1.        ]
-8.214856
[ 0.7520955 -1.        -1.        -1.       ]
-8.767143
[ 0.5798764  -1.          0.5203832  -0.36761004]
-9.299951
[-0.29204834  1.          0.3120708  -0.51933944]
-9.65672
Episode 95: length=50, total_reward=-2.38
[ 1.          0.0476913  -0.91639763  1.        ]
-25.679407
[-0.9358037  -1.          0.47981352 -0.03556203]
-25.231075
[-0.2642712  -0.06898718 -0.00570267 -1.        ]
-24.926493
[-0.23317093  1.          0.9341546  -1.        ]
-24.961773
[ 0.58180505  1.         -0.14782858  0.811018  ]
-25.332344
[ 0.6309183 -0.5733892  0.6684416  0.5999454]
-25.341484
[-0.8082677  -0.06615295  1.         -1.        ]
-25.10339
[-0.2660215   0.31783944  0.3152765   0.5674082 ]
-25.328098
[-0.3479643   0.08303436 -0.5228701  -0.5427553 ]
-25.433678
[-0.96514434 -0.03161957 -0.38914984  1.        ]
-25.700974
[ 0.14714825 -1.         -0.64789236  0.5493446 ]
-25.787968
[ 1.        -0.7563612  0.1265916 -1.       ]
-25.524471
[-0.2536625   1.          1.          0.65548396]
-25.381563
[-0.93388534 -0.46137428  1.         -0.02253263]
-25.215843
[-0.35621858  0.02140762 -0.30163062  0.11508538]
-25.100525
[-0.8013339   1.         -1.         -0.32669222]
-25.222109
[ 0.9579409  -0.77461666 -0.7684314   1.        ]
-25.48722
[-0.55744904 -1.          1.         -0.3549341 ]
-25.253262
[-1.          1.          0.61944234 -0.07706167]
-25.135845
[ 0.80057913 -0.5490338   0.5937791   0.90221196]
-25.3152
[-0.2813974  -0.4745394   0.20185784 -0.00448519]
-25.07032
[-1.         1.        -0.5229381 -1.       ]
-25.020588
[ 0.8458506  1.        -0.1570785  0.3738132]
-25.56746
[ 1.          0.93057144 -0.3614489  -0.6335346 ]
-25.938528
[0.0631463  1.         0.0042486  0.00224882]
-26.252394
[-0.5551211  -0.7085223  -0.25729197  1.        ]
-26.434464
[ 1.  1. -1. -1.]
-26.421833
[-1.         -0.86447644 -1.          0.04751503]
-26.581615
[ 0.5317151   1.          1.         -0.06584717]
-26.780582
[ 0.64145166  1.          0.24272369 -0.05493541]
-26.920433
[-0.8029403   1.         -0.19500822  0.19505167]
-27.005634
[-0.70221025 -1.         -0.9347203  -0.68280774]
-27.163057
[-0.6458869   0.11376124 -0.11823896  0.4709425 ]
-27.577267
[-0.7773592  -0.41540146  0.293019    0.11777895]
-27.73153
[ 0.9142236 -1.        -1.         0.6680661]
-27.819384
[-1.         0.0277687  0.6791372  1.       ]
-27.682543
[ 0.06323385  1.         -0.5520085  -0.0068263 ]
-27.455637
[-1.          0.297083   -1.         -0.25743982]
-27.458372
[ 0.0925556  1.        -1.        -1.       ]
-27.623363
[-0.89249825 -0.75818324 -0.11943655 -1.        ]
-28.103685
[ 0.8457523  -0.02094679  0.7648848  -0.37926242]
-28.893047
[-1.         -0.3517956  -0.50335485  1.        ]
-29.457129
[0.27721456 1.         0.12586954 0.27337074]
-29.708485
[ 1.         -0.6683917   0.25950217  0.98412794]
-29.871231
[ 0.6583833   0.8604434   1.         -0.05457993]
-29.727089
[-0.794904  -0.5211765 -0.8266581  1.       ]
-29.743393
[-0.33625376  0.29842505  1.         -0.7920385 ]
-29.524042
[-0.43070272  0.14572492 -0.99826485 -1.        ]
-29.771519
[-1.         -1.         -0.45047665 -0.02899994]
-30.2743
[ 1.        -0.5039998 -1.         1.       ]
-30.74631
Episode 96: length=50, total_reward=-4.31
[ 1.         -1.          1.         -0.21483757]
-7.853918
[ 1.          0.8766453  -1.         -0.53409076]
-7.588005
[0.125542   0.6046945  0.01719708 0.42959917]
-7.2088337
[ 0.1879916  -0.38720232 -1.         -0.9374986 ]
-6.973858
[ 1.         -1.         -1.          0.29904866]
-6.482445
[ 0.28542078  0.01715282 -1.          0.4208377 ]
-6.027652
[-1.       -1.        1.        0.712762]
-5.727826
[-1.        -0.5437467 -1.         0.2938894]
-5.7113323
[ 0.62371564 -0.07218225 -0.11300819 -1.        ]
-5.601321
[ 0.36988252  0.36011413 -0.04501078  1.        ]
-5.227787
[-0.47144207  0.64070034 -0.20894219 -1.        ]
-5.267231
[ 0.6315154  -0.29481328 -0.11302122  1.        ]
-5.0440044
[ 1.          1.         -1.          0.51940334]
-5.062333
[ 0.54695356 -0.9211136   0.8722869  -0.18889073]
-5.0651894
[ 1.         -0.337835    0.9178929   0.66285735]
-5.0021286
[ 0.07295356 -1.         -0.23610735  0.43995172]
-5.0047226
[-0.15607181  1.         -0.7221814   0.42441005]
-4.9980755
[ 0.7549195  -0.4398262  -1.         -0.63205916]
-5.028083
[-0.9438456  -1.          0.14021452 -1.        ]
-4.646694
[ 1.        -0.7074427 -1.        -1.       ]
-4.1685414
[ 0.01491139  0.8820803   0.78269887 -0.16692221]
-3.405479
[ 1.         1.        -0.8190778 -0.6927651]
-2.7436867
[ 1.         -0.45133916 -1.          1.        ]
-2.0707605
[ 0.7794289  1.        -1.         0.2615452]
-1.757541
[ 0.3251756  -0.34459782  1.         -1.        ]
-1.4334826
[-1.          0.29553866 -0.2597846  -0.48576906]
-0.8093653
[ 1.         1.        -0.0878035 -0.9514491]
-0.22689493
[ 0.47955045 -1.          1.          0.25268286]
-0.48816937
[-1.          0.67563504 -0.65497077  0.06335174]
-0.9853431
[-1.         0.6255066 -0.5577145  1.       ]
-1.1957043
[ 0.40704829 -1.          0.5141267  -0.92032194]
-1.053469
[ 1.          0.99406546 -0.6667842  -0.7120375 ]
-1.4166039
[-0.00174299  1.          0.77925754 -1.        ]
-1.9535888
[ 1.          0.9338785  -0.7532045   0.05530636]
-2.6750424
[-0.25325513 -0.9852255   0.20070118 -0.89029366]
-3.2834146
[-0.27728543 -0.04927776  0.38858172 -1.        ]
-3.9492126
[-0.3063532   0.5000021  -1.          0.65248144]
-4.803756
[-1.         -1.          0.85312414  0.4658388 ]
-5.233034
[-0.09593409  0.8784947   0.12000287  1.        ]
-5.2758145
[-1.          0.40111148 -1.         -0.6807138 ]
-5.1212096
[0.07652305 0.2918464  1.         1.        ]
-5.1774
[-0.52919    -0.05487137 -0.19871917 -0.34716845]
-4.975484
[ 1.         -1.          0.5940123  -0.14092809]
-4.9174576
[-0.34252888  1.          1.          1.        ]
-5.006445
[-0.3972367  1.         0.9954392 -1.       ]
-4.812411
[ 1.         -0.01672831  0.2550583  -0.89502126]
-4.9650745
[0.15971297 0.1872997  1.         0.57263863]
-5.3965454
[1.         0.22359262 1.         1.        ]
-5.5193114
[ 0.7583036 -1.        -0.9527058 -1.       ]
-5.4556346
[ 0.28752443  0.65243304 -0.39973992  0.0762949 ]
-5.9046626
Episode 97: length=50, total_reward=-1.77
[-0.9480306   0.73498964  1.         -0.85152686]
-3.9238667
[-1.          0.14310637  0.40928665 -0.31863233]
-3.8984094
[-0.11075391 -0.96989125 -0.08862713 -0.4795119 ]
-4.107774
[-0.43557167 -0.20459947  0.6130469  -1.        ]
-4.136288
[ 1.        -0.6407466 -1.        -1.       ]
-4.0411024
[-1.         -0.17591724  0.69273245 -0.13463365]
-3.6995826
[ 0.56876624 -1.         -0.23902392  1.        ]
-3.557847
[ 1.          0.7782743   0.00886761 -0.5929349 ]
-3.7056186
[-0.23768821 -1.          1.          0.29420534]
-3.656476
[-0.32531118 -0.39855358  1.         -0.33270416]
-3.74635
[0.1213253  0.82584023 1.         1.        ]
-3.7711463
[ 0.4145378   0.04738271 -0.04024731  0.2803591 ]
-4.175103
[-1.         -0.5532388  -0.8841153   0.29822052]
-4.488308
[-0.62207043 -0.72582334  0.7162041  -0.5567846 ]
-4.8379154
[0.43067086 0.04028082 0.09362465 0.8894552 ]
-4.9338174
[ 0.94727725 -0.6691465  -1.          0.1729525 ]
-5.223467
[ 1.          0.73592913 -0.84244156  1.        ]
-5.3686876
[-1.        -1.         1.        -0.2459716]
-5.5910974
[ 1.         -0.48429558  1.         -1.        ]
-5.8033867
[0.5175953  1.         0.5393046  0.41818148]
-5.5629654
[-0.48505688  1.          0.5371092   1.        ]
-5.4208193
[ 0.07374232  0.51939523  0.87394446 -1.        ]
-5.701438
[ 0.46396634  0.37124702  0.99494994 -0.9757532 ]
-5.6687927
[ 1.         -1.         -0.94526273  1.        ]
-5.4724894
[ 0.9113909 -1.        -1.        -0.2514482]
-5.4555902
[-0.5724223 -0.2981578  0.8917608 -0.2195493]
-5.2143536
[-1.         -1.          1.          0.19333376]
-4.990265
[-0.02785801  0.63391757  1.          1.        ]
-4.8940105
[-1.          0.920027    0.85458523 -0.9048264 ]
-5.0191426
[ 0.48113942  0.21746275  0.3969026  -1.        ]
-4.8917556
[-1.         -0.03064242  0.8690795   1.        ]
-4.568941
[-0.72790104 -0.5560281   0.8819216  -1.        ]
-4.678476
[ 0.71888185  1.         -1.          0.88806444]
-4.5185204
[-0.4780735  -1.          1.         -0.93455267]
-4.6478105
[1.         0.74600166 0.24105307 1.        ]
-4.3649697
[ 0.24252267 -0.22551581  1.          0.80562663]
-4.3531017
[ 0.87806857 -0.34849703  0.19973513 -0.50555897]
-4.5709925
[-1.          0.11098797  1.         -0.45758045]
-4.4546633
[ 0.6297068 -0.5380952  0.5642006  0.7614032]
-4.2782235
[1.         0.9818614  0.11079431 0.9577424 ]
-4.4048996
[-1.         -0.34486622  0.7915815   0.30435875]
-4.690478
[-0.93520105 -0.41402417  1.          1.        ]
-5.010063
[-1.          0.7995091  -1.         -0.03958108]
-5.5712137
[ 1.          0.8199637  -0.94762564  0.07368297]
-5.853307
[-0.5270108 -1.         1.        -1.       ]
-6.1263328
[ 1.        -0.9818232 -1.         1.       ]
-6.024991
[-0.2847086   0.7385433  -1.         -0.47701436]
-6.038156
[ 0.8416467   1.          0.45197228 -1.        ]
-6.038199
[-0.64489126 -0.30105552  0.5691732  -0.42327285]
-5.865637
[ 1.          0.58784705 -0.5261581  -0.7963691 ]
-5.6967278
Episode 98: length=50, total_reward=-3.98
[-1.         -0.35429448 -0.07872357  0.43291166]
-23.156647
[-1.        -0.7572214 -0.7698391 -0.3058536]
-23.200459
[ 0.13150372  1.          1.         -0.35843095]
-22.991154
[-0.15790325  0.6243157  -0.6844566  -1.        ]
-22.7063
[-0.2735378   1.          0.04794899 -0.23182112]
-22.27352
[0.73036444 1.         0.39169747 0.7057844 ]
-21.883652
[-0.37701878 -0.31016067 -1.         -0.3844043 ]
-21.975023
[-0.773786   -0.16812639  1.         -0.00372235]
-21.969467
[-1.         -0.82649285  0.2510553  -0.63088363]
-21.849382
[-0.65158856 -1.         -0.5843192   0.61372364]
-21.450117
[-0.6436953   1.          0.67172873  0.56918335]
-21.214256
[-0.7183237  1.        -0.8297317  1.       ]
-21.245045
[-0.31022075  1.         -0.07901148 -0.73882574]
-21.476171
[-0.37065917 -0.04546875 -1.          0.39744976]
-21.392012
[ 0.987546   -0.51905805  0.9217831  -0.6321174 ]
-21.348518
[-0.00335535 -1.          1.          0.84727824]
-21.168476
[ 1.         -0.55385387  1.         -1.        ]
-21.350021
[-1.         0.6678691 -0.992295   1.       ]
-21.268387
[-1.          0.26468557  0.29105592 -1.        ]
-21.407215
[-0.9362974  -1.         -0.04060319  1.        ]
-21.12944
[ 2.8192997e-04  6.2157094e-01  1.0000000e+00 -8.2864255e-02]
-21.052227
[ 1.         -1.         -1.         -0.62692463]
-21.047138
[-1.        -0.7526354 -0.827845  -1.       ]
-20.76025
[ 1.          1.         -0.9840197  -0.09804472]
-20.21912
[1.         0.90762043 0.6302053  1.        ]
-19.990019
[ 1.         -1.          0.04648209  0.32249382]
-20.045424
[ 0.54756314 -0.2717653   1.         -0.45873222]
-20.125126
[-0.15354903 -0.4730492  -0.55243546  0.7467894 ]
-20.00122
[ 1.         -0.12033051 -1.         -0.37483007]
-20.151606
[-0.31745863 -0.14000794  0.11389962  0.22419569]
-20.210257
[-0.2573142   0.18431549 -1.         -0.97276527]
-20.331812
[ 0.12510948 -1.         -0.45141914 -0.24257259]
-20.163513
[ 0.63711    -0.7203385  -1.         -0.27413058]
-20.02153
[-0.19816312 -1.          0.67514646 -0.1966778 ]
-19.78107
[-0.3146084  -0.06698392 -0.8355838   0.6313405 ]
-19.556541
[-0.902221   -0.2737529  -0.39481416 -0.45108515]
-19.601845
[ 0.08767006 -0.06440655  0.15787365 -0.77428734]
-19.344122
[-0.1980217 -0.5452946  0.5310713  0.6078496]
-18.9638
[ 1.         -0.11990583 -0.19620661 -0.45605224]
-18.79959
[-0.69492805 -0.37263924 -0.22410165 -0.14753246]
-18.554659
[ 0.05293881 -1.         -0.80030674  0.5486662 ]
-18.33148
[-0.9198095 -1.        -1.        -1.       ]
-18.16406
[-0.88531387  0.7189134  -1.         -1.        ]
-17.674118
[ 0.41459018 -0.8220681  -0.35376355 -0.88837874]
-17.100616
[-0.5845785 -0.9954168  0.6414606  0.7275521]
-16.526676
[ 0.5018777  -0.45734808 -0.81263    -0.7413973 ]
-16.218372
[-0.29991215 -0.8232632   0.598576   -1.        ]
-15.808662
[ 1.         -0.9604117   0.42130733 -0.81253505]
-15.186015
[ 0.7910402   0.36970454 -0.10260614 -1.        ]
-14.562569
[-0.15198076 -0.39058322 -0.43087873 -0.0039683 ]
-14.045721
Episode 99: length=50, total_reward=-4.95
[ 0.40640295 -1.         -0.15072468 -0.7806097 ]
-27.2732
[ 0.69426054  0.6258292  -1.         -0.26039952]
-26.963179
[-0.8486961   1.          1.          0.23048517]
-26.900827
[-7.5004995e-05 -1.0000000e+00  6.8865907e-01 -9.1345358e-01]
-26.85465
[-1.          0.66315603 -0.97804093 -0.234278  ]
-26.492083
[ 0.43997037 -0.87899995  0.36403987  0.60104996]
-26.202013
[ 1.         1.        -1.         0.5593275]
-26.17039
[-0.7413272  -0.60989994 -0.41658372  1.        ]
-26.4485
[-0.7392114   0.25435987 -0.09470478  1.        ]
-26.722681
[-1.          0.23268056 -0.3365215  -0.03994468]
-27.179768
[ 0.7750565  -0.06810697  1.          0.30232406]
-27.288708
[ 0.41133928 -0.3916114   0.31502333  0.30813992]
-27.431185
[-1.          0.72098076 -0.27219576 -0.33008134]
-27.609783
[ 1.         -0.92078584 -1.         -0.7321498 ]
-27.410547
[-0.8092489  0.0828423 -0.211054   1.       ]
-27.109978
[-0.94364697  0.30403295  0.9251939  -0.03222784]
-26.997606
[-0.51956815  0.49350387 -0.17086796 -1.        ]
-26.725285
[ 1.          1.         -0.16695486 -0.49451533]
-26.239054
[-0.02901419 -1.         -0.04728836 -0.62799865]
-25.939466
[ 0.32922682 -1.          0.29890913 -1.        ]
-25.567932
[ 0.6112228  -0.5542895   1.         -0.64772964]
-24.969597
[ 1.         -0.3160246  -0.5950907   0.21809685]
-24.473782
[ 0.23920168  0.663776   -0.38789362 -1.        ]
-24.286003
[-0.31234178  0.19188574 -0.05174628  0.03530559]
-23.94291
[-0.6629932  1.         0.6118967  0.8380707]
-23.592281
[ 1.        -0.5589293 -0.5161439 -0.6358807]
-23.651752
[ 0.12252213  1.         -0.47533247 -0.45419854]
-23.63863
[ 1.          0.3680866   0.11001702 -0.68857265]
-23.638039
[ 1.         -0.18293422  0.85841584  0.79884255]
-23.706436
[ 1.         -0.12049434 -0.6057901   1.        ]
-24.159813
[ 0.15278202  0.08822464 -1.          0.4983045 ]
-24.896088
[ 1.         -0.60808885  1.         -1.        ]
-25.697739
[ 0.02169235  0.72257525  0.35111824 -0.9953617 ]
-26.178438
[-0.25742295  1.         -0.768888    1.        ]
-26.363337
[1.         0.38007912 0.80319554 0.14785294]
-26.978876
[ 1.          0.24041642 -0.25758547 -0.33259216]
-27.671265
[0.14773847 0.23209313 0.34740213 1.        ]
-28.303226
[ 0.48475876 -1.          1.         -0.8608309 ]
-29.157387
[-0.94545305  0.7260411   0.37730774  0.9853441 ]
-29.664843
[ 1.         -0.22894211 -0.90526783  0.22325358]
-30.225658
[ 0.5617567  -0.29449344  0.5927059  -0.4098213 ]
-31.047153
[-0.3556157  -1.          0.13683629 -0.00219947]
-31.11684
[ 0.5810895  -0.07800703 -0.24166816 -0.80209506]
-30.661833
[-0.83508915  0.514996    0.27193877 -1.        ]
-30.425018
[ 1.          0.61893857  0.38407764 -1.        ]
-30.587656
[ 1.         -0.0039532   1.         -0.60085285]
-30.644157
[-0.99392575 -0.07670786 -0.1253136  -0.7098047 ]
-30.420912
[-1.0000000e+00 -2.1841377e-04 -1.0000000e+00 -3.7316653e-01]
-30.49609
[ 0.64314556  0.2805903  -0.54177547 -0.8838084 ]
-30.681408
[0.854923   1.         0.7999589  0.68298274]
-30.815718
Episode 100: length=50, total_reward=-4.98
[ 0.78546363 -1.         -1.         -0.32300025]
-21.202988
[ 0.08650669 -0.71010065 -0.9378529  -0.24295208]
-21.105045
[ 1.         -0.7911484   0.21436642 -0.17881796]
-20.897545
[ 0.30405962 -0.2458996  -0.10827293 -1.        ]
-20.625248
[ 0.23014392  0.37864694 -0.86954254  0.19625598]
-20.519947
[ 0.83949757 -1.          0.46869367 -0.42566636]
-20.249691
[-1.         -0.25308344 -0.46756768 -0.872689  ]
-19.955214
[ 1.         1.         0.4772088 -0.2962256]
-19.866762
[ 1.         -0.68859947  0.92910033 -0.0862141 ]
-20.004517
[0.29019555 0.16372019 1.         1.        ]
-19.927816
[-0.0497501  -1.         -0.9677863   0.73409534]
-19.544605
[-0.2359821   1.          1.          0.06308997]
-18.975866
[ 0.2029129  -0.94257     0.69498307 -0.9488739 ]
-18.618687
[ 0.8013202   1.         -0.8462146  -0.71115375]
-18.577618
[ 0.71762353 -1.          0.6399838  -0.6276576 ]
-18.700832
[ 0.5378958   0.18150406 -1.          0.9862594 ]
-18.730148
[0.6294494  0.944888   0.33915335 0.08117789]
-18.464201
[-0.5972323  -0.30283064 -1.          1.        ]
-18.283714
[ 0.35543835 -1.         -0.11628246  0.16743563]
-17.949451
[-1.          1.          0.09273648  1.        ]
-17.64364
[ 0.13478257 -0.8372038   0.01249489 -0.05310057]
-17.276304
[-1.         -0.58813626 -0.896641   -0.22957957]
-16.969255
[ 0.06501205 -0.10927089 -1.          0.7466059 ]
-16.642931
[-1.          0.17165846  0.37775037  0.35349083]
-16.169928
[ 0.76057166 -1.         -1.          0.55236065]
-15.776848
[ 1.          0.35578963 -1.         -0.72531694]
-15.222568
[ 0.26130658 -0.09849111  1.          0.04356675]
-15.053534
[-0.7300658  -0.90295476 -0.47733855 -1.        ]
-14.907626
[-0.40724635  0.34562427 -1.          0.13606663]
-15.059574
[-1.         -0.8441675  -1.          0.09543588]
-15.218462
[-0.75980735 -0.36941078  0.50584     0.4185547 ]
-15.182456
[ 0.01444    -1.         -0.63933957 -1.        ]
-14.939531
[ 0.27721402 -0.28164214  0.64839745 -1.        ]
-14.937071
[-0.86242914 -0.84624135 -1.         -0.17802772]
-15.144848
[ 0.78288144 -0.36897117 -0.6482839  -0.94113314]
-15.111984
[ 1.         -0.86534035  1.          0.4351319 ]
-15.2301445
[-0.04884344 -0.6548756  -0.8618996  -0.07744256]
-15.113849
[ 0.88897157  0.17765307 -1.         -0.12704092]
-14.980005
[ 0.82190037 -1.          0.59053123 -0.35109264]
-14.872038
[-0.05767493 -1.          0.8562911   0.47584695]
-14.717192
[-1.          0.90044564  1.         -1.        ]
-14.38177
[-0.9397758   0.675191   -0.18461055  0.03658832]
-14.558043
[ 0.52542204 -0.06253496 -0.3583098  -0.99274576]
-14.668558
[-0.9936816   0.32478333  1.         -0.7715408 ]
-14.91507
[ 1.         -0.09636544  0.62871724  0.71668375]
-15.263876
[ 0.34557578 -0.00259555 -0.57981706 -1.        ]
-15.333928
[ 0.49443352 -0.3132658  -1.          1.        ]
-15.6580105
[-0.11037473 -1.          0.8338292   1.        ]
-15.540103
[ 1.         -0.45049235  0.0519392   0.05702725]
-15.11269
[-0.5979066   0.10953455  0.7256916  -0.14434507]
-14.837045
Episode 101: length=50, total_reward=-3.99
[-1.         -0.87000364 -0.23774083 -0.6176395 ]
-1.7456068
[ 0.7728646   0.8195588  -0.01212087 -1.        ]
-1.7686284
[ 0.29810706  0.9735098  -0.7755845  -1.        ]
-2.182127
[ 0.5410387   0.7807409  -0.6280347  -0.47467226]
-2.796078
[ 0.83144546 -0.71338     0.10434535  1.        ]
-3.346748
[-1.          0.18627357  1.          0.93298304]
-3.460855
[ 1.         1.        -0.9562976 -1.       ]
-3.1836033
[ 0.6952323  -0.9148594   0.4261295   0.66763425]
-3.3503292
[ 0.74033934  0.73508877 -0.03265484 -1.        ]
-3.4013076
[ 0.36434987 -0.5941044  -0.40839934 -1.        ]
-3.8055792
[ 0.26539484 -0.6781003  -0.27566084 -0.1773774 ]
-4.4169035
[-1.          0.69722486  0.9707862  -0.8338698 ]
-4.8990517
[-0.33882326  0.09383059 -0.12564789  1.        ]
-5.4884605
[-0.14004591 -0.5752556  -0.17726661 -0.91039944]
-5.5692363
[ 1.          0.05525766  0.2553391  -0.2105099 ]
-5.9501243
[ 0.518808    0.50518066 -1.         -1.        ]
-6.3346786
[ 0.5532252  -0.36493126  1.         -0.83776087]
-6.9350452
[-0.09953728 -0.19885586 -0.16306423 -0.52077717]
-7.5314484
[-0.13269591  0.89541525 -0.8346783   0.1593024 ]
-7.947908
[-0.08675875  1.          1.          0.30239528]
-8.278881
[ 0.44125286  0.5875255   0.8000259  -0.26249805]
-8.512822
[0.5143872  0.3705787  0.31892028 0.36670136]
-8.824353
[-1.          0.32382888 -0.7675742  -0.8246301 ]
-9.021512
[ 1.         -0.01120365  1.          0.10812713]
-9.388269
[0.27740556 1.         0.7841989  0.07293338]
-9.775567
[ 0.23822266  1.         -1.          0.6642138 ]
-10.003095
[ 0.16404507 -0.15440789 -1.          1.        ]
-10.120921
[-1.          1.         -0.15251759  0.38999403]
-10.028968
[-0.8246071 -1.        -0.5652018  0.6380955]
-9.912915
[ 1.         1.         1.        -0.8919933]
-9.602247
[-1.         0.388156  -0.5971975  0.3252039]
-9.731478
[-0.50872016 -0.47450873  0.68622124  0.63561434]
-9.863838
[ 0.33434662 -0.27382022  1.          0.9796079 ]
-9.726281
[ 1.         1.        -0.8097971 -1.       ]
-9.364533
[ 0.8681128 -1.        -0.9691068  0.6194276]
-9.569588
[0.12186462 0.28611624 1.         1.        ]
-9.48934
[ 0.13020888  0.239631   -1.          1.        ]
-9.31993
[-0.17711177  0.09068574 -0.38141978  0.95760876]
-8.904309
[-0.75190866  0.7236537  -0.00532086 -0.7585915 ]
-8.593803
[ 0.11078854 -1.          1.          0.4579703 ]
-8.602839
[-1.         1.        -0.6432083 -0.6078009]
-8.42856
[-0.9108923  -0.45406032 -0.361753   -1.        ]
-8.489858
[-0.4563587  -0.9247662   1.         -0.11635288]
-8.809792
[0.6003115  0.6078964  0.01758805 0.12788416]
-8.82249
[-1.          1.         -1.         -0.55613005]
-8.904486
[-0.12120812  1.          0.29095793 -1.        ]
-9.040266
[ 0.05307195  0.24465959 -0.84692425 -1.        ]
-9.443526
[ 0.9576543 -0.6189459 -0.9617975 -0.887362 ]
-9.881663
[ 0.91333115 -0.2941773  -0.45150322  0.7508777 ]
-10.259128
[ 1.         -0.7755023   0.43387353  0.21969123]
-10.218739
Episode 102: length=50, total_reward=-2.40
[ 0.9249648  -1.          0.10358129 -0.98553944]
-3.8751533
[-1.        0.468379  1.       -1.      ]
-3.4779725
[ 0.6644547  -0.6386701   1.          0.17409071]
-3.0538785
[ 1.         -0.24291933  1.          0.81957376]
-2.8332555
[-0.37185663  1.          0.7096547   1.        ]
-2.7833977
[-1.         -1.         -0.69976526 -0.8472576 ]
-3.0921733
[ 1.        -0.4796573  1.         0.5275826]
-3.0517614
[ 0.22549552 -0.23064877 -0.5380843   0.20886752]
-3.0701861
[-0.14096928 -0.02588848  0.5073112  -0.2985298 ]
-3.1116903
[ 1.          1.          0.8608668  -0.42876652]
-3.0131474
[-0.6095819  -0.06734373  1.          0.7735355 ]
-2.8022802
[-1.        -1.         0.5476357 -0.6949118]
-2.8784025
[-1.         1.         1.        -0.6279628]
-2.789692
[ 0.7510702  -0.27082303 -1.          0.5047259 ]
-2.700676
[ 0.7312981   1.          1.         -0.23341593]
-2.712263
[ 0.0652004   0.20282471 -0.835787   -1.        ]
-2.6348062
[ 1.         -1.         -0.74779797  0.9628607 ]
-2.308926
[ 0.12742965  0.13663441  0.0186264  -1.        ]
-2.345862
[-1.          0.35826933  1.         -0.10388957]
-1.9837426
[ 1.         -0.53699994 -0.30646345  0.72439086]
-1.8338346
[1.         0.5699813  0.06218984 1.        ]
-1.7083836
[ 0.9312776  -0.20819168  0.32784554  0.6060434 ]
-1.8416786
[ 0.9223378   0.7502655   0.56727433 -0.05567536]
-1.9875001
[ 0.4171688  -0.499393   -0.87749976  0.9868515 ]
-1.9238615
[-0.0666092  -0.30835277 -0.36668664 -0.0148645 ]
-1.8994092
[ 1.        -0.5740793  1.         1.       ]
-1.7707683
[-0.5446503   0.9096293   0.36652735  1.        ]
-1.8819666
[-0.8667265 -1.        -0.7684546 -1.       ]
-2.2439525
[ 1.         -0.12257786 -1.          1.        ]
-2.1320724
[ 0.41999763  0.7268283  -1.         -1.        ]
-2.0977352
[0.6074141 0.8835808 0.4701392 0.5700876]
-1.8324041
[ 1.         -0.7262968   0.39396933 -0.2707349 ]
-1.6594363
[ 0.13233133  0.9401532  -1.          0.41844982]
-1.3091235
[-3.4256864e-01 -4.2605373e-01 -1.7876271e-04 -1.8910688e-01]
-1.2326674
[ 0.63262296 -0.83939546 -0.13584226 -0.06232454]
-1.0381563
[ 0.38645095 -0.30502778  0.69114643 -0.10037109]
-0.7364141
[ 0.85761046  1.         -0.18137367  1.        ]
-0.4851783
[ 1.         -0.8726838   0.26761153 -1.        ]
-0.45303476
[ 1.        -0.0320591 -1.         0.4692902]
-0.069420904
[ 0.17576787  1.          1.         -1.        ]
-0.5326296
[0.76692253 1.         0.5681987  1.        ]
-1.1548444
[ 0.1744708   1.         -0.44236842 -0.4322431 ]
-1.285507
[-1.         -0.3569918   0.11496086  0.91665137]
-1.7645466
[ 1.          0.9627084  -0.75211805 -0.02015108]
-1.8483984
[-0.48680514 -0.5479797  -1.          0.7005449 ]
-2.0462523
[-0.5325109  -1.         -0.38230175  0.07798897]
-2.0386705
[ 0.12515831 -0.39496982 -1.         -0.5047526 ]
-2.075797
[ 0.53686655 -0.8021452  -1.         -0.17247805]
-2.3539596
[ 1.         -0.03943716  0.13058135  1.        ]
-2.697182
[ 0.70446205 -1.          0.05190956 -1.        ]
-2.6675272
Episode 103: length=50, total_reward=-2.04
[-0.18722548 -0.12994418 -1.         -0.7291215 ]
-18.079876
[ 1.         -1.         -0.2057696   0.09737864]
-18.243988
[-1.          1.          0.05844966 -0.5701933 ]
-18.286652
[ 0.798341   -0.97386396 -0.5006479  -0.93492246]
-18.539398
[ 1.         -0.05078192  0.9992848  -0.8581799 ]
-18.822077
[-0.6278871 -0.2424772  1.        -0.0845747]
-19.162535
[0.07657956 0.32196596 1.         0.7084939 ]
-19.281414
[-1.          1.         -0.9788729  -0.92102075]
-19.187515
[ 0.11076609 -0.573959    0.8332793  -1.        ]
-19.393919
[-0.01749487 -0.0088889  -0.8881178  -0.0654331 ]
-19.800623
[ 0.40526247 -0.516869   -0.57143617 -0.6140523 ]
-20.05838
[ 0.2059417  -0.24370056 -1.         -0.35209334]
-20.320053
[ 0.7127674  0.7590761  1.        -1.       ]
-20.525078
[ 0.5884635   0.7718276  -0.22487514  0.61879295]
-20.887798
[ 0.9162514  -0.71652853  0.124309    0.09007733]
-21.0467
[-0.88124347 -1.         -1.          0.22938988]
-20.998386
[ 1.         -1.         -1.         -0.23622409]
-20.919708
[-0.10230403 -0.2200275   0.95045745 -0.8954468 ]
-20.769873
[ 1.         -1.          1.          0.40644485]
-20.693726
[ 0.47124383  1.         -0.09380694  0.17526108]
-20.400425
[ 0.50250065 -0.6636646   0.18935089 -0.41612265]
-20.054207
[-1.         -0.6069692   0.756616   -0.40163565]
-19.813385
[-0.4852905   0.67246884  1.         -1.        ]
-19.607233
[ 1. -1.  1.  1.]
-19.782156
[-1.          1.         -0.13616402  0.68690056]
-19.429129
[ 1.         -0.92446375  0.5873355  -0.38282043]
-18.963474
[ 0.8462432  -0.09750186  0.0179671   1.        ]
-18.746437
[ 0.8203117  -0.38399428  0.34254616 -1.        ]
-18.214062
[-1.         -0.07945876 -0.30149508 -1.        ]
-18.072409
[-0.07962598 -0.5776747  -1.          0.67325866]
-18.169592
[1.         1.         0.16066451 0.47072107]
-18.003325
[-0.77490115 -0.47734767 -0.07943955 -0.40039465]
-17.689674
[ 0.9189657  -0.33257163 -0.99642825  1.        ]
-17.65346
[-1.          0.7061723   0.20685673  1.        ]
-17.269243
[ 0.10259351 -0.5284502  -0.8618592   1.        ]
-16.73405
[ 1.         1.        -0.5755651  1.       ]
-16.11152
[ 1.        -0.5504591  0.526558   0.5845452]
-15.520715
[-1.         -0.9770469  -0.7000572   0.37690642]
-15.037121
[ 1.          0.24688181  1.         -0.10284637]
-14.5611515
[-1.         -1.          1.          0.33400592]
-14.34977
[-0.6324075  -0.28013653  0.59908366  0.58084613]
-14.051436
[-0.7040791  -0.34469905  0.96924555  1.        ]
-13.712763
[ 0.30258176 -0.32150346  0.7066525   0.6969267 ]
-13.08041
[-0.13076183  0.648368   -1.          0.64058506]
-12.447928
[ 0.20633487  0.31990832 -0.7644261   0.3205789 ]
-11.877469
[-0.730401   -0.85822976 -1.         -0.4570911 ]
-11.381949
[-0.2872587   0.17569563 -0.9445225   1.        ]
-11.163935
[ 0.20820895 -0.5086482  -1.          0.97648126]
-10.759139
[-1.         -1.         -0.15491126  0.39998737]
-10.209684
[-0.22915281  1.          1.         -1.        ]
-9.604057
Episode 104: length=50, total_reward=-4.12
[-0.9730479 -1.         1.         0.9655689]
-28.281042
[ 1.         -0.6124455  -0.2726633  -0.29747304]
-28.163664
[ 1.         -0.16377464  0.32138526 -0.2006751 ]
-27.86198
[ 1.         -0.26729262 -0.00179503  1.        ]
-27.296566
[-0.6180719  1.        -1.         1.       ]
-26.163555
[0.11164881 1.         0.09700929 0.35471582]
-25.261953
[-1.          0.9769785  -1.          0.89381254]
-24.632576
[ 0.05289257  1.         -0.16701345  0.8088327 ]
-24.33303
[ 1.         -0.46256527  0.12557596  1.        ]
-24.200506
[ 0.24667715  0.05917655 -1.          0.2750057 ]
-23.715942
[-0.1098728   0.6858885   0.40709394 -0.636377  ]
-23.318272
[ 0.7116544   0.79445714  0.04341475 -0.3576879 ]
-23.429232
[ 0.03203166  0.330647   -1.         -0.996027  ]
-23.488678
[-0.39029747 -0.20955744 -1.         -0.61199605]
-23.872314
[-0.19470823 -0.7120361   0.5335176   0.19096148]
-24.247791
[-0.50673044  1.         -0.66475695  0.6324806 ]
-24.376774
[ 0.16062139  0.5452247  -1.          0.8064096 ]
-24.479767
[-1.        -0.0135209  0.9461739  0.831369 ]
-24.417267
[-0.73861945  0.2676965  -0.66847724  0.44164643]
-24.325363
[ 1.         -0.6341628  -0.77095443 -0.08267482]
-24.453676
[0.22798999 1.         1.         0.58177674]
-24.493378
[ 0.11550009  0.3569118  -1.         -1.        ]
-24.51944
[-0.7406387   0.21669957 -0.62515426 -1.        ]
-24.909664
[-0.961689   1.         0.6283952  1.       ]
-25.4612
[ 0.74542177 -0.90782034  0.84087694 -0.6771666 ]
-25.921501
[ 0.17402896 -0.09370314 -0.12284791 -1.        ]
-26.27837
[-0.89710575  0.85658693  1.          0.8129103 ]
-26.79457
[ 0.00237889  0.84140587  0.6944867  -1.        ]
-27.129318
[-1.         -0.9081116  -0.38450855 -0.7892605 ]
-27.753908
[-0.05719054 -0.37407792 -0.07494691  0.01122555]
-28.471035
[-0.19587642 -1.         -0.9864349  -0.37467444]
-28.893093
[-0.46646962 -0.5583897   0.8099467  -1.        ]
-29.332031
[ 0.8883133  -1.         -0.8960723   0.23385663]
-30.136436
[-0.40718195 -1.          1.         -0.58974355]
-30.486683
[ 1.          0.5900472  -0.37445563 -0.19604321]
-31.08876
[ 0.8715438 -0.9683252  0.5894295  1.       ]
-31.38725
[ 0.2434101   0.76573324 -0.43388164  1.        ]
-31.181038
[-0.8294575  -0.03070725  0.2898869   0.09650215]
-30.579613
[ 1.         1.        -0.3639006  0.618039 ]
-30.227417
[ 0.35264248  1.         -0.8161182  -1.        ]
-29.628197
[-0.8533699  -1.          0.22111255 -1.        ]
-29.413284
[ 0.27327985  1.         -1.         -0.5087903 ]
-29.536423
[-0.4445957   0.29099232  1.         -1.        ]
-29.711128
[ 1.         -0.42024386 -1.          1.        ]
-30.108112
[-0.80120194  0.06048318 -0.16729313 -0.8459915 ]
-29.828495
[0.8387724  0.2977581  0.08903916 0.07125691]
-29.999737
[-1.        -0.9090861 -0.6563825 -1.       ]
-29.87574
[ 0.02036212  0.97679156  1.         -0.01471205]
-30.260185
[0.7754059  0.6446522  0.62910724 1.        ]
-30.509018
[ 0.89885116 -1.          1.         -0.6784129 ]
-30.244175
Episode 105: length=50, total_reward=-5.08
[-1.         -0.7203334   1.          0.52051383]
-16.743774
[ 0.51845646  0.786354   -0.07698573 -0.13914163]
-16.809656
[-0.38697878 -0.5801324   0.8337866  -1.        ]
-16.879742
[-0.0539797  -0.28599942 -1.         -1.        ]
-16.591131
[ 0.61310065  0.505212   -0.32712695  0.38094306]
-16.150513
[ 0.831765    0.73736024 -0.16828524 -0.46927914]
-16.061863
[-0.24567974  1.         -0.972039   -0.8580571 ]
-15.942473
[-0.5457423 -0.5226637 -0.2818109 -1.       ]
-15.75232
[ 1.         -0.60289633 -0.24960715 -0.12899275]
-15.390522
[-0.24306276 -0.72020423 -1.         -1.        ]
-15.085939
[ 0.38033283 -0.48762482  1.          0.747306  ]
-14.570236
[-0.21302307 -1.          0.87367344 -0.08498591]
-14.384097
[ 1.         -0.00181511 -0.3410596   0.3594041 ]
-14.128127
[-1.         -0.5173096  -0.17616886  0.0069292 ]
-14.030914
[ 1.          0.30606034 -1.         -0.6910697 ]
-13.930599
[-0.40902317 -0.371629   -0.68715084  0.9910108 ]
-13.685683
[-0.38616246  0.19731723  0.04031604 -0.4647314 ]
-13.848345
[-1.          0.41469306  0.76060957 -0.49074486]
-13.817134
[-1.          0.22441265 -0.32274312 -0.9391961 ]
-13.66788
[-0.49282706 -1.         -1.         -0.53126407]
-13.339004
[-0.42155427  0.4122446  -1.         -0.34876636]
-12.964035
[ 1.          0.02333553  0.52611566 -0.10204129]
-12.763813
[-1.          0.28230944 -0.27798182 -1.        ]
-12.502446
[-0.006704    0.6552073   0.5411079  -0.43310493]
-12.169088
[ 0.54977167 -1.          0.5844865  -0.5600773 ]
-11.917015
[-0.6036317  1.         1.        -1.       ]
-11.459226
[ 0.6465028   0.30710074 -1.          0.0222445 ]
-10.958027
[ 0.35370672 -0.51484835 -1.         -0.843269  ]
-10.686072
[ 1.        -0.8541202  1.         0.0292245]
-10.204787
[ 1.          0.3709561  -0.15872127  0.720793  ]
-9.890515
[-1.         -0.16744465  1.         -1.        ]
-9.8232355
[ 0.9997275  -0.02376144 -1.         -0.9697865 ]
-9.5326805
[-0.46095335  1.          0.44974455  0.03189348]
-9.055647
[ 0.42183816  0.45750442 -0.8698263  -0.41225266]
-8.802146
[-0.62270415 -0.262754   -0.4693814  -0.8666203 ]
-8.512206
[ 0.6890372   0.28570947  0.20009659 -1.        ]
-8.164176
[ 0.8620529  -1.          0.52611256 -0.40501773]
-7.677903
[-0.15916349 -1.          0.63377345  0.4065118 ]
-7.1694903
[ 0.51201135 -1.          0.8299493  -0.49067605]
-6.856535
[-0.34749657  0.8120242  -0.12927742  0.92780775]
-6.352117
[-1.         -0.6588983   0.8268278   0.88547254]
-6.380245
[-1.         -1.         -0.15480551 -0.15599449]
-6.7123337
[ 1.         -0.08239306  0.2801485  -1.        ]
-6.7992787
[-0.70920986  0.38502336  1.         -1.        ]
-6.561116
[-1.         -1.          0.2394912  -0.24029592]
-6.1363497
[-0.8320306  -0.24665263  0.5279201   1.        ]
-5.8806267
[ 0.39031172  1.         -0.6764418  -0.8267244 ]
-6.1119967
[-0.30563092  1.         -0.32058567 -0.07722831]
-6.06519
[ 0.05857773  0.81903094  0.37110704 -1.        ]
-6.151362
[ 1.          0.35821462 -0.56550944  0.01223919]
-6.02297
Episode 106: length=50, total_reward=-2.83
[ 0.5562478  -0.09747601 -0.49535     1.        ]
-12.557925
[ 0.8260064   0.04840914 -1.         -0.59501934]
-12.469682
[-0.2113781   1.          0.40706715 -0.3730758 ]
-13.001541
[ 1.          1.         -1.         -0.00104743]
-14.101784
[0.5929997  0.6289662  0.9347505  0.31062537]
-15.721697
[-0.42373535 -0.12516513 -0.20621438  0.03669954]
-16.868256
[-0.01076091 -0.51936495 -0.44206974 -1.        ]
-17.45932
[-0.14758475  0.37690797 -0.5002526  -1.        ]
-17.979979
[ 0.7280948  -0.09960429  0.15012954  0.2194466 ]
-18.706926
[ 0.44780755 -1.          0.03639498  0.7318728 ]
-19.047789
[-1.         -1.         -0.24054407  1.        ]
-18.852877
[ 1.          0.33487093 -1.          0.32783565]
-18.307919
[-0.3496826   0.13566865 -0.1145737   1.        ]
-17.78322
[ 1.          1.         -0.60760134 -1.        ]
-17.207073
[ 0.9240367  -0.04691681  0.46955132 -0.22863922]
-17.326954
[ 1.          0.31038722 -1.         -1.        ]
-17.439388
[-0.16615468 -0.30998853  0.5444147   0.56900454]
-17.913136
[-1.          0.14321172 -0.5213247  -0.2613948 ]
-17.995356
[ 1.         -0.50176895 -0.59056324  0.10408531]
-18.120502
[-0.14023514 -0.5805898  -0.03183565  0.04333297]
-18.086317
[ 0.02615224 -1.          1.         -0.9345588 ]
-18.028597
[ 0.47153953  0.20818347 -0.05100015 -0.57320774]
-17.995533
[-1.         -0.5885946  -0.04362372  0.00358397]
-17.953957
[-0.01132963  0.64399236  1.          1.        ]
-17.879614
[-1.          0.27762315 -0.12424891  0.86020225]
-17.512287
[-1.         -0.250859   -0.23543124 -0.16992824]
-17.121822
[ 0.82893187  1.          0.3234322  -1.        ]
-16.871664
[-0.9679575 -0.6884812  1.         0.7069368]
-17.115578
[ 1.          0.28091356 -0.38478464 -0.42045182]
-17.075533
[-1.          0.19252832  1.          0.39848432]
-17.21423
[ 1.         -0.04403204  0.9445548   0.02493273]
-17.28835
[ 1.         -0.5340768  -0.36652994  1.        ]
-17.387384
[ 1.          1.         -0.33887398  0.5977981 ]
-16.992462
[ 0.2402896  -0.5499417   0.58015984  0.49273676]
-16.691578
[-0.85710967 -0.7855819   0.07117569  1.        ]
-16.266811
[ 0.25679034 -0.29754564 -0.24342056 -0.0574012 ]
-15.6386795
[ 0.9827494  -0.38328856 -1.         -0.41559783]
-15.259742
[-0.524082  -1.         0.5633083  0.6670276]
-15.061695
[-0.6496569   0.247452    0.14545657 -0.24773408]
-14.632629
[-0.06675006  1.          0.6098378  -1.        ]
-14.406055
[ 0.7543422  -0.09764677 -0.33521914  0.23585641]
-14.50268
[-0.79725707 -0.1784469  -0.03833465 -0.6177553 ]
-14.51709
[-1.          0.7535329  -1.         -0.29523098]
-14.651854
[-1.          0.9460797  -0.19106361  0.99519455]
-14.936306
[ 0.3221389  0.7253186 -0.4701854  1.       ]
-14.828652
[ 1.          0.5323306  -1.         -0.69704974]
-14.521226
[-0.6172657  -0.7140256  -1.         -0.26606357]
-14.61651
[-1.          0.22085449  0.7936654   0.6250504 ]
-14.71739
[ 0.17048226  1.         -1.          0.05141072]
-14.617817
[-0.8980656   1.         -0.02649637 -0.42971867]
-14.87574
Episode 107: length=50, total_reward=-3.67
[ 0.5039635   0.8627485   0.39318433 -0.55498415]
-14.541105
[-0.3539371   0.24269886  1.         -0.17086655]
-14.760422
[ 0.7560913   0.7647107  -0.16084364 -0.9839809 ]
-15.026106
[-0.54596287  0.13342634  1.         -0.9824383 ]
-15.518869
[-0.15509354 -1.          1.          0.11245994]
-16.1276
[-1.          0.92288566 -1.         -1.        ]
-16.465439
[-1.          0.08076042 -0.34897462 -0.01172623]
-16.979631
[-1.         -0.60537654  0.73746765 -1.        ]
-17.341965
[ 0.26153892 -0.2975571   0.42720744  0.3350436 ]
-17.91477
[-0.95716166 -1.          0.5889284   0.9036445 ]
-18.242405
[ 0.9370101   0.29498085  0.37718427 -0.95628256]
-18.175129
[ 0.05693242  1.          0.73164374 -1.        ]
-18.417124
[-1.          0.45075834 -0.44205683 -0.7472661 ]
-18.812317
[1.         0.10648879 0.27858573 0.77478516]
-19.2928
[ 1.         -0.83395326  0.5084021  -0.07625577]
-19.386019
[ 0.58375514  0.81827474 -1.         -0.38167566]
-19.377998
[-0.8321954   0.7079672   0.52662516 -0.3548594 ]
-19.38083
[ 0.13633272  0.7017244  -0.17016038  0.46230882]
-19.600224
[-0.1846309  -0.00840512 -0.09429937  0.2512019 ]
-19.688753
[-1.          1.         -0.05627625  0.15677743]
-19.66995
[-0.40106577  0.6023741   1.          0.5674516 ]
-19.7216
[ 1.          1.         -0.03217272  0.6732431 ]
-19.693375
[-0.7583199  1.         0.8304383  1.       ]
-19.696058
[-0.9637358 -0.2520415 -1.         0.2310504]
-19.625729
[-1.         -0.59304315 -0.29740804  0.76351434]
-19.600065
[ 1.          0.9141321  -1.          0.49773577]
-19.400276
[ 0.40279824  0.84796417 -0.6478169   0.90624666]
-19.369286
[-0.30791315 -0.74118876 -1.          0.7565456 ]
-19.228138
[-0.75624615 -0.57213247  1.          0.7018833 ]
-18.91828
[-0.9799797  -0.6133433  -0.06201754 -0.41335207]
-18.620905
[-1.         -0.11564389 -0.5217634  -0.30649644]
-18.530468
[ 0.15822923 -0.8191353  -0.9579579  -1.        ]
-18.6943
[-1.         -0.81198764 -1.         -0.32252002]
-19.007544
[0.38100028 1.         0.01280905 1.        ]
-19.234938
[ 0.6837509   0.5682146  -1.         -0.11235723]
-19.205097
[ 0.99492943 -0.02882092  1.          0.32046038]
-19.248426
[ 1.         -1.          0.04278089 -0.23379035]
-19.30673
[-0.15604602 -1.          0.36322722 -1.        ]
-19.189342
[-0.6239867  -0.2004073  -0.08843412  0.91251737]
-19.12216
[-0.22145955 -0.5194369   0.9221674  -0.5320229 ]
-18.765009
[ 0.90796727 -0.1424844  -0.08911665 -0.32649842]
-18.62603
[-0.00273395  0.4023141  -0.7508012  -0.24646227]
-18.422287
[-0.70819676 -0.41889986  1.         -0.43872398]
-18.229712
[ 0.58466387 -1.          1.         -0.7884289 ]
-18.100504
[ 1.         -0.5711379  -0.24443753  0.7134133 ]
-17.919287
[ 0.23177402 -1.          0.6052797   0.68375003]
-17.44553
[-1.          0.39767787 -0.0424691  -0.19964004]
-16.729473
[-1.         -1.         -0.7504661  -0.19887787]
-16.323822
[ 0.85072577 -0.17456952  1.          0.27752942]
-15.995745
[-1.          1.         -0.5190556  -0.26768014]
-15.531782
Episode 108: length=50, total_reward=-3.09
[-0.8494934  -0.67797875 -0.8103818  -0.6241954 ]
-4.107069
[-0.13549866 -0.23360594  0.68134874  0.44531232]
-4.1743846
[-0.20542867 -0.15448616  0.36969596  1.        ]
-4.110593
[ 1.         -1.         -0.26285067  1.        ]
-3.772973
[0.30661657 1.         0.44367266 0.38570955]
-3.3327863
[ 0.84020895  0.20227607 -1.          0.06253681]
-3.006716
[0.02331137 1.         0.0860928  1.        ]
-2.833586
[-0.57778096 -0.6939917   0.29545322  1.        ]
-2.4261384
[ 0.518154    0.8499945  -0.11416459  0.8712628 ]
-1.9276534
[ 1.         -1.         -0.45107841 -0.795385  ]
-1.496078
[0.6680797  0.0546484  0.8395996  0.09935761]
-1.4724796
[-0.30184764  1.         -1.         -0.8109689 ]
-1.5436282
[1.         0.66577226 0.18290603 0.12888749]
-1.7852415
[ 0.09436449 -0.44612694  0.35572603  1.        ]
-2.1106157
[ 0.46599844  1.          0.54504657 -1.        ]
-2.143131
[-0.9868288   0.25564727  1.          1.        ]
-2.5311663
[-1.         -1.          1.          0.79949105]
-2.4793582
[-1.          0.8023312  -0.03797475 -0.69657433]
-2.0690877
[0.67356986 1.         0.02063568 1.        ]
-2.0065079
[-0.34224927 -0.30597615  0.81454504 -1.        ]
-1.7075932
[-0.4274601   0.52202946 -1.         -1.        ]
-1.7154754
[-1.          0.42727864  0.27579892 -1.        ]
-1.9277202
[-0.48291636  1.          0.90249157 -0.7964946 ]
-2.1885595
[ 1.          0.04457027 -0.06902258 -0.92371213]
-2.460156
[ 0.08161572  1.         -0.59758955  1.        ]
-2.9036617
[-0.94584316  1.          0.0108408   0.3603    ]
-2.7679636
[ 1.         -0.00882523 -0.03838707 -0.63980556]
-2.4986272
[ 1.      -1.      -1.      -0.87111]
-2.6065545
[ 1.         -1.         -0.02535261  0.2856715 ]
-2.949033
[ 0.8344942  -0.71175575  0.28107014  1.        ]
-3.1697223
[ 1.         -0.8166872  -0.15522245 -1.        ]
-3.0924702
[ 0.20136559  1.         -0.4957884   1.        ]
-3.4124322
[ 0.38242233 -1.          1.         -1.        ]
-3.3798594
[ 1.         -1.         -0.30661035  0.51309323]
-3.7147326
[-0.5858271  -0.5369534  -0.3713289   0.07867661]
-3.877696
[ 0.5126696  -0.08583697  0.07784685 -0.20511647]
-3.9504857
[-1. -1.  1.  1.]
-4.1739407
[1.         1.         0.35176396 0.34026992]
-3.9596024
[-0.5980145   0.41989893 -0.12652352  0.632931  ]
-3.944663
[ 0.9388539  -0.9196253  -0.29539537  0.39678186]
-3.6844585
[ 1.         -0.93013144 -0.4534918   1.        ]
-3.4560056
[ 0.24874574 -0.7330775  -0.05862337  0.59776855]
-3.176274
[-0.78176135 -0.11520331 -0.2169703   1.        ]
-2.9533958
[ 0.46676585  1.         -1.          0.15892163]
-2.467013
[ 1.          0.41779497 -0.32595986 -0.06443354]
-2.140852
[ 1.          0.49275786 -0.70074713  0.7846331 ]
-2.1043406
[0.9270015 0.6626304 0.5483146 1.       ]
-2.035204
[-0.82321304  1.          0.23574698  1.        ]
-1.8835987
[-1.          0.73664826 -1.          0.16381124]
-1.5359988
[-0.99521625 -0.86068356  0.29627594  0.3721925 ]
-1.3310212
Episode 109: length=50, total_reward=-1.48
[ 1. -1.  1. -1.]
-17.457903
[ 1.          0.14195195 -1.         -0.41802004]
-17.209745
[-1.         -0.6568414  -0.14663154 -1.        ]
-16.856497
[-0.00361709 -0.33010083 -0.04698192  1.        ]
-16.269176
[-0.37888527  1.          1.         -0.18456915]
-16.126482
[ 0.7482363   0.28709948 -0.36594838  1.        ]
-16.041351
[0.23423225 1.         0.06142232 0.8427942 ]
-16.380623
[ 0.64221483  0.1978988  -0.81398916 -1.        ]
-16.866568
[-0.33707315  0.95599914 -1.          0.68020225]
-16.892267
[-1.          0.12751609 -0.17123976 -1.        ]
-17.294615
[ 0.20666346 -0.87134856  0.4600051  -1.        ]
-17.301462
[ 0.79348516 -1.          0.887872   -0.5294764 ]
-16.928223
[ 0.83580554 -1.         -1.          0.94604945]
-16.42716
[ 1.         -0.3631177   1.         -0.17560431]
-16.348682
[0.56259036 0.63321805 1.         0.57011145]
-16.029531
[-0.6461367   0.02719918  0.23943067  0.09760872]
-15.927263
[-0.4128357 -0.1659879  1.        -1.       ]
-15.910383
[ 0.4765753  -1.          0.59993786  1.        ]
-15.638233
[-0.33360523 -0.20798324  0.21041529  1.        ]
-15.493961
[-1.          0.30778107 -0.04558726 -0.42832917]
-15.494753
[-0.29366785  0.81517315  1.          0.24600968]
-15.459009
[ 1.          0.32067293  1.         -0.7872141 ]
-15.49594
[-0.54658103  0.05242255  1.          0.83882034]
-15.37726
[ 0.98324597  0.87738717 -0.870185    0.4041903 ]
-15.5126295
[-1.         -1.         -0.38348487  0.6927994 ]
-15.824028
[ 0.8228116  0.1897206 -1.        -1.       ]
-16.025635
[-0.85184515  0.6636912   0.5927294   1.        ]
-15.90468
[-0.8605846  -0.5583503   0.47225487  0.4780571 ]
-16.309563
[-0.48028862 -0.6939775   1.         -0.34302744]
-16.57931
[-0.38867038  1.         -0.75797606 -1.        ]
-16.340586
[-1.         -0.52040213  1.         -1.        ]
-16.115118
[ 0.9973972  -0.26507816  0.84237254  0.16621354]
-15.568453
[-0.638581    0.48272687  0.04567409  1.        ]
-15.239006
[ 0.03745366 -0.1119782  -0.19228175  1.        ]
-15.472027
[-0.4461196   0.79114175  0.00094024 -0.47721815]
-15.937153
[-0.91710114 -1.          0.9112195  -1.        ]
-16.151272
[0.64721644 0.03944309 0.7416614  1.        ]
-15.922576
[ 0.3082627 -0.8128     0.7562465 -1.       ]
-16.041656
[0.4790822  0.5070358  1.         0.41860503]
-15.825201
[-1.         -1.          0.02696745  1.        ]
-15.907765
[-0.17397681 -0.3527114   0.2104128   0.8389788 ]
-16.114708
[ 0.555487    0.7630447   0.22461393 -1.        ]
-16.335627
[ 1.        -0.9728787 -1.         1.       ]
-16.32393
[ 1.          0.6741122  -1.         -0.04605381]
-16.463873
[-0.9612865  -0.13345873  1.          1.        ]
-16.674635
[ 0.3613721   1.         -0.24625269  0.45266348]
-17.093044
[-1.         -1.         -0.24880072 -1.        ]
-17.455853
[-0.6995333   0.51753604  1.         -0.51164377]
-17.36163
[ 1.         -0.34174365 -0.13688916 -0.620212  ]
-17.144796
[-0.35407168  0.8493771   0.30722308 -1.        ]
-16.8218
Episode 110: length=50, total_reward=-2.63
[-0.62335867 -0.5154557  -0.6950439   0.31339875]
-1.3531702
[-1.         0.7441985 -1.         0.2926296]
-1.1611481
[ 0.3894887  -0.9149607   0.78175354 -0.06281645]
-0.8047365
[ 1.        -0.7707745 -0.1399204 -1.       ]
-0.67209953
[-0.6946239  -1.         -0.29694563 -1.        ]
-0.88460183
[ 1.          0.8655314  -0.2939089  -0.19797261]
-1.0858127
[ 0.51046664 -0.2637263   0.12388789 -1.        ]
-1.3505906
[-0.6953226  0.9172168 -0.2869523 -0.041374 ]
-1.7570652
[0.8708574  1.         1.         0.25389072]
-1.9274485
[-1.          0.96206325 -1.         -0.15267454]
-2.0395002
[ 1. -1.  1.  1.]
-2.0648441
[-1.          1.         -1.          0.37079442]
-1.9255506
[-0.60464305  0.2819403  -0.3070131  -0.49377266]
-1.7404283
[-0.71646285  0.8057127   1.         -1.        ]
-1.5558636
[ 0.96210957 -1.         -0.89463794 -0.6968195 ]
-1.5873733
[ 0.9158805  -1.          0.40890905 -1.        ]
-1.8993914
[ 1.        -0.7157396  0.3912561  1.       ]
-2.5648742
[-1.         -1.          0.23956531 -0.3925513 ]
-2.8109457
[ 0.7514435  -0.96198606  1.          1.        ]
-3.095045
[ 1. -1.  1.  1.]
-3.0784223
[-0.4930804  1.         1.         0.7561554]
-2.8231385
[ 1.          0.62547034  1.         -0.88758093]
-2.495704
[-1.          0.78276396 -1.          1.        ]
-2.7669191
[-0.28637254 -1.         -0.5825027   1.        ]
-2.577944
[-1.          0.02718893  0.3703648   0.4219758 ]
-2.1825368
[1.         1.         0.98222744 0.39187062]
-1.7832768
[ 0.3098904 -1.         1.        -0.5078486]
-1.455914
[-1.          0.46608335  0.18016875 -0.20366195]
-1.5597026
[ 0.22145182  0.17753857 -1.          0.17833331]
-1.6473402
[-0.4842927   0.07753144 -0.0976723   1.        ]
-1.6716161
[ 1.         0.7695901 -0.137203   1.       ]
-1.4109962
[ 1.          0.840913   -0.9304455  -0.32604963]
-1.1183615
[-0.75234354 -0.16508499 -0.2433004  -0.29884613]
-1.1448021
[ 0.1042603   1.         -1.          0.25848588]
-1.2031288
[ 1.        -1.         0.4102183  0.9043324]
-1.1911268
[-1.         -0.32238725 -0.7826973  -1.        ]
-1.1104889
[ 0.01361768 -1.          0.20577633  0.9679015 ]
-1.4024227
[-1.         -0.34644467  0.83745843  1.        ]
-1.3584536
[-0.239933   -0.92516196 -1.          0.86679226]
-0.93709207
[ 1.         -1.          0.14200169 -0.68552625]
-0.40799406
[-1.         -0.61583364  0.8925272   0.6422638 ]
-0.39022234
[ 0.49306503 -0.84452724  0.94928735  1.        ]
-0.11163525
[-0.18550882  1.         -0.10933164 -0.04150358]
-0.1639525
[-0.7399068   0.06115134 -0.4737985   0.76538914]
-0.3470149
[-1.          0.3018484   1.         -0.04308955]
-0.7246456
[ 0.21357204 -0.22087185  0.95013165  1.        ]
-1.0503585
[-0.01125291  0.6044379   0.28582183 -0.23338246]
-1.3574939
[ 0.28471527  1.          0.7472209  -0.67019844]
-1.5518334
[-1.          0.19991328 -1.         -1.        ]
-1.542597
[0.35247323 0.23867092 0.17966549 0.78071344]
-1.3819844
Episode 111: length=50, total_reward=-1.71
[ 1.        -0.9062338  0.5472428 -0.971592 ]
-6.4784727
[-0.43738896 -0.85398614  1.         -0.49062783]
-6.024829
[ 1.         -1.          0.49101698 -0.454363  ]
-5.6599483
[-0.52954733 -1.         -0.11497068  1.        ]
-5.2415237
[-0.04369619 -1.         -0.52964    -1.        ]
-5.27631
[-0.6553371   0.761211    0.02897339  1.        ]
-4.892771
[-0.55359125 -0.6520004  -1.          1.        ]
-5.0487633
[ 0.6635495  -0.12653317 -0.10541263 -0.0917692 ]
-5.437419
[-0.13362285 -1.         -0.56454927  0.37713653]
-5.615841
[ 1.          0.20639552 -0.262361   -1.        ]
-5.758663
[ 1.        0.694916 -1.        0.442123]
-5.462614
[1.         1.         0.06463084 0.09467317]
-5.257159
[ 0.42329907  1.         -0.98437434  1.        ]
-5.051009
[ 0.79496413 -1.         -0.4919165   0.5894389 ]
-5.1494856
[ 0.08205925 -1.         -0.28639272 -0.62263495]
-5.1462574
[0.71782416 0.7538243  0.02171804 0.25977483]
-4.7944183
[-0.44695586  0.07674382  0.15138446 -1.        ]
-4.543889
[ 0.22549069 -0.16591379  0.46010178  0.09243527]
-4.077161
[ 1.          0.20938566  1.         -0.07211129]
-3.786467
[ 0.9608679  -0.25301927 -1.         -0.55372286]
-3.5262427
[-0.49135053 -1.          0.10419173  0.7790674 ]
-2.8929842
[ 0.13545798 -0.45294735  1.         -1.        ]
-2.5122066
[-0.64075196  0.2651647   0.22801857  0.9039582 ]
-1.8064831
[ 1.          0.37770918  1.         -1.        ]
-1.624222
[-0.08846924 -0.83141047 -1.          1.        ]
-1.1360222
[ 1.          0.53862417 -0.09993032  1.        ]
-0.9721192
[0.98930913 1.         1.         0.01248404]
-1.02017
[ 1.         -0.88919026  0.34925872 -0.1459134 ]
-0.78920937
[-0.37916332  0.00602796 -0.3499229  -0.68605644]
-0.44765607
[ 1. -1. -1.  1.]
-0.01237089
[-1.         -1.          1.         -0.06609453]
-0.1526289
[-0.35724342  0.15634972 -0.09108995  1.        ]
-0.3124121
[-1.          0.6792387  -0.82670265  0.78792715]
-0.12937357
[ 0.0801171 -1.         1.         1.       ]
-0.22454412
[-0.64245445  0.82616764  0.61033    -0.9187657 ]
-0.6792985
[ 0.9794251   1.         -0.75586426  0.16665517]
-0.7087908
[ 1.          0.23771344  0.16837634 -0.44542646]
-0.6743537
[ 0.14663666 -0.20057681  0.6278967  -1.        ]
-0.45287263
[-1.          0.47430938 -1.          0.559949  ]
-0.04337609
[ 1.         -0.31508365  0.09835625  1.        ]
-0.20641609
[-0.9300853   0.10392154 -1.          0.957963  ]
-0.18689437
[0.8230842  1.         0.13922718 0.599704  ]
-0.071980245
[-0.20347196 -0.25211945 -0.907253   -1.        ]
-0.31458047
[ 0.5300442  -0.9737506   0.9883647  -0.06669284]
-0.19850886
[ 0.02675325 -0.59670305  1.          1.        ]
-0.07236171
[-0.24512994 -1.         -0.14180128  0.20216766]
-0.11148617
[ 1.        -1.        -0.0017416 -0.2468857]
-0.117589675
[-1.         -0.31885535 -1.         -0.3338596 ]
-0.05756198
[ 1.          1.          0.22103734 -0.8708776 ]
-0.21280093
[-0.0778978  -0.7202178  -0.8601127  -0.10050615]
-0.65986395
Episode 112: length=50, total_reward=-1.08
[-0.7856011  0.9946654  0.6136502 -0.9797495]
-12.05777
[ 0.17771637 -0.07748675  0.83085686 -0.94941473]
-12.101719
[ 0.42959577  1.          1.         -0.604166  ]
-11.946629
[-0.9048049   1.         -0.62615484 -0.6503985 ]
-11.921776
[-0.56491935  0.2879077  -1.          1.        ]
-12.082699
[ 1.         -0.43535364  1.          0.12774573]
-12.44561
[-1.         -1.         -0.58796114  0.23293589]
-12.718456
[ 0.90576434 -0.42949343  0.8878298   0.4133597 ]
-13.000229
[-0.54039794 -1.          1.          0.03423404]
-13.09655
[-1.          0.42048717 -1.          1.        ]
-13.083183
[ 0.00599171  0.5506454  -0.40131631 -1.        ]
-13.47617
[-0.23923725  0.7673942  -0.60629225 -1.        ]
-13.587082
[-0.305322    0.39353946 -1.          0.43589795]
-13.540237
[-1.         -0.12639683 -1.         -0.14024153]
-13.722469
[ 1.         -0.9992608  -0.68159205  0.8262158 ]
-13.901712
[ 0.2435655  -0.8659837  -0.18475871  0.36586973]
-14.131119
[ 0.17819305 -1.         -0.9635443   0.6930057 ]
-14.29051
[-0.16142681 -0.42927775 -0.50744236 -1.        ]
-14.388987
[ 1.  1. -1. -1.]
-14.089061
[ 1.         -0.21022174 -0.5307493  -0.515972  ]
-13.643654
[-0.89656603 -0.675541    1.          0.21200998]
-13.087064
[-0.5517042  -0.01716553  0.5976091   0.45215657]
-12.709476
[-0.6114898   1.          0.86706984  0.4598961 ]
-12.618553
[ 1.  1. -1. -1.]
-12.698353
[ 1.         -0.91139954  0.03936908 -0.71162   ]
-12.532423
[ 0.3816856   1.         -1.          0.82283634]
-12.042786
[ 0.24445969  1.         -1.         -0.85082316]
-12.068178
[ 0.52282345 -0.51050574 -0.22324586 -0.26088077]
-11.962345
[ 0.27821478 -0.32864285  0.07985775 -0.50978446]
-11.754673
[0.8683624  0.60271007 1.         0.51629186]
-11.4342575
[-1.          0.25507683 -1.          0.5638532 ]
-11.548492
[ 1.          0.92274284 -1.          0.9026633 ]
-11.870459
[-1.          1.          0.51702994 -0.77897793]
-12.260855
[-0.25122035 -0.3558522  -0.00908311 -1.        ]
-12.402354
[ 1.         1.        -0.6729867 -0.9541247]
-12.158268
[ 0.9070662   0.37879762  0.07372732 -1.        ]
-11.979397
[-0.3633555   0.08342209 -1.         -1.        ]
-11.703823
[-0.6767197 -0.7617278  1.        -1.       ]
-11.159342
[ 1.         -0.09903874  0.66700685 -0.6862    ]
-10.638541
[ 0.71104676 -0.638661   -0.2810446   0.4003207 ]
-9.934997
[-0.79121965  1.          1.         -1.        ]
-9.409527
[ 1.         -0.99983144  1.         -0.04576691]
-9.053496
[ 0.92553675  0.30688655  0.9956847  -0.7637763 ]
-8.379164
[-0.77340347  1.          0.28282458 -0.19241539]
-7.4284463
[-0.38222244  0.23287605  0.47693834  0.65645057]
-6.964464
[-1.          1.          0.00989151  0.28114644]
-6.8066316
[-0.7458917   0.5926248  -0.8751979  -0.05788254]
-7.3093123
[-0.14305606  0.55117446 -0.93320066 -0.21893284]
-8.00281
[-1.        -1.        -0.0345465 -1.       ]
-8.871812
[-0.8480225   0.84171724 -1.         -0.5847914 ]
-9.458579
Episode 113: length=50, total_reward=-3.58
[ 0.5804024  -0.13106748  0.7229076   0.03365815]
-8.239821
[ 1.          0.42961589  0.32637113 -0.30167985]
-8.249207
[-0.8591662 -0.0764945  0.5592304  1.       ]
-8.125981
[-0.12926297 -0.05489004  0.95880747  0.82279575]
-8.360733
[ 1.          1.         -0.88981825 -0.15469745]
-8.638505
[ 0.20411158 -0.39436078 -0.6371586  -0.5893806 ]
-8.758511
[ 1.          1.         -0.12155497 -0.66868985]
-8.686872
[-1.         -0.05110135  0.7243961  -0.57991356]
-8.408408
[-0.02592769 -1.          0.81619835  0.00734004]
-8.082847
[ 1.         -0.4301757   0.3891877   0.22774677]
-7.8428745
[0.17199644 1.         0.3646961  1.        ]
-7.642284
[-1.          0.31107858  1.          0.564242  ]
-7.7940793
[-0.92005426 -0.2962181   1.          1.        ]
-8.103389
[ 0.12640636 -0.97167015 -0.76675344 -0.45669985]
-8.525514
[ 0.6005056 -1.         0.8725742  1.       ]
-8.585624
[-0.58556575  0.0476043   0.9159449  -0.631534  ]
-8.748616
[ 0.5138645  -0.49566075  0.44749868 -0.33459732]
-8.639035
[-0.39265516  0.02976082  0.31365868 -0.13526894]
-8.343534
[ 0.12691897  0.39056408 -0.18241864  1.        ]
-8.099741
[-0.26258528 -0.990637   -0.4415439  -0.02586009]
-8.314543
[0.24785598 0.5776947  0.16112888 0.9566733 ]
-8.481884
[-0.1527268  -0.12733322  0.79837006 -0.80638236]
-8.778571
[0.61180955 0.4240664  1.         0.21756141]
-8.726386
[-0.27225816  0.3764768  -1.         -0.29702735]
-8.783301
[ 0.76987875 -0.3408893  -1.          0.37193245]
-8.766636
[ 0.3976909  -0.18949066 -0.51412547 -1.        ]
-8.875474
[-0.17589152  0.18615064  1.         -0.64881766]
-8.612451
[ 1.         -1.         -1.          0.33905658]
-8.158883
[1.         1.         0.37237453 0.31451362]
-7.8532023
[ 0.30326226 -1.         -0.18686435  0.09920326]
-7.6637077
[1.        1.        0.8882367 0.3169596]
-7.4410725
[ 0.4604124   0.00920087 -1.         -0.29310685]
-7.2499223
[ 1.        -0.6969501  1.        -1.       ]
-7.0776653
[-1.         -0.90038925  1.          0.0717309 ]
-6.5288644
[ 0.11976692  0.70778555  0.72653383 -0.31625098]
-6.217185
[-0.0074039  -1.         -0.7489213   0.60210264]
-5.833789
[ 0.44448325 -0.41706526 -1.         -0.10392527]
-5.6456766
[ 0.12245578  0.8573093  -0.5516957   1.        ]
-5.366116
[ 0.8128205  -0.5914014   0.28470957  0.3484059 ]
-5.3485413
[-0.44915563  0.8908261   0.26007235  0.38361546]
-5.2117176
[ 0.48130575 -1.          1.         -1.        ]
-5.2000303
[ 1.          0.48085892 -0.7964684   1.        ]
-4.821188
[-0.46564198  0.71431524 -0.32140204 -1.        ]
-4.7248287
[0.2794574  0.35954797 0.37997052 0.30537075]
-4.4476814
[-0.85113776 -1.          0.21684858  0.45870525]
-4.2119055
[-0.23270014  0.90314525 -0.14598428 -0.8494465 ]
-4.3184586
[ 0.6290701  -0.74177307 -0.6564007   0.821922  ]
-4.1678596
[-0.8725623  -0.26279587  0.2890408   0.2910724 ]
-4.201539
[ 0.17852882  0.00162395 -1.          1.        ]
-4.306414
[ 0.32610965  0.49191314 -0.19204938 -0.03489441]
-4.587948
Episode 114: length=50, total_reward=-2.29
[1.         0.4475512  0.3949269  0.20547086]
-28.814587
[-0.7341202   0.25241762  0.00963202 -0.09557433]
-28.911892
[0.6842055 1.        0.4683669 1.       ]
-28.940434
[ 0.10391968  0.05118436  0.14756677 -0.73397124]
-29.348606
[0.2789026  0.58992535 1.         0.11216967]
-29.461342
[ 1.        -0.3368675  1.         1.       ]
-29.588543
[-0.35189983  0.14447026  0.1744297  -0.18094435]
-30.11399
[ 0.37726378  0.9885115  -1.         -1.        ]
-30.461185
[ 1.        -1.        -0.3736578  0.2716933]
-30.464008
[ 0.809054   1.        -0.3708872 -1.       ]
-30.65174
[-0.3129665 -1.         0.2231786 -0.6544474]
-30.663937
[ 0.3116043 -0.2541177 -0.975751   0.2678633]
-30.63403
[-1.          0.11544759 -0.47703505 -0.48454005]
-30.719803
[ 1.         -1.          0.09087171 -1.        ]
-30.684393
[ 0.32914844 -0.44792295  1.          0.81687075]
-30.482872
[-1.         -1.         -0.26192403 -1.        ]
-30.704754
[ 0.578354  -1.        -1.        -0.4151404]
-30.508516
[1.         0.5900366  0.07895976 1.        ]
-30.297478
[ 1.         -0.55060065  1.         -0.9372529 ]
-30.643175
[ 0.04169098 -0.90696526  1.         -0.44518164]
-30.650757
[-1.         -0.6997846  -0.8404838  -0.00547446]
-30.675858
[-1.        -0.7299981 -0.3426894  1.       ]
-30.725859
[-1.          0.88246775  1.         -0.38332745]
-30.8656
[-1.         -1.          0.02275999  1.        ]
-30.732925
[ 0.45034587 -0.478081    0.5586217  -0.20548388]
-30.755947
[ 1.          1.         -0.81553483  0.52548677]
-30.572727
[-1.         -0.3842618   0.20452619  0.0620336 ]
-30.679367
[-0.00496387  0.01208816 -0.3634953   0.48174226]
-30.631264
[-0.28979328 -0.4492841  -0.69144624  1.        ]
-30.838058
[-0.506234   -0.05336251 -0.6013831   0.80903345]
-31.178568
[ 1.          1.         -0.773078    0.44893467]
-31.267689
[-0.24256265  1.          1.         -1.        ]
-30.867508
[-1.        -1.        -1.         0.9672573]
-30.902126
[-1.         1.         1.         0.6185887]
-30.687092
[ 1.        -0.2853532  0.5575075  1.       ]
-30.555767
[ 0.93478835 -0.20342731 -1.          0.7546597 ]
-30.254005
[ 0.2810431  -1.          1.         -0.94219387]
-30.009846
[-0.81262875 -0.6106662   0.5822854  -1.        ]
-30.088802
[-0.6066565   0.8499686   1.          0.34989494]
-30.367474
[1.         0.1690236  0.15144677 0.47447607]
-30.532215
[-0.26526242 -0.8870352   0.5661818  -0.35920158]
-30.41288
[ 0.1370383  -1.          1.         -0.22064771]
-30.364376
[ 1.         -1.          0.03544059  0.39771044]
-30.464056
[ 0.37516665 -0.9074325   0.6322153   0.3395797 ]
-30.246376
[-0.32139015  1.          1.          1.        ]
-29.873203
[-1.          0.98802644  1.          0.13310157]
-29.370293
[ 1.         -0.17556126 -0.17097338  0.44945106]
-29.154018
[0.13233507 0.23071112 0.02967273 0.5936879 ]
-28.774315
[ 0.22503693  1.          0.13109346 -0.8359969 ]
-28.303493
[ 1.          0.47224304  0.18228275 -0.39977342]
-28.227009
Episode 115: length=50, total_reward=-5.43
[-0.65422016 -0.47805566  0.30221406  0.28172562]
-8.788653
[-0.15392312 -0.88437676  0.2565825  -0.7534844 ]
-8.546825
[-0.38978586 -1.         -0.6907189   0.01656304]
-8.49639
[ 0.8080429   0.48819703 -0.0738301  -0.31500548]
-8.324781
[0.1690253  0.5781886  0.64546984 0.15044032]
-8.346334
[-0.3652858   0.42166147  1.         -1.        ]
-8.368426
[-0.13028881 -1.          0.32352236 -1.        ]
-8.565893
[ 0.49901763 -0.2910127  -0.03339335  0.8257712 ]
-8.761354
[-0.3576761   0.27186862  0.4532069  -1.        ]
-8.66282
[ 0.323639   1.        -0.3836893  0.6142012]
-8.746468
[-0.00768478  0.6473625   0.9829333  -0.5269279 ]
-8.692108
[-1.         1.        -0.7363876 -0.0944822]
-8.835535
[-0.23003982  0.33358848  1.          0.9293578 ]
-9.019021
[-0.29001898  0.6728191   0.8855471   0.51583445]
-8.896979
[ 1.         -1.         -1.          0.24816987]
-8.681625
[ 0.22078864  0.247187   -0.9167012   0.36488605]
-8.373333
[-0.55017704 -0.16553581 -1.          0.04629527]
-8.145309
[ 0.8518383  0.3003815 -0.7331082  1.       ]
-8.013092
[ 1.         -0.33250377  0.0288532   0.7357157 ]
-7.7366505
[-0.18895572  0.4527685  -0.24143618 -0.19623366]
-7.420288
[-0.12474336  1.         -1.         -0.8330469 ]
-7.3296986
[-0.40341696 -1.         -0.17897522 -0.11867358]
-7.718468
[-0.2725164   0.58493996  0.56817454  0.9347344 ]
-7.884417
[-1.         -0.22804467 -0.13039775  0.18699706]
-7.8230352
[-0.05029307 -0.9960238  -1.          0.12511803]
-7.691971
[ 0.5097861  -0.2553899   0.45152593 -1.        ]
-7.5342197
[ 0.4533845   0.45929846  0.37812722 -0.13813579]
-7.8021774
[-0.3055101  -0.8424963   0.25489897 -0.86353016]
-8.008357
[ 0.14454111  0.44440976 -0.28616822 -1.        ]
-8.351471
[-0.5091723  0.7413635  1.        -0.7222798]
-8.795539
[-0.46050894 -0.25796747  1.          1.        ]
-9.271335
[ 0.14343375 -1.          0.11499131  1.        ]
-9.211001
[-0.70645297  0.7865182   1.          0.8480594 ]
-8.76031
[ 0.3749536  -0.2705906   0.53270435 -0.37314174]
-8.289863
[-0.8035498  -0.15572417  0.6352977  -0.33412087]
-8.083696
[-0.45223817  1.          0.9580426   0.29540586]
-7.9363356
[ 1.          1.         -1.          0.50595367]
-7.72059
[-0.66941905  0.06313964 -0.5511123  -0.21060225]
-7.5839195
[-0.9722141 -1.        -1.        -0.3074354]
-7.5318832
[ 1.         -0.23070319  1.          0.34365928]
-7.42393
[-1.         1.         0.6849208  1.       ]
-7.3482475
[ 0.18545331 -0.92669076  1.          0.7889843 ]
-6.8697033
[-0.57613665  0.1596066   1.         -0.31448817]
-6.260144
[ 0.11923294  1.          0.5726887  -0.15241322]
-5.8780546
[ 1.         -0.1431045  -1.         -0.26974994]
-5.5868316
[ 0.10659806  0.0687646  -0.05644169 -0.94203943]
-5.4485917
[ 1.          0.40754855 -0.94275975 -0.136161  ]
-5.6336474
[-0.03775702  1.          0.28332865  0.04460654]
-5.8421826
[-0.2513497   0.9399793  -0.7135622  -0.16989231]
-6.0025573
[ 0.9239168   0.74128586 -1.          0.50108093]
-6.160867
Episode 116: length=50, total_reward=-2.12
[ 0.352472    0.38251698 -0.38072696 -0.60810447]
-2.1551368
[ 1.         -0.43912712 -1.          0.33574456]
-2.0164726
[ 0.31669557  0.7300563   1.         -0.4471578 ]
-1.9689798
[ 1.          0.28803194  0.52607477 -1.        ]
-1.7797042
[-0.50523    1.        -1.         0.6232167]
-1.3205771
[-0.78914285 -0.87534344 -0.73938036 -0.0665231 ]
-1.2404017
[-0.1010029   0.36463496 -0.2129891  -0.46551943]
-1.1629063
[ 0.15354884 -1.          0.93856657  0.10813592]
-0.9797628
[1.         0.48131192 0.35442662 1.        ]
-0.87988937
[ 0.56051755  0.19114502 -1.          0.1537548 ]
-1.0344561
[ 0.41900805  1.         -0.62025136  0.11708324]
-1.0331208
[-1.         -1.         -0.6472618   0.42789873]
-0.98882735
[ 0.7618551  -1.          0.43495214 -0.4172405 ]
-1.1303718
[-0.14422263  1.         -1.          0.2631121 ]
-0.9142549
[-0.59334207  0.3584457   0.6934205  -1.        ]
-0.7686576
[-0.29115948 -0.73582447 -0.1018182  -0.44901514]
-0.4838622
[-1.          0.49669024  0.979139   -0.08168745]
-0.14861745
[ 0.0250127  1.        -1.         1.       ]
-0.061651956
[0.46517995 0.2353447  0.36559212 1.        ]
-0.30166292
[ 0.21097969 -0.8813577   0.5113856   0.40133375]
-0.65101254
[ 0.2815177  -0.56082195 -0.19044764  1.        ]
-0.8763656
[-1.          1.         -1.          0.99544823]
-1.2122111
[-1.         -1.         -0.60279554 -0.6094967 ]
-1.7852783
[ 0.0770424   0.3335414   0.21436669 -0.00268769]
-2.1161888
[ 1.         -0.75297666  0.63603175  0.20936893]
-2.2303243
[ 0.4905483  -1.          0.61454767 -1.        ]
-2.3422189
[1. 1. 1. 1.]
-2.118859
[-0.6782136  -1.         -0.11832872 -0.26994216]
-2.2990367
[-0.89296246 -0.56634206 -0.83133066 -1.        ]
-2.2983212
[ 0.67869407  0.5529512  -0.8771781  -1.        ]
-2.1637866
[-0.07185316 -1.          0.24970765 -0.38353622]
-1.7934371
[-1.          0.0237607   1.         -0.57068825]
-1.5378381
[-0.02639413  0.5739106  -1.         -0.45407733]
-1.3394885
[ 0.36172798  0.86988103 -1.          0.85883296]
-1.1554961
[ 0.227866    0.56806815  0.7632045  -1.        ]
-1.3560538
[-0.7586617  -0.02863154 -0.9192241  -1.        ]
-1.1887984
[ 1.          0.05236858  0.37785494 -0.12272783]
-0.9145745
[-1.        -0.6906608  0.6338763  1.       ]
-0.7105551
[ 0.01255105 -0.2451618   1.         -0.02785581]
-0.9971578
[-0.57535434  0.10589573  0.14701387 -0.73390746]
-1.2512642
[ 1.        -0.5845538 -0.3339454  0.2368404]
-1.3041358
[ 0.3706295 -1.        -0.6614547  1.       ]
-1.3921552
[-0.15780634  1.         -0.55163574 -1.        ]
-1.6968204
[-1.          0.06356315 -0.9995921  -0.65386295]
-1.6233302
[ 1.          0.66055125  0.30542526 -0.0149058 ]
-1.4433436
[ 0.5870412 -1.        -1.        -1.       ]
-1.3320738
[ 0.5342618   0.4024099  -0.00676121  0.47702697]
-0.9831579
[ 1.         -0.2538278  -0.06189106  0.34436354]
-0.8639153
[-0.22658414  0.33612296  1.         -1.        ]
-0.70977783
[-1.          0.95066375 -1.         -0.8241001 ]
-0.24943025
Episode 117: length=50, total_reward=-1.79
[ 0.21062745 -0.18264821  0.8907025  -0.5316405 ]
-16.061075
[-0.7292515  -0.05234448 -0.97619736  1.        ]
-16.206545
[ 0.03257143 -1.          0.98142785  0.08386924]
-15.957293
[ 1.        -1.         0.0932638 -1.       ]
-15.785116
[-0.86193013  1.          1.          0.69093204]
-15.842566
[-1.          0.09935012  1.          0.9639678 ]
-15.761045
[-0.11934938 -0.7846805   1.         -0.7348596 ]
-15.515474
[ 0.2680742  -0.88379276  0.60319185 -0.1644342 ]
-15.50187
[-1.         -1.          0.26737309 -0.88320416]
-15.347828
[ 0.2888233  -0.01579277 -0.5016246  -0.41787472]
-15.356583
[ 0.08428992 -0.67165637  0.05112708  0.6280837 ]
-15.415262
[ 0.03547169 -1.         -0.02101976 -1.        ]
-15.157837
[-0.9510637 -1.        -1.        -1.       ]
-15.201673
[ 0.8532481  -1.         -0.5548848   0.11932411]
-15.310115
[ 0.20328107  0.4720166  -0.798452   -0.3987693 ]
-15.129246
[ 0.29057008  0.43583298 -0.5640311  -1.        ]
-15.0683155
[0.5811049  0.64253163 0.45885074 0.0503597 ]
-15.324525
[-0.01369488  0.95635504  0.43970305 -1.        ]
-15.3509655
[-0.9307139   0.08831085 -1.          1.        ]
-15.656537
[ 0.30687088 -1.         -1.          0.8805357 ]
-15.519427
[-1.        -1.         1.        -0.5661676]
-15.049889
[ 0.10538001  0.04578015 -1.         -0.1737414 ]
-14.756416
[ 0.9871923 -1.        -0.762262   1.       ]
-14.63488
[0.6348082  0.30226752 1.         1.        ]
-14.224808
[ 0.24128595  0.8789164  -0.7373601  -0.67348075]
-13.695411
[-0.36147892 -0.97853744  1.          0.851661  ]
-13.505029
[ 0.42774963  0.30857632 -0.9446977   0.61654276]
-13.035397
[ 1.        -0.1833181 -0.4017825 -1.       ]
-12.620739
[-0.2219127 -1.         1.        -0.463376 ]
-12.621788
[1.        0.9825773 1.        0.8169448]
-12.677955
[-1.        -0.5286299  1.        -0.6005265]
-12.571744
[ 0.12004171  0.05658762 -0.10902493 -0.7306046 ]
-12.506422
[ 0.3479123  -0.02300616  0.6069178  -1.        ]
-12.605995
[-0.2390392  -1.          0.4308744  -0.39904478]
-12.983874
[ 0.40250605  1.         -0.5393519   1.        ]
-13.186106
[ 0.06931164  0.38793603 -1.         -0.996361  ]
-13.029121
[ 0.73665684  0.43304294  1.         -0.7838186 ]
-13.192104
[ 0.3937634  -0.83257836  0.4364278   0.24526298]
-13.399385
[-0.28002876 -0.74574864  0.49198642  0.16941494]
-13.411535
[ 0.4765443  -0.5336446  -0.77063745 -0.28521615]
-13.336381
[ 0.45276487 -1.          0.20888726  1.        ]
-13.359937
[ 1.          0.14079958 -1.          0.56522983]
-13.11479
[-1.        -1.         0.4664572  0.9845974]
-12.802185
[-0.32565355  0.79534364  0.787472    0.8347014 ]
-12.135381
[-1.        -0.5051283 -0.7284701 -1.       ]
-11.563353
[-0.667194   -0.05266375 -0.45243448  0.8479856 ]
-11.35911
[-0.30102462  0.34336644 -0.4398732  -1.        ]
-10.948514
[ 0.2580862   1.         -0.8851792  -0.34733725]
-10.970158
[ 0.9749444  -1.         -0.5618266   0.47431278]
-11.031188
[ 0.7461404  -1.          1.          0.38267624]
-11.058792
Episode 118: length=50, total_reward=-3.64
[ 1.          0.48442954 -0.31946814 -0.9626527 ]
-30.1585
[ 0.94000274  0.19915585 -0.23236853  0.12682688]
-30.045519
[ 0.19820258  0.8473961   0.4922195  -0.94218236]
-30.116398
[-1.          0.08462349  0.41678718  0.73240757]
-30.000591
[ 0.22969064 -1.          0.51168483 -0.42616844]
-30.204094
[-0.18916652  1.          0.3532601   0.87880933]
-30.240196
[-1. -1. -1. -1.]
-30.569899
[ 1.         -0.2602877  -0.43791807 -0.14930578]
-30.427773
[ 0.10770821  0.6367218   1.         -0.42553878]
-30.462225
[-0.17684115 -1.          1.         -1.        ]
-30.389656
[ 0.15655492  0.20420569 -0.48532936  1.        ]
-30.086985
[ 0.26442814 -0.56337786  0.6546886  -0.06246211]
-30.187273
[ 1.         -1.         -0.68900526 -1.        ]
-30.279518
[-0.91710496 -0.74301106  0.7144798  -0.5963093 ]
-30.206673
[0.17807305 1.         1.         0.44378564]
-30.04159
[ 0.5842476   0.14207971 -1.          1.        ]
-30.039015
[1.        1.        0.9304299 1.       ]
-30.372744
[-1.          0.6803987  -0.84781224  0.10123897]
-31.02771
[-1.         -0.34992015 -1.          1.        ]
-31.408606
[-0.4984998  0.2323763 -1.        -0.570569 ]
-31.077452
[ 1.         -1.          1.         -0.49383426]
-31.177437
[ 1.         -0.36623043 -1.         -1.        ]
-31.339876
[ 2.2770903e-01  1.9833446e-04 -1.0000000e+00  5.4645038e-01]
-31.313684
[ 0.75204676 -0.00786395 -0.3143248   0.2631826 ]
-31.364355
[ 1.         -1.          0.14773938  0.21807878]
-31.13129
[-0.08459887 -1.          0.34305108  1.        ]
-30.758621
[-1.         -0.43868244 -0.23865084 -0.06525696]
-30.119926
[-0.3172032  -0.0447612   0.4202186   0.35016152]
-29.710043
[-0.24958901 -0.71064967  0.6594743  -1.        ]
-29.340517
[ 0.12231755 -0.7755906   0.45888    -0.54864657]
-29.333399
[ 0.8318692   0.17985862  0.3915044  -1.        ]
-29.479877
[ 0.3660721 -1.         0.3745668  0.4913916]
-29.629974
[-0.99571365  0.47049037 -0.15231085 -0.67866844]
-29.542826
[ 0.03173041  0.8929199   0.43429852 -0.04708395]
-29.67767
[ 0.08435798  0.78763014  1.         -0.6943075 ]
-29.725
[ 0.40997127 -0.83115816  0.00249846  1.        ]
-29.833206
[ 1.         1.        -0.4807452 -1.       ]
-29.521832
[ 0.7831376 -0.5724959  1.        -1.       ]
-29.45339
[-1.        -1.         0.6049968  1.       ]
-29.570171
[-0.9199956  1.         1.        -0.5648914]
-29.415176
[ 1.         -0.50741845 -0.4712087   0.49880362]
-29.515135
[-1.         -0.30069917 -1.          0.6601192 ]
-29.242895
[ 0.21509369  0.221962   -0.14223194 -1.        ]
-28.921211
[ 1.         -0.296606    0.8839024  -0.17784728]
-28.969906
[ 1.         -0.61579984 -0.12015113 -0.4873582 ]
-28.831066
[ 1.  1.  1. -1.]
-28.671326
[-0.87957376  0.08536123 -0.1064512   1.        ]
-28.469448
[1.         1.         1.         0.18976381]
-27.967
[-0.40406102  0.342404   -0.8934437  -0.77966344]
-27.53026
[-1.          0.6080848   0.15500756  0.55370486]
-27.49142
Episode 119: length=50, total_reward=-4.99
[ 0.06576779  1.         -0.13382755  0.7481196 ]
-5.774365
[ 0.0628645  -0.14175135 -0.7762783   0.50264066]
-6.002527
[ 1.         -0.13766025  1.         -1.        ]
-6.333972
[-0.03859396  0.15033457 -0.7096691  -0.76986736]
-6.1187944
[-0.5183914  -1.          1.          0.47855097]
-5.7923803
[ 0.3634138 -0.4300822 -1.         1.       ]
-5.7808123
[-1.          0.07582414 -0.13409457 -0.2164052 ]
-5.9320745
[-0.11657183  0.6935793  -0.34242764 -0.16594782]
-6.042004
[-0.20467876 -0.3800298   0.52569985 -0.21403615]
-6.193182
[-0.30709174 -0.68386817 -0.48175862  0.43514156]
-6.2149196
[0.7470331  0.8237387  0.58491385 0.81971693]
-6.2100897
[-0.346784   -0.4426069   0.5474935  -0.26085657]
-6.3654284
[ 0.353486   1.        -0.9696375  1.       ]
-6.4466677
[ 0.21856458 -1.         -0.10354494 -1.        ]
-6.8038373
[ 1.         0.7489768 -0.5313379 -0.5677458]
-6.6213517
[ 1.         -0.28399336 -0.99797004 -0.04406348]
-6.272407
[-1.         1.         1.         0.0723526]
-5.984126
[ 1.       -0.681556  1.       -1.      ]
-5.8686023
[-0.5730094   1.          0.994934    0.16235463]
-5.4194646
[ 0.99826944  0.20594008 -0.47704035 -0.84705573]
-5.2010174
[ 0.54009    -1.          1.         -0.20948753]
-4.7899556
[-0.8198208   0.63870937  0.38825276 -1.        ]
-4.3394203
[ 0.6098257   1.          0.74021995 -1.        ]
-3.8916566
[ 1.         -0.47764885  0.7765993  -0.542596  ]
-3.265975
[-0.57128674 -1.          1.          0.6264228 ]
-2.5061507
[-0.28548926 -0.37602597  0.04166434 -0.44364145]
-2.240753
[ 0.06272547  1.         -0.00192042  0.1244764 ]
-1.9324017
[-0.6172222  -0.24612379 -0.31724322  0.2256252 ]
-1.661153
[ 1.          1.          0.04805459 -0.76015747]
-1.6415311
[ 0.19431286  0.3160777   0.3664855  -0.27634558]
-1.1805588
[0.07234575 1.         1.         0.5858129 ]
-0.7435569
[ 0.70223176 -0.5014707  -0.08175606 -1.        ]
-0.6094515
[-0.2065198  -1.         -0.56126547 -0.3192429 ]
-0.0065582534
[ 0.371761   -0.41273788  0.76123    -0.6033556 ]
-0.49722925
[ 0.25611743  0.9095297  -0.394615    1.        ]
-1.0177345
[-0.38388944  0.43100905 -1.         -0.08347473]
-1.1727257
[1.         0.51149017 0.16549315 1.        ]
-1.3578575
[ 1.          0.47587746 -1.         -0.55726635]
-1.5199103
[-1.          1.          1.         -0.90166354]
-2.118579
[ 1.          1.         -0.80314046 -0.27435827]
-2.8000548
[-1.          0.492123   -0.54967517 -1.        ]
-3.5385842
[-0.507717   -0.08622192  0.0905091  -0.11173454]
-4.25723
[ 0.41539812 -1.          0.25627995  0.39369637]
-4.7773876
[1.         0.42063022 0.15238342 0.09299751]
-5.052021
[ 0.07179968 -0.82902217 -0.13450685 -0.8596101 ]
-5.4265285
[ 0.9895227   0.90246034 -0.29766026 -0.15452099]
-5.9027977
[ 1.         -0.4406341  -0.7020639   0.37330714]
-6.4636827
[ 0.517542    0.3448929  -0.81647134  1.        ]
-7.084661
[ 0.1909993   0.38912004  1.         -1.        ]
-7.4753447
[-0.12406421  1.         -1.          0.26805454]
-8.136383
Episode 120: length=50, total_reward=-1.78
[ 0.8499936  0.3178274  1.        -1.       ]
-4.146269
[ 1.          0.97007805 -0.41414487 -0.13189796]
-3.7144783
[-0.13265969 -1.          0.8531432  -1.        ]
-3.2277524
[-1.        -0.7493411 -0.9544278  1.       ]
-2.5845041
[ 0.45461947  1.          0.22522405 -0.09259669]
-2.4709888
[ 0.1698079   0.97861725 -0.11886995 -0.53121865]
-2.3981662
[-0.35781896 -0.93772703 -0.3066069  -0.21981144]
-2.1156118
[ 0.18576467 -0.66833234  1.         -0.82448953]
-2.0138595
[-0.48158148 -0.9804207   1.          0.6604195 ]
-1.6889381
[ 0.39259312  1.         -0.15113159 -1.        ]
-1.5914632
[-1.          0.20805866  0.01775609  0.69192696]
-1.1341052
[ 1.         -1.          0.5942693   0.76361823]
-1.2748678
[ 0.30868077 -1.          0.0216874  -0.97135806]
-1.5786601
[-1.         -0.79957384 -0.14119062 -0.5359089 ]
-1.4244275
[ 0.77740765 -0.4598297   1.         -1.        ]
-1.2106233
[-0.38750872 -0.9097039   0.14511335  0.08865735]
-0.8377752
[ 0.03324679  1.          0.09814926 -0.8509588 ]
-0.66090214
[0.32955003 0.46572185 1.         1.        ]
-0.35896444
[0.7381837 1.        1.        0.9761225]
-0.49263602
[ 1.         1.         1.        -0.5148574]
-0.7423791
[-1.         1.         0.6529788 -1.       ]
-0.6453048
[ 1.          0.09830619 -0.11880215 -0.72919273]
-0.34961843
[-0.50725454 -0.8870371   0.13460128  0.85106874]
-0.22956648
[-0.6045489  -1.         -0.16191429  0.7753924 ]
-0.32975465
[ 0.26124495 -0.3929095   0.7598734   0.08884109]
-0.2021913
[-1.          1.         -0.24359441 -0.23675871]
-0.11525444
[-1.          0.9694112  -1.         -0.05783077]
-0.056158803
[-0.64115655  0.34022135  1.          0.30474675]
-0.18873847
[-0.12648767 -1.          0.08455345  1.        ]
-0.45448905
[1.         0.14776269 0.5640209  1.        ]
-0.97374034
[-0.20927316  0.46630102  0.02358637  0.77487326]
-1.5468698
[ 1.          0.92485684  1.         -0.17335382]
-2.196364
[ 0.13101362  0.16800891  0.4011883  -0.63454145]
-2.484416
[-0.5562701   0.63558614 -1.          1.        ]
-2.4795098
[ 0.49318004 -0.6292941   1.         -0.97706944]
-2.7065077
[ 0.6364903   0.67492276 -1.         -0.1834473 ]
-2.5739899
[ 0.66660064 -0.89795095 -1.         -0.33464253]
-2.425384
[ 0.55325806 -1.         -0.11281817 -0.12963642]
-2.049894
[-0.7026675  -0.03407987 -1.         -0.3240764 ]
-1.7472029
[-0.08253403  1.         -0.49464336  1.        ]
-1.3779261
[-1.        -1.         0.9774032  1.       ]
-1.3537838
[-0.85991013 -0.09918971 -0.9999609   0.11389713]
-1.7201806
[-1. -1. -1.  1.]
-2.1183057
[ 0.1092529  -0.17235148  1.          1.        ]
-2.6983204
[-0.22067662 -0.35259143 -0.5905397  -0.2937292 ]
-3.3192282
[-1.        -0.996543   1.         0.4690005]
-3.5754905
[ 1.         -1.          0.69533783  1.        ]
-3.9140012
[-0.13045251 -0.13541134 -1.          1.        ]
-4.236701
[-0.6982938  -1.          1.         -0.18420163]
-4.6700115
[-0.43820295  0.23318645 -0.18162242  0.22563964]
-4.9449177
Episode 121: length=50, total_reward=-1.11
[-0.07596079 -0.24045046  1.          1.        ]
-27.27845
[-1.          1.          0.07792568  0.49763364]
-26.87038
[-0.32472372 -0.55630964 -0.66632694 -0.23408337]
-26.73129
[-1.         -0.36605516  0.13348708 -1.        ]
-26.709763
[ 0.47946435  1.         -0.32598963  0.13689983]
-27.05915
[-0.7307527 -1.         1.        -1.       ]
-27.310738
[ 0.3192492   0.4200824  -1.         -0.22288942]
-27.807705
[-0.05992982  0.6849588   0.9826603   0.02478372]
-28.233849
[-0.35849357 -1.          1.         -1.        ]
-28.662487
[ 0.8437617   0.6518036  -0.4125468   0.52900696]
-29.101913
[ 1.          1.          1.         -0.14757788]
-29.235458
[ 0.4156614  -0.29981336  0.91897166 -1.        ]
-29.172123
[-0.2705258  1.         1.         0.8146016]
-29.287262
[ 1.          0.6320165  -0.25806558  0.5210668 ]
-29.178484
[ 0.7901206   0.20982572 -0.36274347 -1.        ]
-28.893251
[-0.02465038 -1.         -0.34520447 -0.98387694]
-28.91757
[-0.50210893  0.9724357  -1.          0.8009584 ]
-29.146273
[-1.          0.03582419 -0.43422002  0.5298254 ]
-29.11006
[ 0.6859705 -1.         0.3326476 -1.       ]
-29.041616
[-1.          0.95585626  0.48919332 -0.18120165]
-29.203623
[ 0.23640119  0.9947039  -0.22001073  0.2238136 ]
-29.471586
[-0.46588928 -0.60884964 -0.02987031  0.7797473 ]
-29.655369
[ 0.8784135  -0.16414864  0.01600753 -0.46843815]
-29.600803
[-1.         -1.         -0.534573   -0.86918527]
-29.7054
[ 1.          0.6512699  -0.6772481   0.46135673]
-30.168655
[-0.11988094 -0.17888276  1.          0.13637486]
-30.264824
[ 1.          0.15932974  0.40450698 -0.8044725 ]
-30.206366
[ 1.          0.77474403  1.         -0.38656974]
-30.342667
[-0.9382605   0.31953377  0.46151826  0.78718793]
-30.418007
[-1.        -1.         0.62844    0.6444992]
-30.32943
[-0.19925089 -1.         -0.567666   -0.6995143 ]
-30.20835
[-0.40422523 -0.2904448   0.13805567 -1.        ]
-30.271797
[-0.74933726 -1.         -0.58429956  0.36617413]
-30.630367
[ 1.          0.4263286   0.40668857 -0.3708687 ]
-30.95229
[ 1.         -0.7009206  -0.64254177 -1.        ]
-31.216105
[-1.         -0.19640419 -0.70632017  1.        ]
-31.225264
[ 0.16646172 -0.8912204   1.          0.11732253]
-31.259985
[ 0.82530314 -0.10783592 -1.         -0.58316296]
-31.244328
[ 0.22995073  1.         -1.          0.18734728]
-31.235216
[-0.20420098 -1.          1.         -0.16828376]
-31.31926
[-0.16047296 -1.          0.5230696   1.        ]
-31.413813
[-0.8924679  -0.2250736   0.74810106 -0.76426774]
-31.093712
[ 0.01391205 -0.8297267   0.0812223  -0.679808  ]
-31.204107
[ 1.          0.5845232  -0.78883237 -1.        ]
-31.346733
[-1.          0.63031673  1.          1.        ]
-31.046001
[ 0.7339749  -0.23688996  0.7765329   0.59796697]
-31.009409
[ 0.18515888 -0.81522286 -0.23188686 -1.        ]
-31.25187
[ 1.         0.9175266 -1.         0.6282284]
-31.155996
[-0.28841674 -1.         -1.          1.        ]
-31.407852
[ 0.37579668  1.          0.29540658 -1.        ]
-30.998695
Episode 122: length=50, total_reward=-4.76
[ 0.18820135 -0.05994009  0.5541744   1.        ]
-23.77985
[ 1.         -0.16621098  0.5638132  -0.05389331]
-24.000006
[ 0.16229022 -1.          1.          0.40152305]
-24.173527
[-1.         -0.05865961 -1.         -0.5622443 ]
-24.372349
[-1.          1.         -0.38801637  0.33000085]
-24.297018
[ 0.3895881   0.75837237 -1.          0.6145028 ]
-24.359169
[ 0.05914194  0.28102204 -0.01855205 -0.28402686]
-24.520712
[ 0.4617821 -1.        -1.         0.4156217]
-24.484024
[ 0.23237258 -0.11195456 -0.90922624 -0.47555813]
-24.534359
[ 1.         -1.          0.68183184 -0.53692985]
-24.471092
[ 1.         -0.69286156  0.25409147 -0.97231084]
-24.336786
[1.         0.9728182  0.94476306 0.6065562 ]
-24.068718
[-0.1950792  -1.         -0.49673703  0.92375344]
-24.328175
[-0.9293273   0.5188131  -0.01027537  0.328477  ]
-24.685593
[ 1.          0.47304145 -0.67765343 -0.50442433]
-25.043526
[ 0.8175951  -0.12872382 -1.         -0.34963882]
-25.235996
[-0.15234402  0.02294725 -0.56545657  0.416405  ]
-25.421143
[-0.14979285 -0.11241098 -0.74525696 -0.26167282]
-25.81029
[-0.09743863  0.5361592  -1.          1.        ]
-25.972368
[-1.         -0.82942486 -0.89191175  0.7762689 ]
-26.424963
[-0.04375251  0.64952767  0.22457334  0.37552404]
-26.782124
[-1.          0.30717462 -0.41886783  0.80893826]
-27.166134
[-0.8572347   0.21210614  1.          0.65609646]
-27.58673
[ 1.         -0.52004    -0.15454982 -0.24623683]
-27.88876
[-0.2125189   0.05338526  0.12824795 -1.        ]
-28.141266
[ 0.9462969  -0.67290044  0.29986897  1.        ]
-28.012825
[ 1.         -0.67166466  0.1964539  -0.9447385 ]
-28.402275
[-1.          0.75295365  0.22082579  0.8219743 ]
-28.506866
[-1.         -0.2168692   0.46207026  0.35303426]
-28.659233
[-0.42463833  0.40238371  1.         -0.02506384]
-28.847202
[-0.87872374  0.42688566  0.24997514 -0.3537082 ]
-28.97034
[ 0.56179285 -0.5695424  -0.16512056  0.269393  ]
-28.921589
[ 0.19237018 -0.19215718 -0.18969187  0.05868893]
-28.968159
[ 1.         -0.08688523 -1.          0.87809074]
-29.044395
[ 0.04683596  1.          0.27533776 -1.        ]
-29.440063
[ 1.         -0.33461797 -1.          0.9526087 ]
-29.435066
[ 0.48168606  0.34767252  0.48123935 -0.89899105]
-29.83702
[ 1.         -0.15801743 -0.14402255 -0.9442521 ]
-29.968105
[-0.1874506   0.52541924 -0.0491413   0.44069985]
-29.988476
[-0.27533162  0.20226896 -0.48914838  0.30249178]
-30.100742
[ 0.32083598 -0.5879564  -1.         -0.38495296]
-30.272205
[ 0.7329519  -0.6320792  -1.         -0.86919606]
-30.302713
[-1.         -0.7629188   0.6867386  -0.10949787]
-30.135878
[-0.40655136 -0.08536983 -0.25025454  0.6763806 ]
-29.935623
-----------------------------------------
| time/                   |             |
|    fps                  | 588         |
|    iterations           | 3           |
|    time_elapsed         | 10          |
|    total_timesteps      | 6144        |
| train/                  |             |
|    approx_kl            | 0.009950487 |
|    clip_fraction        | 0.0883      |
|    clip_range           | 0.2         |
|    entropy_loss         | -5.63       |
|    explained_variance   | 0.522       |
|    learning_rate        | 0.00025     |
|    loss                 | 0.0622      |
|    n_updates            | 20          |
|    policy_gradient_loss | -0.0119     |
|    std                  | 0.985       |
|    value_loss           | 0.173       |
-----------------------------------------
[-1.         -0.06226058 -1.         -0.6023724 ]
-29.998775
[ 1.         -1.          0.38184768 -1.        ]
-29.812733
[ 1.        -1.         0.9484763 -0.588231 ]
-29.561172
[ 1.         -0.43408886 -0.8920052   0.53630084]
-29.360939
[-0.28278616  1.          1.         -0.605524  ]
-29.519554
[-1.         -0.84190273 -1.          0.67328763]
-29.568295
Episode 123: length=50, total_reward=-4.82
[ 0.2461111   0.98607963 -1.         -0.8454068 ]
-21.17446
[ 0.26902458 -0.13743673  0.47986788 -0.5049302 ]
-21.081266
[ 0.864983   -0.3270604  -1.         -0.26216066]
-20.960464
[-0.5552647   1.          0.90529037 -0.7232943 ]
-20.91485
[ 0.44281614 -0.51203513  1.          0.76362056]
-20.776176
[ 0.06880423  1.          1.         -0.08404802]
-20.9587
[ 0.61526793  0.13211054 -0.06177539  1.        ]
-21.26997
[ 0.3483051   1.         -1.          0.16685572]
-21.677437
[-1.         -1.         -0.92338437 -0.854134  ]
-22.126846
[ 0.8698152  -0.1700669  -0.2459831   0.94726044]
-22.13108
[ 1.         -1.          0.44802916 -1.        ]
-22.34601
[-1.         -0.7747983   0.17909807  0.35499582]
-22.320423
[ 0.26040602  0.8609444  -0.25005752 -1.        ]
-22.299318
[-0.8038117   0.18863988 -1.          0.3936909 ]
-22.084408
[ 0.87615585  0.48498994 -0.10048461  1.        ]
-22.079163
[ 0.1813927 -0.3371784  0.9401976 -1.       ]
-22.263355
[-1.         -1.         -0.30070674  1.        ]
-22.270203
[ 0.31895575 -1.          1.          0.9371151 ]
-22.45513
[-0.38786358  1.          1.         -0.11668749]
-22.805147
[ 1.         1.        -0.9456681 -1.       ]
-23.038063
[-0.39923987 -0.9871089  -0.47813916 -1.        ]
-23.036709
[ 1.          0.59402347  1.         -0.9482795 ]
-22.662468
[-0.02918394 -0.6555337  -0.83635557 -0.13698086]
-22.239447
[-0.10522103  1.         -0.7334081  -0.7375006 ]
-21.97092
[ 1.        -1.         0.4651538 -1.       ]
-21.748991
[ 0.6295245  -0.04465254 -0.26899567  0.3783154 ]
-21.480598
[ 0.32947958  0.80316657  0.03858392 -0.09284278]
-21.539867
[ 0.30896622  1.         -1.         -0.12600014]
-21.74367
[-0.17679855  1.          0.35418534 -0.97576517]
-22.03289
[ 0.5585886 -0.6535307  1.        -0.7666512]
-22.147837
[ 0.07296336  0.90119094 -1.         -0.22416013]
-22.056026
[ 0.05886006 -0.56258297  0.7205613  -1.        ]
-22.10638
[ 0.7175621  0.5668016 -1.         1.       ]
-21.957111
[ 0.15090916 -0.8533845   0.62598336  0.2705598 ]
-22.453232
[ 0.7150137   0.14978163 -1.          0.6585552 ]
-22.921696
[-0.7594805   1.         -1.          0.29569465]
-23.47291
[-0.37677604  0.7267613  -0.54298735 -0.28723276]
-24.15266
[ 0.29476345  1.         -1.         -1.        ]
-24.638977
[ 1. -1. -1.  1.]
-24.884815
[-4.4950530e-01  6.7526758e-01 -1.0000000e+00 -6.4758956e-04]
-25.447523
[0.4860435  0.94553894 1.         0.69460344]
-25.80847
[ 1.         -1.          0.04164967 -0.72388536]
-26.321947
[ 0.36627507  0.764219   -0.9349947  -0.18720028]
-26.71343
[ 0.4875208  -1.          0.26577717 -0.5628851 ]
-27.06401
[ 0.838451   -1.         -0.53666925 -0.15097564]
-27.283394
[ 0.9375394  -0.2128066   0.2593382  -0.41382927]
-27.669617
[-0.01809233 -1.         -0.2018387   0.07074215]
-28.159998
[ 1.         -1.          0.44516733 -0.583428  ]
-28.682785
[-0.76113915  0.38056666  0.7451344  -1.        ]
-29.171019
[-0.11753055 -1.         -0.08786493  0.8948493 ]
-29.23646
Episode 124: length=50, total_reward=-4.23
[-0.7403631   0.31586272  0.5906688   1.        ]
-7.5329685
[ 1.         -0.02505004  0.8800259   0.5996044 ]
-7.8756995
[ 0.03749237 -1.          0.26072347 -1.        ]
-8.02987
[-1.        -0.4508984  1.        -0.9815712]
-7.688565
[-0.9158192   0.82145286 -0.9898044  -0.44691652]
-7.2202444
[-0.5141251  -1.         -0.32642284  0.05264027]
-7.0903683
[-0.3368672  -0.7049167   0.11245573  1.        ]
-7.0830965
[ 0.26328903 -0.6275036   0.6585738   0.4326993 ]
-7.3713584
[-0.4764968  -0.7915701   0.3171619  -0.62850904]
-7.5059223
[-1.          0.66403854 -0.77544737 -0.6061302 ]
-7.3808384
[-0.28912243 -1.         -0.5460838   0.51366526]
-7.2986507
[-0.29746437 -1.          1.         -0.26940984]
-7.287407
[ 1.         -1.         -1.          0.64286083]
-7.1155076
[1.         0.01278283 1.         0.7868735 ]
-7.0456176
[ 1.         -0.8589163   0.29219735 -1.        ]
-7.1012597
[ 1.         -0.04785189  0.4435448  -0.4522673 ]
-6.7329316
[-0.5671662   1.          0.88516396  0.50730735]
-6.1800585
[ 0.09883081  0.62096906 -0.58342934  0.84959054]
-5.9173117
[ 1.         -0.47667557  0.327451   -0.59776163]
-5.865494
[ 0.49428645 -1.          1.          1.        ]
-5.5078287
[ 0.08245192 -1.         -0.1112418  -1.        ]
-5.3389425
[ 0.32910305  1.         -0.24996765 -0.8725212 ]
-4.8429604
[-0.72023535  1.          1.         -0.9783234 ]
-4.177935
[-1.          0.04916521  0.31114364  0.70064706]
-3.6589794
[-0.27691472 -0.35913572  0.41063422  1.        ]
-3.6560562
[ 1.         -0.44461462 -0.90947926 -0.5120985 ]
-3.9246354
[ 0.827638   -0.5611185  -0.4580481  -0.05563604]
-3.7330797
[ 0.37616736 -1.          1.          1.        ]
-3.4610543
[-1.          0.41805178  1.         -1.        ]
-3.427599
[ 0.75112003 -0.45600295 -1.          1.        ]
-3.1351316
[-0.9614743   0.05519491  0.7015015  -0.43007886]
-3.0260837
[-0.35434592  1.         -0.88533604  0.51508534]
-2.8471124
[-0.07062405  0.43687028  0.9416623   1.        ]
-2.8682694
[-0.19858667 -1.          1.          1.        ]
-3.0342808
[-7.3351711e-04 -1.8872645e-01  1.0000000e+00 -2.3585483e-02]
-3.3421788
[ 1.          1.         -1.          0.04983189]
-3.5406337
[-3.3695437e-04  1.0000000e+00  1.0000000e+00 -1.0000000e+00]
-3.6050491
[-0.933447   -0.16401231 -0.9534639   0.4342147 ]
-3.3481536
[-0.56573945  0.19664991 -0.12714642 -1.        ]
-3.2505357
[1.         0.4162558  0.87065554 0.6262725 ]
-3.0215588
[-0.02867652 -0.14222619 -0.7732665   0.47957128]
-3.0759418
[ 1.          0.20953554 -1.          1.        ]
-3.3139644
[-0.2555745 -0.715108   0.3123649 -0.2810926]
-3.6329155
[-0.97891587  1.         -0.13782085  0.760916  ]
-3.7248638
[-0.2254889   0.00390159 -0.89751536  1.        ]
-4.051893
[ 0.7337099   0.6631269   0.62100077 -0.10017269]
-4.402459
[-1.          0.61905015  0.37267718 -0.7405836 ]
-4.3785734
[-1.          0.17699699  0.40467542  0.10386464]
-4.3679266
[-0.3575707  -0.30845413  1.          1.        ]
-4.60922
[-1.          0.6623882   0.72670287 -0.6071301 ]
-5.186102
Episode 125: length=50, total_reward=-1.16
[ 1.         -1.          1.          0.75669783]
-26.322899
[ 0.2269442 -1.        -0.9843441  1.       ]
-25.934935
[-0.61301816  0.5301729  -1.          0.03741534]
-25.260681
[ 1.          0.01900841 -0.82293755 -0.31659055]
-24.849407
[1.         0.54977006 1.         0.8003833 ]
-24.514162
[-0.67370605 -1.          0.97985035  0.8291388 ]
-23.978636
[ 1.          0.88700676 -0.8042584   0.5163145 ]
-23.369177
[1.         1.         0.03868802 0.8509502 ]
-22.840424
[-0.14524725  1.         -1.          1.        ]
-22.141495
[1.         1.         1.         0.31090695]
-21.483704
[-0.4801085  -0.75040007 -0.48302633  1.        ]
-20.990967
[-1.         -0.8031945  -0.6901283  -0.76636213]
-20.35655
[-0.37628636 -1.         -1.         -0.14722794]
-20.095497
[ 0.9299611  -0.6671129   0.76764435 -1.        ]
-20.001034
[-1.         0.8167675  1.         1.       ]
-19.983458
[ 1.         -0.01266873  0.06621072  1.        ]
-19.832453
[-0.3518177  1.         1.         1.       ]
-19.301886
[-0.7391119 -0.0199821  1.         1.       ]
-18.820967
[0.39070287 1.         1.         1.        ]
-18.243025
[-0.7236567  -1.         -0.21324259  1.        ]
-17.673515
[ 0.5397553   1.         -0.43983603 -0.0830905 ]
-17.000202
[ 0.02195219 -0.21432841  0.21631746 -1.        ]
-16.663391
[-0.33272508 -0.08158119  0.21014497 -0.29599512]
-16.642326
[-0.49869284  1.          1.         -0.7113661 ]
-16.597437
[0.22960165 1.         0.89252144 1.        ]
-16.728949
[-1.        -1.         1.         0.6774175]
-16.79623
[-0.68349093  0.06400474  0.05193615  1.        ]
-16.582434
[1.         1.         0.8275086  0.09499359]
-16.188787
[-1.         -1.         -0.42842796  0.39323527]
-16.042088
[ 0.49157578  0.3697728  -0.5630402   0.3427523 ]
-15.864386
[-1.         -0.95633477 -0.6963942   1.        ]
-15.712542
[ 0.52265286 -0.08132034 -0.28236166  1.        ]
-15.161079
[-0.20062172 -0.38955063  1.          1.        ]
-14.516186
[-0.7340092   1.          0.8908756   0.46382022]
-13.893651
[ 0.8728048   0.0334034  -1.         -0.18341021]
-13.44891
[-0.8458052  -0.805682    1.          0.95429695]
-13.334068
[ 0.36206806 -1.          1.         -1.        ]
-12.847742
[-1.          1.          0.84393835  0.4460032 ]
-12.79396
[ 0.83213603 -1.          0.12364    -0.09870164]
-12.625441
[ 0.14072429  1.         -1.          1.        ]
-12.478308
[ 1.          1.         -0.88399416 -0.16857743]
-12.150692
[ 0.4380038  0.7292627 -0.901236  -0.3152266]
-12.1167555
[ 0.6590022  -0.43635625  0.05705209 -0.4233675 ]
-12.258295
[-1.          0.02920006 -0.95300096 -0.7231796 ]
-12.550577
[-1.  1. -1. -1.]
-12.918047
[ 0.8611579 -0.9577228  1.        -1.       ]
-13.49078
[-0.15102008 -0.49979442 -0.8028506  -0.95267075]
-13.963307
[-1.          0.34681538  0.3361696   0.5171041 ]
-14.346913
[1.        0.5411978 0.9566607 0.7166678]
-14.510138
[ 1.         -1.          0.16597657 -1.        ]
-14.503387
Episode 126: length=50, total_reward=-3.07
[-0.14214101 -1.          0.6297565  -1.        ]
-25.412416
[ 0.30124933  0.49182093 -0.6138195  -0.2583726 ]
-25.732853
[-0.05126169  0.662196   -0.01773708 -1.        ]
-26.011269
[0.28828666 1.         1.         0.6813854 ]
-26.553648
[-1.          1.          0.15589571 -1.        ]
-26.684494
[-0.69825673  0.7136824  -0.8712641  -0.43149137]
-27.065548
[-0.5161389  -0.3187178   0.40008906 -1.        ]
-27.52841
[ 1. -1.  1.  1.]
-28.11243
[ 1.         -0.5549992   1.         -0.87744933]
-28.232655
[ 0.18167049 -1.          0.05566402 -0.4119633 ]
-28.486942
[-1.        -1.         0.8784305  0.8522073]
-28.7105
[ 1.         -0.2875272  -0.34619382 -1.        ]
-28.631187
[ 0.3124332  -0.08128937  0.57147264  1.        ]
-28.796326
[ 0.7487641  -0.16282602  1.         -0.77520007]
-28.566994
[-0.57832813  0.5168534   0.36008966  0.60575056]
-28.50737
[ 0.06058896 -0.7114171  -1.          1.        ]
-28.276237
[-1.        -0.9814712  1.        -1.       ]
-27.795954
[-0.58756286  0.62099797  0.59431577 -1.        ]
-27.781286
[ 0.15399209  1.         -0.6544082  -1.        ]
-28.085236
[ 0.52775043  0.01217881  1.         -0.35866293]
-28.608345
[-0.01416564  1.          0.6688911  -0.08559541]
-28.938368
[ 0.10341214  0.40167105 -0.9566093  -1.        ]
-29.158916
[ 0.812339    1.          0.54053724 -1.        ]
-29.627464
[-1.  1.  1. -1.]
-30.123175
[ 0.12768137  0.42404053 -0.12849887  0.85438555]
-30.816137
[-1.         -0.5925733   0.25700665 -0.28246287]
-30.989353
[ 1.         -0.7163287   0.28871503 -0.9781865 ]
-31.407135
[-0.15096068  0.05109796 -0.53533965 -0.30750597]
-31.042324
[ 0.0074965  -0.11643057 -0.405212    0.8879772 ]
-30.648478
[0.16531554 1.         0.6561216  1.        ]
-30.663666
[ 0.6001811   0.5383486  -0.09077596 -1.        ]
-30.98546
[ 0.15463683  0.02551527 -1.         -0.81245565]
-30.954285
[ 0.918167    1.         -0.89996827  0.5128905 ]
-30.82098
[-0.71436095  0.4805399  -0.6167971  -0.20585376]
-31.017885
[ 0.3191376 -1.        -1.         1.       ]
-31.007814
[ 0.7111527  -0.41799352 -0.9399333  -0.5666245 ]
-31.295414
[-1.          0.51188177 -0.09356597  0.76722145]
-31.404366
[ 0.5137274 -1.         1.        -0.8540343]
-31.156273
[ 0.5055603 -0.0528559 -1.         1.       ]
-31.208887
[-0.21086119  1.         -0.5027846   0.33529335]
-30.933569
[-0.11641063  0.4415769   0.20255502 -1.        ]
-30.684296
[ 0.8298068   0.43266338  0.17305921 -0.79938936]
-30.831078
[-0.37614566  1.          0.10407455 -1.        ]
-31.109295
[ 0.9884196   0.25177786  0.04129691 -0.16787772]
-31.32782
[ 0.9817667  -0.574691   -0.12559019  0.5756615 ]
-31.194141
[ 0.33009022 -0.43688202 -0.24927616 -0.32786953]
-31.401852
[-1.         -0.42167768  0.59555507 -1.        ]
-31.155396
[ 0.74724007  0.79727906 -0.21018034 -0.11157521]
-31.283222
[ 1.         -1.         -1.          0.55703115]
-31.257591
[ 1.         -0.29655898  0.97734296 -1.        ]
-30.854532
Episode 127: length=50, total_reward=-5.23
[-0.92327917  1.         -1.          0.01530862]
-21.31126
[-0.61089706  0.5102245  -1.         -1.        ]
-21.386696
[ 0.32434675  0.84496975 -1.          0.27575058]
-21.906757
[-0.68883514  0.10783668 -0.14781556  0.28748274]
-22.076508
[ 1.        -1.        -0.6480732  1.       ]
-22.188572
[ 0.82956314  0.59907967 -0.7136713  -0.97123826]
-21.902084
[ 0.75363106 -0.30163953 -0.33634514 -0.50946367]
-22.02732
[ 0.16496272  0.71849984  0.40041476 -1.        ]
-22.156578
[-0.4981388  -0.7549674   0.12951824 -0.9354976 ]
-22.58472
[ 0.9199987   1.          0.26188624 -1.        ]
-23.014078
[-1.         -1.         -1.         -0.74553144]
-23.55654
[ 0.842268  -0.7779381 -1.         0.2297539]
-24.146261
[ 0.78585166  0.90716255  0.8951725  -1.        ]
-24.31752
[-0.594146   -0.21688776 -0.20074777  0.6605253 ]
-24.671295
[ 0.7130142 -1.         0.3543232 -1.       ]
-24.65474
[-1.          0.30613303 -1.          1.        ]
-25.004864
[ 0.4317863  -0.74172735  0.7740315   1.        ]
-24.940731
[-0.5268965  -0.00947514  0.86990803  0.49375963]
-24.546303
[1.         1.         1.         0.44606355]
-24.182827
[ 1.          0.23270425 -0.78173983 -0.72986335]
-23.874493
[ 0.59730774  0.5774671  -1.         -1.        ]
-23.79347
[-0.92513734  0.8232718   0.34025508 -0.32703936]
-23.956366
[ 1.        -0.6641395 -1.         1.       ]
-24.21234
[-1.         -1.          1.         -0.47200862]
-24.021229
[-0.5081995  -0.95765567 -0.08260523 -1.        ]
-23.988703
[-0.20439342  0.7139275   0.74768627 -1.        ]
-24.173695
[0.10657409 0.25374866 0.8271929  0.5699239 ]
-24.656864
[0.5122427  1.         1.         0.25992012]
-24.834044
[-1.          0.57093084 -1.          1.        ]
-24.862232
[ 1.        -1.        -1.         0.7532234]
-24.68133
[-1.          0.2961916   0.50135374 -0.45565668]
-24.332924
[-1.          0.773248   -0.0472962   0.02734794]
-24.427742
[-0.783571   -0.740332   -1.          0.24493529]
-24.480175
[-0.27500895  0.77535737 -0.72977704  1.        ]
-24.452955
[-0.27609274 -1.          0.8625059  -1.        ]
-24.222162
[-0.06340683 -1.          0.00363337  0.0246384 ]
-24.417793
[ 1.        -0.7199394  1.         0.6063699]
-24.54341
[-0.8553845  -0.00889803 -1.         -0.21156408]
-24.432892
[-0.09241133 -0.07734556 -1.         -1.        ]
-24.571117
[ 1.         1.         0.3559194 -1.       ]
-25.003174
[-1.         -0.4322205   0.64589095 -1.        ]
-25.479797
[-1.         1.        -0.6696084 -1.       ]
-26.07019
[ 0.07907623  0.54157335  0.62051404 -1.        ]
-26.827944
[ 0.2725152  -0.27245465 -1.         -0.8022705 ]
-27.539623
[-1.          0.36292133 -0.56833684 -0.6155607 ]
-28.20506
[-0.60163635  0.22264229  1.          0.8101543 ]
-28.944006
[ 1.          1.          0.708918   -0.09806063]
-29.283407
[-0.6387633   0.20820697 -1.         -0.31380925]
-29.453167
[-0.10514458 -0.469113    1.          1.        ]
-29.710829
[-0.0193623   0.40130132 -0.34323013 -0.03670502]
-29.693054
Episode 128: length=50, total_reward=-5.43
[ 0.5363555  -1.         -0.9675444   0.72610724]
-30.50991
[-0.19715023 -0.3192544   0.4394126  -0.20197439]
-30.691826
[-0.49366614  0.2666766   0.53323644 -0.33678547]
-30.850594
[ 0.09312463 -1.          0.6706376  -0.38829574]
-30.778282
[ 1.         -0.5650483   1.         -0.36405766]
-30.618334
[-0.45307478 -1.          0.76824784  1.        ]
-30.52656
[ 1.          0.6160002  -0.77036434  0.37709603]
-30.716167
[-0.56470156  0.9840512   0.16021335 -0.32119608]
-31.038292
[ 0.7441844  -0.39147902 -0.43865293  0.9179363 ]
-31.218906
[ 0.9706335  -1.          0.03235928 -0.42325854]
-31.171122
[-0.3867392   0.5455684  -0.7661216  -0.18518743]
-30.92393
[ 1.         -1.          1.          0.08200011]
-30.791466
[ 1.          0.08894169 -0.2793232  -0.10664251]
-30.502155
[-0.5342957  -1.          0.86605495  0.68365973]
-30.277515
[-0.3830193  1.         0.0488852  1.       ]
-29.890692
[-0.44728625 -0.09502238 -1.          0.5802832 ]
-29.54756
[ 1.         -0.35147136 -1.          0.13737512]
-29.194859
[-1.         0.7978783  1.        -0.3548022]
-28.871574
[0.35343307 1.         0.15859699 0.09623344]
-28.83915
[-0.01740488 -1.          0.77824575 -1.        ]
-28.842924
[ 0.74241894 -0.572548    0.66480446 -0.11354505]
-29.097578
[ 0.76811254 -1.         -0.7928262  -1.        ]
-29.185617
[-0.2609667   0.37122726  0.35328045  0.76180947]
-29.401777
[-1.         -0.30116343 -0.7699315   1.        ]
-29.269884
[-0.25550026 -0.42116928  0.12052597 -0.668994  ]
-28.83915
[-1.         -0.9391346   0.30455843 -1.        ]
-28.733292
[-0.9366039   0.09989481  0.83754385  0.42415756]
-28.924255
[ 1.         -0.7637096  -0.7702444  -0.30954427]
-29.137852
[ 0.01808628  0.16899835  0.26563188 -0.23330948]
-29.368664
[ 0.74145585  0.43179148 -0.8689573   1.        ]
-29.62104
[ 0.06472507 -1.         -1.          0.82654893]
-29.406435
[ 0.0542638  -0.1505815   0.37830678 -1.        ]
-28.990614
[-1.         -1.         -0.63864255 -0.11344214]
-29.06358
[ 0.34324998 -1.          0.38804534 -0.9522557 ]
-29.24258
[ 1.          0.542282    0.37281427 -1.        ]
-29.510471
[-1.         0.5604631  1.         0.3419981]
-29.85527
[-0.11478752 -0.6552901  -1.          0.1876845 ]
-30.036175
[-0.741115    1.         -0.30290434  0.23021764]
-30.142214
[ 0.2576682  1.        -1.         0.6527263]
-30.15316
[ 1.         -0.51261663 -1.         -0.03311086]
-30.015991
[ 0.41192874  0.38738406  0.02734737 -0.07512982]
-29.90232
[-0.30888578  1.          0.69821006  0.05250764]
-29.684145
[-0.34533572 -1.         -0.22683614 -1.        ]
-29.558311
[-0.04099926 -0.638177    0.69486725 -0.80087215]
-29.764109
[-0.37561944  0.09707792  0.95106876 -1.        ]
-30.141562
[-0.9869604   0.04076709  1.         -0.6541682 ]
-30.606892
[2.2286637e-01 5.4679811e-05 9.2204344e-01 9.8096395e-01]
-31.128944
[ 1.         -0.3269078  -0.47861198 -0.512782  ]
-31.108665
[-1.         -1.          1.         -0.01679774]
-31.128044
[-0.23156852 -0.58440894  0.922778    1.        ]
-31.27629
Episode 129: length=50, total_reward=-5.14
[ 0.64778745 -1.         -1.         -0.890519  ]
-9.605445
[-0.90511316 -1.         -1.         -1.        ]
-9.240746
[ 0.3769409  -0.44302714  1.          0.01630602]
-8.842849
[ 1.          1.          0.35125294 -0.5495128 ]
-8.6024275
[ 1.        -1.        -0.3324913  1.       ]
-8.352002
[1.         0.7124826  0.22843444 0.7086669 ]
-8.316974
[-1.          0.28178945  1.          1.        ]
-8.402375
[-0.36967918  0.06524243 -1.          1.        ]
-8.748292
[ 0.08991063  0.9026015  -0.6889168   0.16571724]
-9.2955675
[1.        0.5875931 0.606296  0.8313758]
-9.664467
[ 0.41691938 -0.6410943   0.18047303 -0.68869245]
-10.1163
[-0.06329399  0.09277117 -0.32487234  0.8954701 ]
-10.173234
[ 0.5739085   0.8708764  -1.         -0.73495746]
-10.521125
[ 0.70230216 -0.68926644 -1.          1.        ]
-10.529217
[ 0.43625635 -0.24837518 -0.96078783 -1.        ]
-10.6511135
[ 0.4798975  -0.59690034 -0.80481106  0.05504128]
-10.307673
[-0.22781211  0.72538805 -1.          1.        ]
-10.094146
[ 1.         -0.7547826  -0.16966093  0.49564567]
-10.305866
[ 0.09177349 -0.7831557   1.         -1.        ]
-10.409397
[-1.         -0.13929732 -0.23038946  0.34145045]
-10.045666
[-1.         -0.20287457  1.         -0.95103097]
-9.912165
[ 0.329773    0.14540417  0.82221735 -0.95907223]
-9.57052
[1.         0.18977721 0.5569837  1.        ]
-9.138159
[-1.          0.11097976 -1.         -0.07943983]
-9.100188
[-0.12422076  1.         -0.20458066  0.24710134]
-9.137038
[ 0.42556852 -0.9189416   0.47841534 -0.20417275]
-9.395459
[-1.         -1.         -0.08885059 -0.88871175]
-9.405483
[-0.10734218 -0.47515464  1.         -0.86334056]
-9.16436
[-1.         -0.29972523 -1.         -0.00344308]
-8.704176
[ 0.01083557 -1.         -1.          0.76595557]
-8.495688
[ 0.3786785 -1.         0.7843038 -0.642426 ]
-8.434261
[-1.          0.34407765 -0.7494259   1.        ]
-8.321475
[ 1.         -0.43522805  1.          1.        ]
-8.751992
[ 0.8548182 -1.         0.9368803 -1.       ]
-9.150237
[ 1.         -0.2967879   0.34964573 -0.86466074]
-9.017347
[-0.7533884  -0.26321864  0.07578239  1.        ]
-8.686689
[0.55904895 0.23060147 0.6552835  1.        ]
-8.795748
[ 1.         -0.70353353  0.7074434   1.        ]
-9.087105
[-0.8603368  -0.8290879   1.         -0.12480922]
-9.354036
[ 0.9938033   0.04548936  0.0993535  -0.9733112 ]
-9.330586
[ 0.08501601 -0.3035566  -1.         -1.        ]
-8.875655
[ 0.43721193 -0.56546843  0.87692356  1.        ]
-8.361715
[ 0.36711335  0.4079289  -0.4802656   0.26632324]
-8.189073
[ 0.09506257 -0.40491113  0.1515737   1.        ]
-8.138576
[ 1.         -0.54629624  0.4533282  -0.8002264 ]
-8.212542
[ 1.          0.5274085  -0.35082674  0.52549785]
-7.834319
[-0.77994335  0.4576506  -0.42766315  1.        ]
-7.594628
[-1.          0.9851094  -0.8287552   0.76933086]
-7.692022
[-1.          0.98237044  0.01305202  1.        ]
-7.974481
[-0.29366183 -0.8252228   1.          0.7513642 ]
-8.48308
Episode 130: length=50, total_reward=-2.28
[-0.23613366 -0.8735211   0.53628266 -1.        ]
-20.661287
[0.9267204  0.50605905 0.6029878  1.        ]
-20.831356
[-0.35475308 -1.          1.         -0.328544  ]
-20.561405
[-1.          0.4807784   0.87974256  0.21038495]
-20.365267
[1.         0.53540474 1.         0.3241853 ]
-20.295776
[ 1.          0.93610275 -0.79249346 -0.02115421]
-20.088892
[ 0.42842048  1.         -0.04224186  0.7868741 ]
-20.020088
[-0.62250596  0.39394104  0.11734819 -0.29001057]
-19.79585
[-0.44186732  0.24238819  0.22913522  0.9648524 ]
-19.734123
[-0.60367656  1.         -0.34390402  0.3818273 ]
-19.519228
[ 1.         -0.95846945  0.16855341 -0.7801709 ]
-19.545496
[ 0.20965457 -1.          0.34335077 -1.        ]
-19.778332
[-0.5144396   0.45917097 -1.          0.06896138]
-20.065365
[ 1.         -0.61485684  0.37299252  0.11916696]
-20.217987
[ 0.99536204  1.         -0.11638311 -0.21700737]
-20.17279
[ 0.33263254  1.         -0.88279426  0.13900737]
-20.189499
[-0.10807544  0.6485945  -1.          1.        ]
-20.216908
[ 0.92297196  0.5846904  -0.9289386  -0.04356137]
-20.017353
[ 0.02136457 -1.         -0.3508411  -0.999619  ]
-19.945293
[-0.401111  -1.         0.9355856  0.9489606]
-20.056686
[ 0.6610081  -0.13839121 -0.33421072  0.31804818]
-19.802374
[ 1.         -0.299791   -0.43430752  0.25884962]
-19.407862
[ 0.5333389   1.          1.         -0.15740255]
-18.976187
[ 1.         -0.7866712  -0.9263091  -0.17718631]
-18.763817
[-0.45900807  0.2029104   0.6350351   1.        ]
-18.564438
[-0.96049726 -0.3235641  -0.18450691  1.        ]
-18.200901
[ 0.78771794  0.30326778 -1.         -0.30207878]
-17.565321
[-0.50605583  0.6639594  -0.48333728 -0.5880567 ]
-17.35832
[ 0.15895209 -0.34621146  0.33425918 -0.36775333]
-17.413967
[ 1.          0.34162676 -1.          1.        ]
-17.572445
[ 0.11615953 -0.52647555 -0.5250064   0.83244   ]
-17.40846
[-0.09826526  0.3175543   1.          0.08081184]
-17.107443
[ 1.         -0.9196392  -0.9240743  -0.36164674]
-16.872868
[-0.33031812 -0.33429918 -0.54852664  0.79905283]
-16.776995
[ 0.9182482  -0.7510407  -0.93580496  0.54255915]
-16.388287
[ 0.9862001   1.         -0.90721524 -0.4641346 ]
-15.900868
[-1.          0.41886958  0.58932877  1.        ]
-15.690807
[ 0.05480111  0.13666427 -0.7798017  -0.46113557]
-15.2616205
[-0.22182176 -0.82101893 -0.705552    0.18410668]
-15.076045
[ 1.          0.49558783 -0.34400052 -0.53471315]
-14.968375
[-1.          1.          1.         -0.04305386]
-15.064413
[ 0.9942497  -0.3259492   0.32678896  0.41932327]
-15.241846
[ 0.8951355   1.         -1.         -0.36584938]
-15.232772
[-1.        -1.         0.8217459 -1.       ]
-15.310759
[ 0.48476648  1.         -0.742869   -0.0698887 ]
-15.63548
[ 1.        -0.9807969  1.        -1.       ]
-15.829667
[-0.5618237   1.          0.91252106 -0.5855049 ]
-16.087368
[-0.47232497 -0.5375056   0.0292725   0.5915021 ]
-16.481375
[ 1.        -1.        -1.         0.6619785]
-16.362064
[-0.28625506  1.         -0.40092894 -1.        ]
-16.137156
Episode 131: length=50, total_reward=-5.42
[0.9834997  0.9430122  0.19250417 0.22416648]
-25.503214
[-0.9449609  0.4420358 -0.8543051  1.       ]
-25.76845
[-1.          0.71344393 -1.         -0.4452815 ]
-26.21092
[ 1.         -0.36942753 -0.9473848  -1.        ]
-26.25228
[-0.03134756 -1.          0.7956604  -0.23805702]
-26.104174
[ 1.          1.          0.62410504 -0.85664904]
-25.9779
[ 0.12177069 -0.7357765  -0.98673517 -0.88913226]
-25.93812
[ 1.          0.51880985 -0.23484968 -1.        ]
-25.75265
[-0.38937008 -1.         -0.91201806 -0.7065075 ]
-25.55764
[1.         0.03725877 1.         0.8380532 ]
-25.281597
[ 1.        -1.        -0.6292931 -1.       ]
-25.53198
[-1.          0.47170594 -1.         -1.        ]
-25.638456
[ 0.7998105  -1.          0.96911675 -0.97561085]
-25.546017
[-0.28220052 -1.          1.         -1.        ]
-25.394783
[-0.98084867 -0.06772695 -0.97692895  0.8624106 ]
-25.188532
[-0.08783542 -0.70059335  0.28904825 -0.85039544]
-25.360682
[ 0.13501845  1.          0.7893205  -1.        ]
-25.07858
[-1.          1.         -0.7661061   0.47758445]
-24.614935
[-0.8914481 -0.9763475 -0.8736404 -1.       ]
-24.448622
[ 0.5746451   0.6605288  -0.06732677  0.7322724 ]
-24.029148
[-0.48513764 -0.57653296  0.00656493 -1.        ]
-24.030657
[ 0.8813355  -0.75494343  1.         -0.69065094]
-23.648846
[-0.3137784   0.59428734 -0.01968274 -1.        ]
-23.287754
[-1.        -1.         0.5945495 -0.4820874]
-22.727888
[ 1.         -0.20850644 -0.03865123 -0.2068068 ]
-22.076284
[-1.          1.          0.21185535 -0.18832843]
-21.636295
[ 0.335047   -0.07523016 -0.21385163  0.40409607]
-21.18139
[0.16893923 0.018232   1.         0.71671593]
-20.981754
[ 0.53961647  1.         -0.8230853  -1.        ]
-20.973831
[ 1.          0.720944   -1.         -0.04145019]
-20.741053
[ 1.         -0.10914864  1.         -1.        ]
-20.787449
[-0.21982911 -1.         -0.90941584  1.        ]
-20.594173
[ 0.9121703  -0.41113764  1.         -1.        ]
-20.736094
[-0.7194579  -0.09193188  0.95081186  0.20283408]
-20.578289
[-1.          0.90384233  0.5740405   0.51373684]
-20.438858
[ 1.         -1.          0.68581927  0.31592155]
-20.551128
[-0.6355458   0.31424803  0.46613225 -1.        ]
-20.705399
[ 1.          0.9684833   0.03001228 -1.        ]
-20.388721
[-0.45745784 -0.10444397  1.          1.        ]
-20.16872
[ 0.23355106  0.3690642  -1.         -0.15311152]
-20.317799
[1.        1.        0.8751303 1.       ]
-20.307178
[-0.2978623  -0.2799247  -0.17246807 -0.47813195]
-20.777813
[-0.5468682  0.7297719 -1.         0.3535682]
-20.836678
[ 1.          1.         -1.         -0.04169163]
-21.109915
[ 0.38114804  0.02984162 -0.173251   -0.7175505 ]
-21.421528
[0.03653412 0.79734665 1.         0.8727127 ]
-21.471682
[-1.         -0.60956025  0.9915067  -0.2629079 ]
-22.041588
[-0.76696336  0.48530474 -0.4350451  -0.7147322 ]
-22.176659
[-0.05718042  1.         -1.          0.57019234]
-22.176285
[0.70118546 1.         1.         0.6003153 ]
-22.437372
Episode 132: length=50, total_reward=-3.64
[-1.          0.09799697 -0.394129    0.67399955]
-14.53709
[-0.8898749  -0.46039382  1.         -1.        ]
-14.71965
[ 0.9594958  -1.          0.49441725  0.14202368]
-14.609799
[ 1.          0.4239418   0.64277625 -0.7900829 ]
-14.487059
[-0.866168   -0.11893995  0.6146091   0.1428584 ]
-14.230993
[-1.          0.0487295   0.78105444  0.708776  ]
-14.070426
[-1.         -0.09741107 -1.         -1.        ]
-14.2478285
[ 0.03730072 -0.2325255   1.          0.86521006]
-14.101914
[ 0.9868651   0.21954094 -0.9404652   0.09564215]
-14.13571
[ 0.23727499  0.2586937   0.2818936  -0.57945395]
-14.091555
[0.07580431 1.         0.7625276  0.38956   ]
-13.857675
[-1.          1.          0.68251574  1.        ]
-13.863725
[ 0.16240709 -0.4704447   0.02888567  0.19918036]
-14.235924
[-0.1245976   0.44033128  1.          0.47915494]
-14.562099
[ 1.         -0.49188378  0.39433193 -0.11984275]
-14.987196
[-0.5487785   0.11374819 -1.         -1.        ]
-15.128418
[ 0.11419472 -0.63270974  1.          1.        ]
-14.856684
[ 1.         -0.7508774  -0.24413659 -0.7351372 ]
-15.006906
[ 1.         -0.05504026  0.68801117 -1.        ]
-14.845173
[ 0.5345279   1.          0.53490424 -0.43828505]
-14.521804
[-0.8426784   0.9417877   0.42032272  0.47393364]
-14.304554
[ 0.32801437 -0.28887162 -1.         -0.28684297]
-14.376086
[-1.          1.         -0.29426083 -0.3537252 ]
-14.4857235
[-0.24199443 -0.38322812 -0.25647253  0.37010092]
-14.557983
[-1.          0.42561555 -0.08113648  0.09717284]
-14.711132
[-0.3924121  -1.         -0.44538635  0.7355384 ]
-14.89127
[1.         0.46363562 0.61666286 1.        ]
-15.267027
[ 0.33479336  0.5973673  -1.         -1.        ]
-15.815575
[-0.98489577 -1.          0.71060276 -1.        ]
-15.8202
[ 0.8683065   0.05909838  0.96680754 -1.        ]
-15.534354
[ 0.3143476   0.02847594 -0.21785815  0.79977244]
-15.199453
[ 1.  1. -1. -1.]
-15.310356
[-0.01016951  0.82088786  0.581188   -1.        ]
-15.184441
[ 0.39538974 -1.         -0.63249373  0.89413047]
-15.01532
[0.12637946 0.23842117 0.02739149 0.78910637]
-15.270706
[-1.          0.31107402 -0.7532704  -0.3742497 ]
-15.705381
[-0.10557061  0.3212381  -1.          1.        ]
-15.819249
[ 0.43400535  0.66215116 -0.22395219  0.01539956]
-16.254898
[-0.35513854  0.33219677  0.70098     0.46872792]
-16.532799
[-0.7305639  -1.          0.0994395  -0.47828546]
-16.964067
[ 0.6896355   1.          0.3232174  -0.13181315]
-17.065851
[ 0.14923242  0.07939729  0.6874764  -0.30535167]
-17.112438
[-0.8522527  -0.71522826 -1.         -0.19373396]
-17.06054
[-0.04842272 -1.          0.14140716 -1.        ]
-16.86422
[-1.        1.       -1.       -0.279405]
-16.480228
[-0.49723127  1.         -0.41016456 -1.        ]
-16.32862
[-0.09047949 -0.01845936 -0.60333544 -1.        ]
-16.051018
[-0.8843903   0.9524718  -0.07071826  0.47923005]
-15.72001
[-1.          0.27791658 -1.         -0.6119209 ]
-15.749627
[1.        1.        0.9511381 1.       ]
-15.683714
Episode 133: length=50, total_reward=-3.88
[ 0.31535658 -0.55354863  1.         -0.29536375]
-12.540931
[0.2578212 0.7037272 1.        1.       ]
-12.489609
[-0.7171463  1.         1.        -1.       ]
-12.331404
[-1.         -1.          0.72971785 -0.52823794]
-12.660879
[ 0.68007547 -0.8746409  -0.75687635 -0.34416866]
-12.883839
[-1.         -1.          0.37288254 -0.26576376]
-12.944292
[ 1.       -0.695044  1.       -1.      ]
-12.727198
[-0.6537837   0.19609644 -0.76458704 -0.49064225]
-12.61846
[ 0.14944558 -0.46115217  0.38183227 -0.4672801 ]
-12.5844755
[-1.         -0.404902    0.38536072 -0.4396795 ]
-12.513355
[-0.44151574  0.39320162  0.3664084  -0.5938263 ]
-12.397889
[ 0.4133169  -0.35121116 -0.59430456  0.38089257]
-12.30287
[-0.6451244  -0.51106733 -1.          0.1073806 ]
-11.965913
[ 1.         -1.          1.          0.71741074]
-11.557735
[-0.3221496   0.43339568 -0.7790164   0.9638581 ]
-10.889883
[-1.         -0.8761818   0.72423387  0.87109435]
-10.172973
[ 1.         -0.31905535 -0.16776554 -0.24357729]
-9.0455065
[-0.3083711  -0.88384676  0.77268493  1.        ]
-8.366924
[ 0.4359109   0.01204966  1.         -0.878394  ]
-7.575002
[ 1.         1.         0.8059412 -1.       ]
-7.249232
[ 0.14954361  0.05568102  0.8541893  -0.03821522]
-7.419835
[-1.          0.32866737 -0.07695936 -0.78968966]
-7.5264044
[-0.7817954  -0.14676726 -0.2919135   0.1616699 ]
-7.5691853
[-1.          0.04266655  0.42086565  0.13585877]
-7.287986
[-0.9459921  0.8994686 -1.        -1.       ]
-6.715719
[-0.25254318 -1.          0.12743397  1.        ]
-6.297538
[ 0.33720633  0.37109572 -1.         -0.1692285 ]
-5.4749894
[ 1.         -1.         -0.26472014 -0.07886834]
-4.727648
[ 0.4486978  -0.03266262  1.          0.91144264]
-4.145397
[ 0.02330178  1.          0.09702532 -1.        ]
-3.5678043
[-1.         0.5965028  1.        -0.7930222]
-3.4453342
[-1.          0.48633343  1.         -0.5960012 ]
-3.2580757
[-0.9252995 -1.        -0.5030757 -1.       ]
-2.9185297
[-1.         -0.25648466  0.07352044 -1.        ]
-2.3237233
[ 0.51128143  0.9280241   0.5367009  -1.        ]
-1.5659155
[-0.3828097   0.21436936  0.38555622 -0.2659771 ]
-1.1056157
[ 0.133092    0.9164359   1.         -0.50054073]
-0.61595684
[-0.22520903 -0.22109032  0.41652042 -0.50140554]
-0.23990908
[ 0.830355    0.08802178  1.         -1.        ]
-0.15402476
[-0.5213299  -0.27080038 -0.48901808 -0.25599775]
-0.18634476
[-1.  1.  1. -1.]
-0.4631008
[-0.8405068  -1.         -0.9869845  -0.17819944]
-0.7414447
[ 0.2930661 -1.         0.3570733 -1.       ]
-1.266046
[-1.          0.03604865  0.77897257 -0.6967598 ]
-1.52895
[1.         0.18576312 1.         0.20704292]
-1.8541574
[ 0.63606185 -1.          0.41702583 -0.00662657]
-2.0876071
[ 0.7830678 -0.6379279 -0.8282085 -0.9770538]
-2.1884913
[ 1.         0.7917052 -0.5536687 -0.8248456]
-1.8689394
[ 0.36505735  0.06300264 -1.         -0.5754804 ]
-1.4392855
[-0.5809938  -0.07298736 -0.45005417 -1.        ]
-0.9748275
Episode 134: length=50, total_reward=-1.25
[-0.5243175  -0.45752048 -0.25577855  0.32138473]
-21.75869
[ 0.6556101   0.35826722  1.         -1.        ]
-21.641392
[ 1.         -1.         -0.07530753  0.12298082]
-21.867952
[ 1.        1.        1.       -0.334585]
-21.83376
[-0.9399576   0.45798135 -1.          1.        ]
-21.876034
[-0.7106897   1.          0.41919723 -0.7911546 ]
-21.650295
[ 0.3951569  -0.67103535 -0.83395934  1.        ]
-21.860209
[ 1.          0.65772384  0.12317035 -1.        ]
-21.634874
[ 0.591311   -0.43944603 -1.          0.0467593 ]
-21.667763
[ 1.        -0.8096687  0.2880235 -1.       ]
-21.564583
[-0.47784254  0.00244905 -0.54139143 -1.        ]
-21.562782
[ 1.          1.          0.40583223 -1.        ]
-21.758385
[ 0.45998368  0.34620076  0.25658244 -0.4928006 ]
-22.036924
[ 0.9918879   0.8712627   0.34118038 -0.6709363 ]
-22.334152
[ 0.8764224   0.11978047 -0.14979833  1.        ]
-22.670717
[ 1.         -0.63951254 -1.         -0.4464412 ]
-22.478909
[ 0.36405647  1.         -1.          1.        ]
-22.398233
[ 0.963725  -1.        -1.        -0.8526519]
-22.08408
[ 0.05388112  0.1257994   0.3649835  -0.11457831]
-21.987206
[ 1.          0.29376242 -1.         -0.72106326]
-21.98547
[-1.         1.         1.         0.8536304]
-22.130486
[-1.         -0.8794464  -0.09655912 -1.        ]
-22.068516
[ 1.         -0.07886592 -0.27793396 -1.        ]
-22.286926
[-0.8518472   1.         -1.          0.02573729]
-22.660513
[ 1.         -0.5595796   1.         -0.08659594]
-22.84875
[ 1.        -0.3028742  1.        -0.9565211]
-22.90194
[ 0.12893525 -1.          0.27575347  0.6713256 ]
-23.046646
[-0.57160807 -1.         -0.698678   -0.14369212]
-22.90318
[-1.          0.43756488 -0.43147546  0.24651124]
-22.80708
[-1.         -1.          0.66854566  0.8319326 ]
-22.632122
[-1.          0.43229097 -0.00972955 -1.        ]
-22.094177
[ 1.         -0.29968515 -0.68756783 -0.35928935]
-22.032385
[ 0.20738192 -1.          0.9392894  -0.86073077]
-21.922588
[-0.4448544   0.11440474  1.         -1.        ]
-22.063736
[ 0.1115994  -0.79953635 -0.07745717 -0.5476934 ]
-22.440147
[ 1.         0.5131652 -1.        -0.7546766]
-22.664766
[ 0.9679103  -0.95161533 -1.         -0.3556887 ]
-22.965202
[ 0.3700273  -1.          0.06009497  0.28591177]
-23.055544
[ 1.        -1.        -0.9677027 -1.       ]
-22.91224
[ 0.15493084 -1.         -0.21251665  0.73413587]
-23.015272
[1.        1.        1.        0.8117381]
-22.79191
[ 0.93337125 -0.19760859 -0.37312514 -0.48686013]
-22.408272
[ 0.59152794  0.37948006  0.76586217 -1.        ]
-22.253304
[-1.         -1.         -0.55059814 -0.4777269 ]
-22.439985
[ 0.5147403 -1.        -1.         0.8409579]
-22.528753
[ 1.          0.701106   -1.         -0.16499326]
-22.300692
[ 0.49202615 -0.8895492  -0.29944393  1.        ]
-22.036829
[ 1.          1.         -0.0326864   0.08003954]
-21.5369
[ 0.07726018 -0.5859772  -0.13141944  0.5236098 ]
-21.21178
[ 0.28070354  0.49062723 -1.          1.        ]
-20.8142
Episode 135: length=50, total_reward=-6.17
[ 0.1822191 -0.4159048 -1.        -0.6023429]
-14.364283
[-1.          0.1510563   0.44764328 -1.        ]
-14.229805
[-0.64317    -1.          1.         -0.44183713]
-13.909786
[-0.85983515  0.5425084   1.          0.90225697]
-13.608881
[ 1.         -0.4969226   0.8408611  -0.43915573]
-13.674618
[ 0.5605607  -1.         -0.67227066  1.        ]
-13.51812
[0.74368656 0.573679   0.6577484  1.        ]
-13.60512
[ 0.9987743 -0.9021136  1.        -1.       ]
-13.943022
[-1.         1.         0.4653135 -1.       ]
-13.735998
[ 1.          0.9602959  -0.69137555 -0.11794586]
-13.430088
[ 0.9814102   0.13842863  1.         -0.58073   ]
-13.258923
[-0.06033796 -0.9481784  -0.24597265  0.9225675 ]
-13.059156
[-0.6762445   0.4758034   0.85490245 -0.0374486 ]
-13.0763445
[ 0.43960878 -1.         -0.43107444 -0.19484988]
-13.135822
[-0.9320994 -1.        -1.         1.       ]
-12.9776535
[ 0.17341779 -1.          1.          0.6503106 ]
-13.028189
[-1.          0.36747253  0.413172   -0.21665901]
-13.146215
[ 0.15870994 -0.2625693   1.         -0.89450467]
-13.055526
[-1.        -1.         0.5709791  1.       ]
-12.758366
[ 1.         -1.          0.2877888   0.86935973]
-12.882973
[-0.51358604  0.5278915   0.47404122  1.        ]
-13.151909
[-0.61845446 -1.         -0.06657079 -0.8030212 ]
-13.526461
[ 1.        -1.        -0.0832178  0.9825903]
-13.374308
[-1.         -0.4077426  -0.7243482   0.28335112]
-13.335703
[ 0.37635165  0.03899893 -0.22696559  0.85014564]
-13.439491
[-0.8451102  0.320211   1.         0.5803378]
-13.668415
[ 0.14614066 -1.          1.          1.        ]
-13.913458
[-0.02130935 -1.          0.69533473 -0.7855393 ]
-14.255903
[ 0.9370599   0.2160473   0.13121009 -0.34181383]
-14.145134
[ 1.         -1.          0.29318127  0.53030545]
-13.954266
[ 1.          1.         -0.21750964  0.30840874]
-13.932901
[-1.         -0.10522268 -0.49934402  1.        ]
-14.014605
[-0.13968393 -0.4732528   0.0449758   0.46399465]
-14.357479
[ 0.44737378 -0.4940824   1.         -0.3259138 ]
-14.582903
[-0.65366757 -0.6613762   1.          1.        ]
-14.48403
[ 0.6509607 -0.882351   1.        -0.1868219]
-14.594971
[-1.         -1.          0.39655215  0.9928399 ]
-14.409712
[ 1.        -0.8738667 -1.         1.       ]
-14.42968
[ 1. -1.  1.  1.]
-14.51152
[-1.          0.5445607  -0.63867545  0.53687096]
-14.732281
[ 0.3008893  -0.9538602  -1.         -0.64528024]
-15.005671
[ 1.         -0.71433324 -0.6227553  -0.7822275 ]
-14.782856
[ 0.1869616  -0.36540478  0.8550806   0.20474842]
-14.280712
[-0.21628219  0.78565216  1.          0.28618518]
-14.098423
[ 0.08570939  0.5258148  -0.05152821 -0.0853456 ]
-14.072553
[ 1.          0.11745885 -0.2870047   0.56674606]
-13.98522
[ 0.68779683 -0.9841888   0.4183045   0.06493947]
-14.059631
[-1.         0.5715373  1.         1.       ]
-14.037926
[ 0.71400744 -1.         -1.         -0.5447752 ]
-14.315721
[ 0.9535476   0.42305797 -1.          1.        ]
-14.166394
Episode 136: length=50, total_reward=-2.63
[ 0.27023685 -0.29306072  1.          0.87694657]
-24.178265
[-1.          0.34926122 -0.17662472  0.9899657 ]
-24.483406
[-0.38440666 -1.         -0.38363573 -0.14210005]
-24.822542
[ 0.7688605  -0.80473715  0.7857548   1.        ]
-25.008244
[ 0.755493    0.2126655   1.         -0.31543702]
-25.347534
[1.         0.17567913 0.50477445 0.6280181 ]
-25.461418
[-0.18124916 -0.5062503   1.          1.        ]
-25.671751
[-0.13841435  1.         -0.71452975  0.5626835 ]
-26.09852
[ 1.         0.6195424  0.7579389 -1.       ]
-26.545624
[ 1.         -0.49117392  0.36825874  1.        ]
-26.693726
[-0.8460929  -0.22986974  0.49831298  0.20392889]
-27.20868
[-0.17655471  0.24983707  1.          1.        ]
-27.556555
[-1.         -1.         -0.8247961  -0.70907277]
-28.12618
[-0.00689782  0.19186619 -1.          0.7676128 ]
-28.165415
[-0.17659594 -0.8041241  -1.          0.48957694]
-28.300709
[-1.         -0.89602876  0.22824061  0.1714459 ]
-28.460169
[-0.24732392 -0.7057214   0.0620304   0.83907425]
-28.402603
[-0.98714995  0.5105001   0.68486696  1.        ]
-28.49112
[-0.8719794  -0.538907   -0.09819666  0.6289818 ]
-28.642609
[-0.79321676 -0.04031818  0.18375282  1.        ]
-28.63104
[-0.78986114 -0.38448846  1.         -0.4621039 ]
-28.684067
[ 0.16539004  0.22818829 -0.23134837 -0.08221191]
-28.371872
[0.6964819  0.7785679  0.67266786 1.        ]
-28.129156
[ 1.          1.         -0.15917689  1.        ]
-28.203505
[ 0.70405716 -1.          0.34632716 -0.99583584]
-28.518814
[ 0.13012347  1.         -0.82485163  0.9780142 ]
-28.482716
[ 1.         -0.02965391  0.47137454 -1.        ]
-28.655445
[-1.          1.         -0.3260149  -0.26333657]
-28.563234
[ 0.62590086 -0.29508096 -1.         -1.        ]
-28.367376
[ 1.         0.6587116 -1.        -0.6376713]
-28.0271
[-0.5195961   0.11523967  0.591839    1.        ]
-27.845879
[ 0.7907864  1.        -0.5206938  1.       ]
-27.942963
[ 0.10065179  1.         -1.         -0.0857904 ]
-28.40995
[ 0.78171307  0.3139415  -0.07279088  1.        ]
-28.658102
[ 0.78315115 -1.         -0.46306434 -0.62961036]
-29.174406
[-0.41049153 -1.          0.5681776   1.        ]
-29.5047
[ 1.         -0.27924114  1.         -1.        ]
-30.051289
[ 1.         -0.5561445   0.21713018  1.        ]
-30.31214
[ 1.         -0.77083266  0.5847796   1.        ]
-31.000402
[ 1.          0.25242344 -0.1453798   0.1032687 ]
-30.809996
[-1.        -0.2765062 -1.         0.3208039]
-29.83662
[-1.          0.68125486 -1.          0.20424902]
-29.0899
[-1.          1.          0.9995055   0.85648566]
-28.571959
[-1.         -0.64617807 -0.4601439  -0.06543019]
-28.16386
[0.964508   0.5569599  0.9366081  0.69029254]
-27.97899
[-1.          0.40938112  0.4694965   0.8903316 ]
-27.637388
[-0.903196    0.30011016 -0.12092037  1.        ]
-27.277493
[-0.3051365 -1.        -1.        -1.       ]
-26.87164
[-0.11273368  0.786818   -0.18070827  0.11666371]
-26.909925
[-0.24258797 -0.7708423  -0.37510556 -1.        ]
-26.960297
Episode 137: length=50, total_reward=-4.94
[-0.6123357   1.         -0.13779017  0.7259594 ]
-28.002747
[ 1.          0.76137877 -1.         -1.        ]
-27.851467
[ 0.44097984 -0.48291615  0.57010984  0.34691155]
-27.987116
[ 1.          0.9533142  -0.1714305  -0.34424978]
-27.84934
[ 1.          0.39945135 -0.25989825  1.        ]
-27.815247
[-0.445223   1.        -0.385162  -0.8073291]
-27.361557
[ 0.5426382   0.30222374 -0.8026096  -1.        ]
-27.340488
[-0.94919676 -0.49864167 -0.31489056  0.18149123]
-27.425114
[-0.10623199  1.         -0.36201605 -0.7103317 ]
-27.35638
[ 0.9693974   0.62625134 -1.          1.        ]
-27.421057
[-0.5722698   0.858058    0.44128174 -0.8252075 ]
-27.174175
[-0.38055053 -1.         -0.03893214  0.23512629]
-27.293243
[ 0.02462643 -1.         -1.         -0.18511093]
-27.222458
[-0.06858683 -0.11875758  0.348323   -0.9929131 ]
-27.170479
[-1.         0.7384427 -1.         0.8604185]
-27.370583
[ 0.03040388 -0.6339649  -0.8261968  -0.616744  ]
-27.247007
[-1.        -1.         1.        -0.7946886]
-27.362198
[ 0.15043227 -0.58108616 -0.40586337 -1.        ]
-27.566555
[-0.35147065 -0.68103737 -0.92976844 -0.482893  ]
-27.990408
[ 1.         -0.91952914 -0.8482308   0.33896017]
-28.405828
[-1.        -1.        -0.5556692  1.       ]
-28.48918
[ 0.7786815   1.          0.86257964 -0.17233077]
-28.360416
[-1.         -1.         -0.3296731  -0.15739565]
-28.328064
[ 0.12687667  0.03899456 -0.7177298   1.        ]
-28.382814
[ 0.8882487   0.07880897 -0.11029109 -0.88527375]
-28.125751
[0.44949883 0.3120197  1.         0.7276143 ]
-28.206532
[ 0.26842967  1.         -0.2612619   0.15532747]
-28.134125
[-0.05671537 -0.494978   -0.87487596 -0.3664838 ]
-28.094027
[-1.         -0.76395386  0.21830577  0.6054195 ]
-28.050959
[0.48632777 0.20379156 1.         0.08305398]
-27.986147
[-0.23730206 -0.3223875   1.         -0.35582513]
-27.938755
[-1.         -0.14533089  0.95481646  0.75284237]
-27.995514
[-0.31831715  1.          1.         -1.        ]
-27.984535
[1.         0.17637387 0.17770833 0.6791425 ]
-28.277966
[-1.         -0.2360985  -0.08327564 -0.6659825 ]
-28.221504
[ 0.6826226   1.          0.8122544  -0.07247957]
-28.428707
[-1.          0.2610668  -0.94897604 -0.8903122 ]
-28.671097
[-0.9323151   0.08333286  0.42807123 -1.        ]
-29.160841
[-0.64411926 -0.10024449 -0.42159826 -0.5887692 ]
-29.787674
[-1.         -1.          0.04941789 -1.        ]
-30.401937
[-0.7122575 -1.         1.         0.3614489]
-31.200607
[ 1.         -0.86179966  1.         -0.7823808 ]
-31.11198
[ 0.18657684  0.51999533 -0.19045421  1.        ]
-30.554512
[ 0.7141812   1.          0.9094975  -0.61504525]
-30.25979
[ 0.88389766  0.9208231  -0.3851874   1.        ]
-29.866943
[-1.         0.4856798  0.6245027 -1.       ]
-29.985569
[ 1.         -0.93702537  0.3981962   1.        ]
-29.657766
[-0.92010355  1.          1.          1.        ]
-29.814642
[-0.66914785 -0.40038958 -0.58360404  0.3218581 ]
-30.101944
[ 1.          1.          0.4959227  -0.08269933]
-30.257393
Episode 138: length=50, total_reward=-5.59
[ 0.7572368  -0.33160412  0.8602259  -0.07186605]
-7.8667326
[-0.8693414   0.16122343 -1.          1.        ]
-7.9365654
[-1.         1.         0.4423146  1.       ]
-7.7565155
[ 1.         -0.14303759 -1.          1.        ]
-7.25946
[-0.25359195  0.59311295  0.50977784  1.        ]
-6.7479725
[-0.42114207  0.51652896  0.03104253 -0.6632209 ]
-6.167476
[-0.0507175  -0.93926775  1.          0.21713012]
-6.052944
[-0.1890715   0.08942775  1.         -0.22124918]
-5.848887
[-0.8466596   1.         -1.          0.56105286]
-5.717075
[ 0.47773445 -1.         -1.         -0.24538004]
-5.4900246
[-0.18998808 -0.21399839  0.8033558   0.8526043 ]
-5.3269653
[-0.26835045 -0.7160969  -0.5355821  -0.09136352]
-5.131738
[ 1.         -0.22944228  1.         -0.21943203]
-4.996436
[-0.56756145 -0.2680997   0.3275301  -0.9931612 ]
-5.0116186
[ 0.21465768  0.8568512   0.0460293  -0.10939358]
-5.17782
[-0.6241756 -1.         0.5214789  1.       ]
-5.2842927
[ 1.         -0.1217591   1.         -0.04787026]
-4.942878
[-0.6779545  -0.09695129 -0.66538966 -1.        ]
-4.860199
[-0.990067    1.         -0.24187788  0.30278116]
-5.036271
[-0.32872817  1.          1.          0.760364  ]
-4.9501023
[0.60737866 0.11253173 0.92372483 0.6061692 ]
-4.715785
[-0.5543038   0.4752893   0.12123938 -0.05993122]
-4.411005
[-1.          0.31973445 -0.21838278  0.08467315]
-4.1620865
[-1.          0.3178388  -1.          0.73636585]
-3.804549
[ 1.         -0.05580422  0.90613186  1.        ]
-3.0599356
[ 1.          0.65098083  1.         -0.9795545 ]
-2.4249368
[-0.6085143  1.        -1.        -1.       ]
-2.3898609
[ 0.21418881  0.88741827 -1.          0.7094874 ]
-2.5578978
[0.9958752  1.         0.26187056 0.4875266 ]
-2.4783237
[-0.4776122   1.         -1.          0.29194742]
-2.418428
[ 0.96824527  1.         -1.         -1.        ]
-2.2675471
[ 0.36329567  0.2084718   0.3337202  -0.66694343]
-2.576943
[-0.14328313 -0.7326359   0.52328074 -0.03144359]
-3.0611944
[ 0.5708927  -0.17509568  0.377061   -1.        ]
-3.363609
[-1.          0.38895547 -0.5065885  -0.48862553]
-3.986205
[ 0.26442736 -1.         -1.          0.2640216 ]
-4.4752393
[-0.4932539  -0.27879202 -0.2122111  -1.        ]
-4.807375
[ 0.5987212 -1.        -0.8594524 -1.       ]
-5.3093033
[ 0.09850076 -1.         -0.07892388 -0.40241373]
-5.867117
[ 0.9613676   0.53771275  0.70561135 -0.7302731 ]
-6.2621574
[-1.         0.2122367 -1.        -0.3202438]
-6.716234
[ 0.08304827  0.139056   -0.12958829 -1.        ]
-6.9574757
[-0.23648432 -1.         -0.30302718  1.        ]
-7.345955
[-0.41956806 -1.          1.          0.9560079 ]
-7.2887187
[-0.8208319   0.18167335  0.15751813  0.57680404]
-6.8805227
[-0.4900443   0.39795226  0.8541668  -0.4833086 ]
-6.2934184
[ 1.          1.         -0.51845425  1.        ]
-5.878913
[-0.6568262  -0.02774318  0.49866593  0.27617025]
-5.431187
[-1.          0.5390166   0.00791103  0.18199562]
-4.927476
[-0.10106352 -0.75115705  0.78921914  0.2719228 ]
-4.473246
Episode 139: length=50, total_reward=-1.21
[ 0.4702369  -0.41063774  1.          1.        ]
-19.768415
[ 1.         -0.17345572  1.         -0.40568835]
-19.99309
[-0.00397154 -1.          0.14395659  0.61258245]
-19.985977
[-0.7622946   0.15414418  0.29556817  0.6857546 ]
-20.082401
[0.8007556  0.32420436 0.21924245 0.9993648 ]
-20.273823
[0.1137432  1.         0.7129028  0.83149314]
-20.652609
[-0.3751975   1.         -0.22770983 -1.        ]
-21.191734
[ 0.75746256 -0.19542205 -0.9550586   0.88365155]
-21.292496
[ 0.4216501  -1.          1.         -0.77672106]
-21.720917
[ 0.5296569  -0.2883165   0.82859564 -1.        ]
-21.788609
[-0.8058319   1.          0.21899468 -0.20955928]
-21.78099
[ 1.         -0.52746123  1.          0.4321158 ]
-21.913347
[-0.62280434 -0.95172375 -0.8701673   1.        ]
-22.328634
[ 0.60686135  0.3422128   0.6268959  -0.48604733]
-22.63231
[-0.14805496 -0.4480111  -0.296085    1.        ]
-22.652557
[-1.          1.          0.05393706 -0.32591242]
-22.830439
[0.561004   1.         0.84126997 0.4683949 ]
-22.78328
[ 1.          0.21621597 -0.04311232  0.9393714 ]
-22.946928
[ 0.5713036  0.6309156 -0.3454893  1.       ]
-23.445583
[-1.         -0.36129653 -1.         -0.56517494]
-24.227638
[-1.          1.         -0.6461853  -0.40426362]
-24.492191
[ 1.         -0.924199    0.25427216  1.        ]
-24.619333
[-0.752778   -0.99894315 -0.45838493 -0.08943675]
-25.074734
[ 0.8969351  -0.9214523   0.57728285 -0.03943975]
-25.133009
[ 0.43944767  0.9931     -0.662724   -0.26598987]
-25.34748
[-1.          1.          0.14956003  0.15120289]
-25.654829
[ 1.         -0.02197029 -1.         -1.        ]
-25.901766
[-0.6232086  1.         1.         1.       ]
-25.98359
[ 0.41198558 -0.80412763 -0.29148203 -0.8529144 ]
-26.358437
[-0.6838412  1.        -0.8207152  1.       ]
-26.395483
[1.         0.05507915 1.         0.5724169 ]
-26.737385
[1.         0.6128235  0.15566035 0.25757715]
-27.329487
[-1.        -0.3449974  1.         0.6177487]
-28.221691
[ 0.74928796 -0.6553608  -1.          0.05491718]
-28.78843
[ 0.8563273   1.         -0.2840715  -0.03162714]
-29.31344
[-0.5315899  -0.19174832  0.37558252  0.08268407]
-29.951859
[-1.  1.  1.  1.]
-30.452402
[-1.          1.         -0.29654533 -1.        ]
-30.69143
[ 0.25020793  0.42644894 -0.9230472  -0.71576715]
-30.332012
[-0.5629093   0.44240254  0.86747754  0.5353761 ]
-29.914715
[ 1.         -0.01932532  0.00270664  0.2344789 ]
-29.692005
[-0.7639404  -0.31418362  1.          1.        ]
-29.806469
[-0.02142696  1.         -1.         -1.        ]
-29.89679
[ 1.         -0.08086529  0.40379754 -0.26431236]
-29.501505
[-0.16310579 -1.          0.10714586  0.7286229 ]
-29.427734
[ 0.39945084 -0.31998265 -0.7388165  -0.9333144 ]
-29.525848
[-0.1949384   0.00440937  0.8027823   0.3599724 ]
-29.360817
[ 1.         -0.28148523 -0.40218848  1.        ]
-29.262602
[-0.44922727  1.         -0.6701794   1.        ]
-29.627014
[-0.69194555  1.         -1.          1.        ]
-30.038269
Episode 140: length=50, total_reward=-3.77
[ 0.763195   -1.         -0.03005689 -0.75012755]
-24.06104
[ 0.3584411   0.34319475  0.7286489  -0.28968072]
-23.885365
[ 0.4137908 -1.        -1.         1.       ]
-23.771448
[ 1.         -0.10691232  0.8446225  -0.2716026 ]
-23.914413
[ 0.9110116  -0.84810734  1.          0.18157358]
-24.007292
[ 0.9261694   0.5512124  -1.          0.45040998]
-24.177399
[ 0.24260798  1.         -0.5158516  -0.5054325 ]
-24.519882
[-1.          1.         -0.66558963 -1.        ]
-24.752731
[ 0.46200314  1.         -0.87820715 -0.50558436]
-24.695816
[ 1.          1.         -0.56968147 -1.        ]
-24.859638
[ 0.5372976   0.01916875 -0.45273167 -0.1925962 ]
-24.988127
[ 0.7350832   0.57329464  0.2368161  -0.19710788]
-25.198584
[-0.6940862  -0.8705283   1.         -0.32588863]
-25.610647
[ 0.35735178 -0.21295059 -0.7385243  -0.30493528]
-25.907612
[ 1.          0.4648497  -0.4482347  -0.30289018]
-26.179964
[-0.12516248 -0.04285374  0.44653243 -0.7046381 ]
-26.518557
[-0.15932542  1.         -1.          0.5532283 ]
-26.601574
[ 1.          1.          1.         -0.30772817]
-27.013905
[ 0.5884149   0.0317888  -0.07677457 -0.07932027]
-27.483982
[-1.         -0.10403888  0.56297094  0.69457316]
-27.915798
[-0.72924197 -1.          0.8066023   0.3811796 ]
-28.379951
[-0.21008795 -1.          1.          0.09609602]
-28.718227
[ 0.3444261   0.2025575  -0.25069174 -0.42245615]
-28.871952
[ 1.         -0.9315189  -0.6485096   0.76705986]
-28.892998
[-0.05566862  0.56778175  0.51816225 -0.3754978 ]
-29.26088
[ 0.5531151   1.         -0.92587787 -0.84245193]
-29.511684
[ 1.          0.02255741 -0.42826903 -1.        ]
-29.626125
[-0.14831889 -0.35152757 -1.         -0.17108545]
-29.704288
[-0.3801573  -0.03579763  0.30234617  0.5436521 ]
-29.939827
[1.         1.         0.30634007 1.        ]
-30.278109
[ 1.         -1.          0.02242444  1.        ]
-30.98173
[ 0.15059045 -1.         -0.72557724  0.7276479 ]
-30.89196
[ 0.06654616  1.         -0.39220184  1.        ]
-29.98119
[ 0.83700716 -0.4004463  -1.          0.19211145]
-28.939556
[-0.4065048   0.31581908 -0.77310616 -0.55730474]
-28.069422
[-0.56733453  0.03699645 -1.          1.        ]
-27.63243
[-0.24077216  0.7391229  -0.29566246  0.52568805]
-27.065603
[-1.          0.04682679  1.         -1.        ]
-26.543064
[-0.12547997 -0.60092455  0.22762863  1.        ]
-26.603424
[-0.39287633 -0.01675631  0.6188967  -1.        ]
-26.322042
[ 1.         -1.         -0.48377272  0.90005946]
-26.36841
[ 1.          0.35270667 -0.8969717  -0.28618896]
-25.991528
[ 0.6752583   0.5640903   0.37375617 -1.        ]
-25.655996
[-0.18652847 -1.          1.         -0.71459293]
-25.520994
[-0.6158919 -0.5712469  1.        -0.8640999]
-25.546722
[ 1.         1.        -0.1888431  1.       ]
-25.750944
[-0.91467845  0.61988336 -0.17373778 -0.3805406 ]
-25.547125
[ 1.       -1.       -1.        0.654534]
-25.594978
[ 0.08203174 -0.85855603 -1.          1.        ]
-25.331192
[ 0.58669716  0.49425167  0.717963   -0.02373362]
-24.73093
Episode 141: length=50, total_reward=-4.22
[-0.16659561  1.          0.08525078 -1.        ]
-21.906868
[ 1.          0.5278195   0.21197852 -0.08772598]
-22.238117
[ 0.17182893 -1.          0.8530555  -1.        ]
-22.376852
[ 0.2907089  -0.2520864  -0.55952305  0.5129528 ]
-22.642181
[-0.4064372  -0.70282143 -1.         -1.        ]
-22.656412
[ 0.29451865 -0.51880276 -0.49382195 -1.        ]
-22.882935
[ 0.31593576  0.4369936   0.16851942 -0.64667004]
-23.261448
[-1.         -1.         -1.          0.49754125]
-23.587517
[-0.708472   -0.7309238   0.6737912  -0.13448922]
-23.603628
[-0.2186172  -1.         -1.         -0.01603354]
-23.56328
[-0.41507232  0.5489745   1.          0.6761169 ]
-23.52763
[ 1.         -0.7429783  -0.05064337  0.34315777]
-23.294737
[ 0.08361575 -0.81232363  0.2995398   1.        ]
-22.932882
[-0.40985802 -1.          1.         -0.9896378 ]
-22.369051
[0.19567552 0.10385161 0.09593844 0.32521304]
-22.157774
[-0.3467735  1.         0.8418618  0.7919847]
-21.866356
[ 0.15531953 -0.07803967  0.4498831  -0.52738255]
-21.592522
[ 1.          0.05674918 -0.43378228 -0.9917066 ]
-21.553577
[ 0.65989566  0.58552575 -1.         -1.        ]
-21.714176
[-0.18374366 -0.87446004 -1.          0.27182966]
-22.043905
[-1.         -0.83251864  0.674509    0.55143   ]
-22.0999
[ 0.5988994   0.01970737  0.3649138  -0.9879735 ]
-22.014112
[-0.2449789  -0.23841834  0.24417987 -0.892292  ]
-22.184582
[-1.         -0.75508595  0.5228715   0.20947127]
-22.497253
[ 0.07503727 -0.66308326  1.          0.5365941 ]
-22.620363
[-0.5657636  -0.10416517  0.30214077 -0.3338272 ]
-22.403088
[-0.5722944  -0.11023609  0.28489694  0.31575927]
-22.428383
[-0.3139566  -0.6022082   1.         -0.55615497]
-22.4617
[0.43193126 0.76904047 0.49218732 0.41775694]
-22.72776
[ 0.11885303  0.6897763  -0.76177055  0.6222664 ]
-22.742365
[ 0.74249244  1.          0.21546787 -0.2600292 ]
-22.683796
[ 0.8837117  -0.65538126  0.9437903  -0.06753629]
-22.626797
[1.         1.         0.24348296 0.6074643 ]
-22.563915
[ 0.8397567 -0.874122   1.        -0.7085763]
-22.275356
[ 1.         -0.02703591 -0.77161586  0.9716248 ]
-22.115425
[ 0.74542004 -1.         -0.50024414 -1.        ]
-21.687374
[-0.7652613 -0.5557171 -1.         0.7090249]
-21.508274
[ 1.         -0.83889633 -0.40229207  0.96666664]
-21.061913
[-1.         1.         0.9931298  0.9913748]
-20.297756
[0.7949381  1.         0.37962532 0.6559705 ]
-19.592846
[ 0.06690584  1.          1.         -0.30413324]
-18.97015
[ 0.31530884 -0.56702125 -0.30452317  1.        ]
-18.784346
[-0.67846143  0.773054   -1.          1.        ]
-18.432758
[-1.          0.0968112   0.07564539  1.        ]
-17.954039
[-1.          0.78024143  0.73909557  0.9376463 ]
-17.41699
[ 0.6070694 -1.         1.        -1.       ]
-16.912811
[ 0.9703634   1.         -0.19656058  1.        ]
-16.899094
[ 0.1993638   0.62060505 -0.6458611  -0.11098704]
-16.656153
[0.6813117  0.39453673 0.16030934 0.10294631]
-16.463726
[ 0.57314974 -0.1648115  -1.         -1.        ]
-16.298836
Episode 142: length=50, total_reward=-3.65
[ 0.43850452 -1.         -0.2912755  -0.457685  ]
-23.260958
[-0.06168614 -1.          1.          0.887448  ]
-23.041935
[ 1.          0.07675005  0.5165782  -0.8015485 ]
-23.144516
[-1.  1.  1. -1.]
-23.031658
[ 1.         -0.11456236  1.         -1.        ]
-22.723883
[ 0.10669986 -0.7353747   0.3105072   0.9532826 ]
-22.388678
[-1.         1.        -0.1648809  0.6022946]
-22.609179
[-1.         -1.          0.67992496  0.6796745 ]
-22.93337
[-1.          0.09917463  1.          1.        ]
-23.224382
[ 0.09038837 -0.29106358  1.          1.        ]
-23.624058
[-0.59434605  0.35681096  0.8071266  -1.        ]
-24.023409
[ 0.14758044 -1.          0.23979573 -0.66438043]
-23.94947
[1.        0.9086798 1.        1.       ]
-23.675785
[-1.          0.7425974  -0.52777714 -0.0574574 ]
-23.840485
[-1.          0.09969044 -1.          1.        ]
-23.846397
[0.10554086 0.3428197  0.75914943 0.13079572]
-24.027233
[-1.         -0.4746823   0.22329527  0.11515673]
-24.147339
[0.51279706 0.33847916 0.17560977 0.79678184]
-24.126415
[ 1.        -1.         0.3632771 -1.       ]
-24.414673
[-1.          1.         -0.55273676 -0.7167795 ]
-24.329853
[ 1.         -1.         -0.00453116 -1.        ]
-24.094849
[-0.89707726 -1.          0.07919427  0.6879896 ]
-23.696413
[ 1.          1.          1.         -0.71073174]
-23.525486
[-0.21795452  0.23309128  0.75762093  1.        ]
-23.258362
[-0.17006367 -1.          0.8719525  -0.3385875 ]
-23.359585
[-0.3832162  -1.         -0.17449561  0.11787441]
-23.146248
[ 0.21361122 -0.207334    0.13284667 -1.        ]
-22.919197
[-0.3428911   0.0715     -0.49354184 -0.8317555 ]
-22.51564
[ 1.         -0.32788008  0.3974536   0.5089369 ]
-22.00695
[-1.        -0.7588403 -1.         1.       ]
-21.748667
[-1.         -0.41218394 -1.         -0.10398312]
-21.718588
[0.25263107 0.20158184 1.         0.52270305]
-21.628819
[0.10238839 0.13990165 0.34101525 1.        ]
-21.69283
[-1. -1. -1. -1.]
-21.927498
[ 1.          0.16284907  0.71321774 -0.87268615]
-21.632233
[-0.53207153 -1.         -1.         -1.        ]
-21.30146
[ 0.7419737 -1.        -0.2823072 -1.       ]
-20.766516
[ 1.          0.38179237 -1.         -1.        ]
-20.024775
[ 1.          0.16997328 -0.90479314  0.6723316 ]
-19.32327
[-0.14098212 -0.13192806 -0.21432894 -0.24182454]
-19.212711
[ 1.         -0.4175363   0.38876468 -0.43317193]
-19.061172
[-1.          1.         -0.10001603 -0.3267203 ]
-18.80699
[ 0.4477507  1.        -1.         0.685516 ]
-18.571394
[-0.01541179 -1.          0.4158368   0.23334084]
-18.703974
[1.         1.         0.01468602 0.05737194]
-18.7018
[-1.         -0.34426263  1.         -0.68449736]
-18.770721
[ 0.5867919   0.11151507 -1.         -1.        ]
-18.615625
[-1.         -0.13512783  0.683741   -1.        ]
-18.23141
[-0.7226031  1.         0.8534765  1.       ]
-17.597816
[ 1.         -1.         -1.          0.91705906]
-17.490576
Episode 143: length=50, total_reward=-5.17
[0.20067042 0.8778917  1.         1.        ]
-29.884983
[-1. -1. -1.  1.]
-30.207441
[-0.27803382  0.55685836 -0.6605472   0.07252836]
-30.597486
[ 0.25808173  0.6839742   1.         -0.23035583]
-30.860395
[ 1.          1.         -0.7561333  -0.12639156]
-30.841389
[-0.08775669 -0.04865092 -0.7347615  -0.27990815]
-30.910767
[ 0.05925302  0.36290628 -0.78285855  0.41059265]
-30.952816
[ 0.40659672  1.         -1.          1.        ]
-31.19366
[ 0.74372685 -0.51852435 -0.04913671 -0.5342222 ]
-31.113258
[-0.640743   -1.          1.          0.16427638]
-30.785467
[-1.         -0.2398527   0.6802792   0.42295682]
-30.491291
[-1.          0.6030148  -0.14334577  1.        ]
-30.347443
[-1.          0.39272198 -1.         -0.1940623 ]
-30.071554
[1.         1.         0.22412178 1.        ]
-30.08959
[-1.         -0.87649614 -0.33012098  1.        ]
-29.810081
[-0.9828017   0.8141651  -1.          0.30017328]
-29.504398
[-1.         -1.          0.17805074 -0.3970757 ]
-29.419521
[0.8317628  0.351847   0.59538376 1.        ]
-29.555178
[ 1.         -0.61185193 -1.          1.        ]
-29.485497
[ 0.6921076   0.00173329 -1.         -1.        ]
-29.136736
[ 1.          1.         -0.40090683 -1.        ]
-29.170475
[ 0.6518649  -0.42032626  0.28900203 -1.        ]
-29.494335
[-1.         -0.8972528  -0.60305935 -0.74499536]
-29.872496
[-0.39112756 -0.10550592 -0.5270595   0.860162  ]
-30.259445
[ 0.7329993  -1.         -0.85391766  1.        ]
-30.36206
[ 1.        -1.         0.7889176  0.6039596]
-30.077702
[-0.27184322 -0.37862363 -0.846002   -0.13509507]
-29.519026
[ 0.65143013 -0.24006905  0.33280006  0.29185486]
-29.22822
[ 0.8137659  -0.71403164  0.8165772  -1.        ]
-28.879112
[ 1.         -0.19523558  0.17924494  1.        ]
-28.631945
[ 0.14609456 -0.59674084 -0.25244302  0.56774825]
-27.984997
[ 0.3611515   0.36427248  1.         -0.5155945 ]
-27.336716
[-1.          1.          0.85763747  0.02120659]
-27.010881
[ 0.45487052  0.88974273 -0.12920351 -0.39940637]
-26.798899
[ 1.          0.51415175  0.52417946 -1.        ]
-26.6504
[-0.97034657 -0.633621    0.9655703  -0.7514771 ]
-26.664362
[0.32464668 1.         0.21998465 0.77708733]
-26.83073
[-0.695898    1.          0.23557463 -0.4975697 ]
-26.67326
[-1.          1.          0.00393584  0.0811775 ]
-26.709223
[-1.         -1.          0.8356623  -0.60375184]
-26.698677
[-0.6069554 -0.3846336 -1.        -0.0369983]
-26.96205
[-0.7923617  0.9265354  0.6606771 -0.972599 ]
-27.200281
[-0.09260041  0.18963164  1.         -1.        ]
-27.662163
[0.17373213 0.89550793 1.         0.20291366]
-28.186972
[ 0.64040864  0.11043198 -0.5372865   1.        ]
-28.42078
[ 1.  1. -1.  1.]
-28.3984
[-1.         -0.04895539  0.93580085 -1.        ]
-28.064756
[ 0.9280451  -0.62017447 -1.         -1.        ]
-28.215824
[ 1.          0.90377533 -0.29989213  1.        ]
-28.514347
[-0.56013465 -0.5020028  -1.          0.50042063]
-28.364174
Episode 144: length=50, total_reward=-5.39
[ 0.9011924  -0.20208201  0.35512465  0.28813952]
-3.7962642
[ 0.3197894  -0.7691715  -0.44745764  1.        ]
-3.83255
[ 0.15218802 -0.6931168   0.07469866 -0.7828142 ]
-4.054159
[0.28838354 1.         0.08374244 0.2145319 ]
-3.99162
[ 0.5744159   0.8858913  -0.77015495 -0.71648306]
-4.001761
[ 0.06931563 -0.9127291  -0.856018    0.39707565]
-3.6772056
[ 0.97887886  1.         -0.35642058 -1.        ]
-3.5504696
[0.59942997 0.23025891 1.         1.        ]
-3.1313288
[ 0.03002812  1.         -1.         -0.0637143 ]
-3.000866
[-1.         -0.16174436 -0.57195324  1.        ]
-2.7392492
[-0.8559536   1.          0.7152854  -0.09146471]
-2.7573965
[ 0.08135069 -0.05555309  1.          0.20219703]
-2.7652225
[-0.13114066 -0.5608442  -1.          0.66395104]
-2.7694538
[-1.          0.95139396 -0.3738796  -0.8556551 ]
-2.905288
[0.41558695 0.14261812 0.15691906 0.12075357]
-2.9360952
[-0.87704885  1.          1.          0.685339  ]
-2.9876401
[-1.          0.15673542  0.65211606 -0.64114124]
-3.4221115
[ 0.9442074  -0.29344213  1.         -1.        ]
-3.6645315
[ 0.23019978 -1.         -0.3061013  -0.1965897 ]
-3.5561285
[-0.272206   -0.17781684  1.         -0.6996947 ]
-3.453883
[-1.          1.         -0.06393106  0.4958378 ]
-3.2207286
[ 0.61477125  0.18590717  1.         -0.12568413]
-3.4749725
[ 0.0836032   0.231275   -0.62538683 -1.        ]
-3.636685
[ 1.         -0.49216855 -0.28936672  0.8004477 ]
-3.5605695
[ 0.8842196  -0.42257845 -1.          0.4375361 ]
-3.660631
[-1.          0.7650937   0.20372903 -1.        ]
-3.655826
[ 0.1074338 -1.         0.8405065 -1.       ]
-3.4199288
[-1.         -0.08244349 -0.72268766  0.22457096]
-2.9266686
[ 1.          1.         -0.12805954  1.        ]
-2.7221718
[-1.          0.8828436  -0.43597463  0.57571685]
-2.8781815
[ 0.41987076  0.61629176 -1.         -1.        ]
-3.2769945
[ 0.5049186   0.68472695  0.5357698  -1.        ]
-3.219699
[-1.          0.55917454 -0.6716933   0.49267113]
-2.924497
[-0.09458211 -1.         -0.89485335 -0.8137213 ]
-3.094006
[-1.          1.          0.35917157  0.3890211 ]
-2.9791694
[-1.         0.7960376 -1.        -1.       ]
-3.4355183
[ 0.05895768 -1.         -0.22784634 -0.44963002]
-3.7391324
[-0.6652684   0.07542682 -0.07683983  1.        ]
-3.9303992
[ 1.         -0.44519317 -1.         -0.88566583]
-4.5807853
[ 0.853979  -0.286974  -1.        -0.9950725]
-4.685655
[-0.589195   -0.94915646 -0.54063785 -1.        ]
-4.4145827
[-0.25998786  0.5194974  -1.          1.        ]
-4.0475197
[-0.48086813  1.         -0.21589673 -1.        ]
-4.127499
[ 0.9860946  -0.23990054  0.4691732  -0.31596905]
-4.134708
[-0.72904766  0.932804   -0.31614095 -1.        ]
-3.996557
[ 1.          0.5512016  -1.         -0.47580442]
-3.9743881
[ 0.21895118 -0.10720868 -0.26954973  1.        ]
-3.780941
[-0.11385521 -0.4307582   1.          0.7445003 ]
-4.083613
[-1.        -0.5990226  1.        -1.       ]
-4.554181
[-1.         1.        -0.6200919  0.6828998]
-4.6182065
Episode 145: length=50, total_reward=-1.63
[-1.         -0.46323168 -0.3090526   0.0493121 ]
-4.034131
[ 1.          1.          0.33100748 -1.        ]
-4.1442895
[ 0.47918528  1.         -1.         -1.        ]
-3.899148
[-0.75352204 -1.         -0.86475295 -1.        ]
-3.5337954
[ 1.         -0.30319455 -0.84119785 -0.29705724]
-3.075932
[ 0.4351185  -1.          0.32868114  0.28731984]
-2.6787558
[ 0.4600438   0.20798074  1.         -0.36758983]
-2.4174542
[-0.7356295  1.        -1.         1.       ]
-1.95518
[ 1.         -0.05608798 -0.50099725 -0.1416792 ]
-2.045903
[ 0.5060531   0.53854525 -0.01147186 -0.79926205]
-1.7953683
[ 0.14332536 -0.4213351   1.         -1.        ]
-1.4022591
[0.48223782 1.         1.         0.35151702]
-0.84520423
[ 1.         -0.53873247 -1.         -0.05410387]
-0.49034244
[-0.07310063 -0.09903251  0.07793249  1.        ]
-0.019347012
[-0.19053039 -0.44106004 -1.         -0.8009299 ]
-0.099947974
[ 0.3274742   0.66991067 -1.          0.08865945]
-0.44569272
[-0.69777733  0.13718535 -1.         -0.10190324]
-0.74538934
[ 0.4394384   0.23797719 -1.          0.04310536]
-0.92436063
[-0.55415595 -0.8595878  -1.         -0.45721513]
-1.1445827
[-0.6164386  -0.51158273 -0.31664327  1.        ]
-1.4960876
[-1.          0.13804318 -0.13230371  1.        ]
-1.4546316
[ 1.          0.43308434 -1.         -0.38573223]
-1.040537
[-0.40086943  0.08855034 -0.8471948  -1.        ]
-0.99470806
[-0.4173025 -0.7101122 -1.        -0.3541434]
-1.2611597
[ 0.34083694  0.29043865 -0.13651906 -0.8741643 ]
-1.3702505
[ 0.8461902 -0.4549389  0.913162  -1.       ]
-1.7203009
[ 1.          0.35617813  0.8948499  -0.5665394 ]
-2.3325734
[-0.704399    0.39478478 -0.9165297  -1.        ]
-2.9809854
[-0.27062988 -0.6048289   0.65039766  0.15524921]
-3.5591123
[ 0.610381   -0.34718636 -0.03410989 -1.        ]
-3.8476503
[-0.50682825  0.80627024  0.3495953  -0.19247697]
-4.258346
[-0.36357254  0.94374514  1.         -0.15922973]
-4.53638
[-0.59989876  0.1857261   0.17453936 -1.        ]
-4.720844
[ 1.        -0.9771847 -1.        -1.       ]
-4.997767
[ 0.63233805  1.         -0.58631444  0.15061954]
-5.5091357
[ 0.5168054   1.         -0.48801756  0.70330286]
-5.819409
[ 1.          0.42524257 -0.24634142 -1.        ]
-5.9633613
[0.49306288 0.7702164  0.63013184 0.8471494 ]
-6.5829444
[ 0.459705   -0.1538629  -1.          0.34040344]
-6.871167
[ 1.          0.55190223 -1.          0.3518726 ]
-7.0618305
[ 0.27169156 -1.         -1.          0.8410691 ]
-7.330528
[-0.9482124   0.00848972 -0.32415107  1.        ]
-7.2895913
[-0.47659227 -1.          0.4288744  -1.        ]
-6.9662724
[ 1.         -1.          1.          0.01462799]
-6.998288
[ 0.69697404 -0.12386754 -0.3181634   1.        ]
-7.073333
[ 1.          0.80621856 -0.89627427  0.3420233 ]
-6.9554815
[ 0.00623365 -1.          0.5662292  -0.90031886]
-6.886861
[-0.21023159  0.7802631   1.         -0.14679992]
-7.1198235
[ 0.53185916  0.23298258  1.         -1.        ]
-7.386909
[-0.42022076  1.         -0.27377117 -0.14545698]
-7.9037004
Episode 146: length=50, total_reward=-1.74
[-0.2855888 -1.         0.9455471 -0.0132174]
-30.965855
[-1.         -0.46217966  0.19211869 -0.9712448 ]
-30.954264
[ 1.         -1.          0.54516757  1.        ]
-31.414715
[ 1.         -0.37733287  0.14082074  0.3135289 ]
-31.374815
[ 1.          0.9212938   0.51076716 -1.        ]
-31.370943
[0.7003459 1.        0.4387635 1.       ]
-31.386684
[-0.49014702 -0.5856177  -1.          0.2929841 ]
-31.13132
[ 0.21467309 -0.32818353  1.         -1.        ]
-30.779331
[-1.          0.05452705  0.48927015  1.        ]
-30.799576
[-0.14294975 -1.          0.00545561  1.        ]
-30.575794
[ 1.         0.8265075 -1.         0.847062 ]
-30.102747
[1.         1.         0.42219627 1.        ]
-29.409086
[-0.6519431  -0.66221625 -0.3337162   0.05556957]
-28.56194
[-0.4458718  1.         1.         0.6972558]
-27.982304
[0.40354526 0.6636087  0.2071709  0.196255  ]
-27.4926
[-0.43454155 -0.71215963 -1.          0.96530104]
-27.11835
[-0.25508937  0.50837857 -0.8210907   1.        ]
-26.604902
[ 0.98803    -0.05775639 -1.          1.        ]
-25.88582
[ 0.00526164  1.         -0.6026292   0.22117414]
-25.026691
[-0.05250429  0.88581544 -0.48931274  0.09870493]
-24.455002
[ 0.50229776 -1.         -0.93955857  0.7578566 ]
-24.174877
[-0.25733066 -1.         -0.6003442   0.10997545]
-23.70362
[0.5622524  0.17917527 1.         1.        ]
-23.29874
[0.3793326  0.40456283 1.         1.        ]
-22.640333
[ 0.08103539  0.38198635 -0.6010138  -0.51417196]
-21.983944
[-0.02287418  0.07616523 -0.04302063 -0.6299006 ]
-21.724297
[0.43062744 0.7568484  0.43234754 0.81414187]
-21.821655
[-0.9059856   0.48329803 -1.          0.8431384 ]
-21.68624
[-0.69230795 -0.9023495   0.09714976 -0.0973096 ]
-21.377964
[1.         0.6997912  0.39546514 0.44108012]
-21.181122
[-0.59183466 -0.50404626  0.5059036   0.7266854 ]
-20.84652
[ 1.  1.  1. -1.]
-20.437866
[-0.21312529  1.         -0.02709382  0.5474323 ]
-20.646023
[ 0.823866   -0.06406531  0.75914586  0.7249612 ]
-20.585953
[-1.         -0.17059326 -0.12342821 -1.        ]
-20.343695
[-0.9147707   0.7780963  -1.         -0.54161215]
-20.488667
[-0.80655533 -0.40216115 -0.26478755 -0.0567616 ]
-20.764824
[-0.80479527 -0.05115426 -0.25392362  1.        ]
-20.926823
[ 1.         -0.13314562 -0.31945935  0.45044857]
-20.916954
[-0.10307352 -0.5488902   1.          1.        ]
-20.7453
[-0.77443093 -0.5490817   0.5929474   0.88868713]
-20.311562
[ 0.14129396 -1.         -0.16464613  1.        ]
-19.764112
[-1.          0.41132033  1.          1.        ]
-19.103392
[ 1.         -0.83246523  0.29988927  0.08199511]
-18.481802
[ 1.         -0.33868635  1.          0.60530794]
-17.943151
[ 0.0211539  -0.06291344 -0.40316334 -0.5410588 ]
-17.46159
[-0.5876579  0.1029761  0.4933864 -1.       ]
-17.258715
[ 0.30950367 -0.4356953  -0.1071859  -0.597289  ]
-17.503742
[-0.04951997  0.7716488   0.97925985  0.5771916 ]
-17.76439
[ 1.         -1.         -0.17602752  0.18390961]
-17.750296
Episode 147: length=50, total_reward=-4.71
[ 0.6508132  -0.67129016  0.68260455 -0.3189954 ]
-16.141632
[-0.25010082  0.14677289 -0.29453167  0.17942083]
-16.183018
[-1.          0.9097276   0.50967973 -0.45902517]
-16.178625
[ 1.          1.         -0.24570173 -1.        ]
-16.422136
[-0.35393676  1.          1.          1.        ]
-16.955809
[ 0.11153992 -0.17433003 -0.281943   -0.9251748 ]
-17.194828
[ 0.536782   -0.33936822  0.5458577   0.01179856]
-17.571619
[-0.45145586  1.          0.54840547  1.        ]
-17.716702
[-0.39003843 -1.          1.         -1.        ]
-17.716202
[-0.76740086  0.8050993   0.473192    1.        ]
-17.940468
[0.77969193 1.         1.         1.        ]
-18.014359
[ 1.          0.22608128 -0.6767912   0.7246112 ]
-17.881344
[-1.         -0.76168394  0.57446605  0.52886   ]
-17.690071
[ 0.6770642   0.24467342 -1.          1.        ]
-17.371166
[ 0.93443465  1.         -0.59948874  0.30936322]
-17.026022
[ 1.         -0.58612627 -0.04546902  0.29960328]
-16.871374
[ 0.38136667 -0.7815858  -1.          0.10902635]
-16.6137
[-0.69116867 -0.45435643 -0.3303354  -1.        ]
-16.330526
[-0.23115376 -0.00876282  1.         -0.8871404 ]
-16.5145
[-1.         -1.         -0.74358666  1.        ]
-16.790436
[ 0.21450245  1.         -1.         -0.49552274]
-16.514194
[-0.1756644  0.4328115 -1.        -1.       ]
-16.556099
[ 0.88454235 -0.42321298  0.8245705  -1.        ]
-16.78058
[1.         1.         0.7562026  0.05289077]
-17.10018
[ 1.          0.39915714 -1.          0.29937088]
-17.357134
[-0.627897   -0.21107951 -0.68405426 -0.15030593]
-17.477491
[ 0.4819404  -0.67201424  0.4612131  -0.12254541]
-17.582415
[ 1.          1.         -0.17199925 -0.87706804]
-17.646145
[ 0.00172496 -0.2859103  -0.44033897 -1.        ]
-17.917809
[-0.5661453   0.65709853  1.          1.        ]
-18.183664
[1.         1.         1.         0.35340068]
-18.122871
[-0.3656745   0.44751415  1.         -1.        ]
-18.017143
[-0.3599754 -1.        -0.3378698 -1.       ]
-18.217571
[-0.56671906 -0.1187809  -0.56558627 -1.        ]
-18.48328
[ 0.18380024  0.5618954  -1.         -0.03450047]
-18.901943
[ 0.08061677 -1.          0.87598085 -1.        ]
-19.05992
[ 0.03217733 -1.         -1.          1.        ]
-19.435324
[-0.01453969 -0.5846234   0.26131582  0.70460004]
-19.300703
[ 0.5409785  -0.769217   -0.8453649   0.21977708]
-18.840025
[-1.          0.62206554 -1.          0.32997417]
-18.447212
[ 1.         -0.60525924 -0.43699718 -0.7511382 ]
-18.128202
[ 0.50624603  0.6808059  -0.12938261 -0.7601509 ]
-17.97111
[ 0.06102239 -0.9268903   0.6083669  -0.25868404]
-18.074383
[-1.          0.01685355  0.355293    0.25105006]
-18.15418
[-0.8837952   0.84999335 -0.40566245  1.        ]
-17.981298
[ 0.24547918 -0.26926512 -0.9380349  -0.24703537]
-17.608074
[-1.        -0.1356547 -0.3887971 -1.       ]
-17.40002
[ 0.30525726  0.58355874  1.         -0.55137587]
-17.544601
[ 1.         -0.7417007   1.         -0.63089114]
-17.913635
[-0.61283535  0.06440181 -0.9988819  -0.8336392 ]
-18.165792
Episode 148: length=50, total_reward=-3.49
[ 0.49763584 -0.4592387  -0.4331304  -0.24018304]
-8.257493
[ 1.          0.37515745  0.8923787  -1.        ]
-8.09926
[ 0.71253836 -0.05764513  0.16886474 -0.33109137]
-7.7127743
[-0.96517175  1.          1.          1.        ]
-7.2748275
[ 0.6124616  -1.          0.39407218 -0.1682071 ]
-7.4393654
[-1.         -0.07750089  0.32849085  1.        ]
-7.4680896
[ 1.         -0.02729799 -0.8055753   0.33743057]
-7.747912
[-0.8555862  -0.09167875  0.09473363 -0.6732258 ]
-7.991504
[-1.          0.67088246  1.         -0.73284984]
-8.030205
[-0.44290102 -1.         -1.          0.03648244]
-8.073148
[ 0.96960723 -0.32438657 -0.02391937  0.72461593]
-8.105697
[ 0.9557109   0.16879524  0.22146125 -0.1354421 ]
-8.145155
[ 0.8345073   0.38224962 -0.01736914 -1.        ]
-8.021044
[-0.40225288  0.72869503  0.4149043   1.        ]
-7.6685905
[ 1.         -0.7847885   1.          0.23958276]
-7.716045
[-1.          0.4145688  -0.2747233   0.65310174]
-7.68158
[-0.2474716   0.31657806 -1.          0.8069454 ]
-7.7377887
[ 1.          0.5513435   0.98324347 -1.        ]
-8.073062
[-0.770126    0.7872267  -0.47484148 -0.20212054]
-7.919378
[-0.60273474 -0.6524784   1.          1.        ]
-7.882914
[ 0.21215957  0.9110564  -0.34252673  1.        ]
-8.142213
[ 0.3290426   1.         -0.9369197  -0.18479207]
-8.555192
[ 1.         -0.1691005  -1.         -0.68711275]
-8.853139
[-0.04533434 -0.19109476 -0.5057166  -0.8678334 ]
-8.689336
[-0.41698164  0.6218209  -1.          1.        ]
-8.309831
[ 1.         -1.          0.77683145 -1.        ]
-8.434619
[ 1.         -0.39143404  0.7257591   0.89792514]
-8.082486
[ 0.58390456 -1.          0.21566363  0.03301749]
-7.8705454
[-0.6554159  -0.76740474 -1.          1.        ]
-7.448178
[-0.29321024 -1.          0.69809496 -1.        ]
-7.331066
[-0.23261702 -0.0941688  -1.          1.        ]
-6.872664
[ 1.        -1.         0.5533805 -1.       ]
-6.7830615
[ 1.         -0.13477728  0.11936437 -0.1498526 ]
-6.178847
[ 0.72192407 -0.00981018 -1.         -0.91020024]
-5.5574713
[ 1.         -0.83956206  0.6871275  -1.        ]
-4.6207547
[-0.71324694 -0.51866996 -0.6205343   0.5533586 ]
-3.538826
[ 0.05077411  0.6316935  -0.7391889  -0.730592  ]
-3.0579605
[-0.9219415  -0.1936016   0.5170651  -0.44193897]
-2.5412025
[ 0.8709924  1.        -1.         1.       ]
-2.1834419
[ 0.71841586 -0.5963492  -1.          1.        ]
-1.9704628
[-0.53646797  0.14263195 -1.         -0.11211319]
-1.8454744
[-1.          0.67077297  0.5369858   1.        ]
-1.6576196
[ 0.06239519  1.         -0.9146753   0.44715282]
-1.8611382
[ 0.81747425 -0.6253927  -0.5458023  -1.        ]
-2.0346496
[-0.07809463 -0.4966608  -1.          0.2121024 ]
-1.7039014
[ 1.          1.         -0.48477545 -0.05574579]
-1.4489942
[-0.9535297   0.9379464   0.36162275 -0.26997802]
-1.1111267
[ 0.6266659 -0.0581447  0.7978408 -0.5239426]
-0.76757526
[ 0.15547602 -0.43356502 -0.18352492  0.34476912]
-0.17621195
[ 0.3141994  -0.7493586  -0.5943457   0.38666946]
-0.23610395
Episode 149: length=50, total_reward=-1.49
[-1.         -0.13016272  0.3994045  -0.5924856 ]
-3.2699904
[ 1.          0.4043306  -0.21943836 -0.66983616]
-3.330968
[-0.177993   1.        -0.2229885  1.       ]
-3.0766046
[-0.8852602   0.52850646 -0.74341553  1.        ]
-3.2602916
[-0.07026932  0.82167196 -1.         -0.3737027 ]
-3.9207819
[-0.2706152  -0.39107734  1.         -0.7125623 ]
-4.375021
[ 0.66836107  1.          0.5873469  -0.65020066]
-4.4358373
[ 0.22208796 -1.         -0.3566112  -1.        ]
-4.376166
[-0.40143642  0.39076617 -0.29763842 -0.15433186]
-4.106386
[-0.48299333 -0.62879336 -0.4597492  -0.3301687 ]
-4.0994577
[-0.11628991 -0.47858953  0.17514971  0.8706663 ]
-4.132574
[ 0.7928132  -0.07119924 -0.46144742  0.5347491 ]
-4.4776697
[ 1.        -0.7925198  0.9825796 -1.       ]
-4.709552
[ 1.         -0.45759457  0.59440666  1.        ]
-4.319227
[-0.63582546 -1.          0.43169832  1.        ]
-4.186499
[ 0.49225125 -0.836017    0.44949743  1.        ]
-4.3575983
[ 0.21837878  0.8824315   0.2012928  -1.        ]
-4.5470357
[ 1.        -1.         0.5698957 -1.       ]
-4.4042516
[ 0.36291504 -0.27194297 -1.          0.565874  ]
-3.850768
[ 1.         -0.12005898  0.7145214  -0.68561816]
-3.4134326
[-0.20105505  0.06781697  1.          1.        ]
-2.6754081
[-1.         -0.52144814 -0.47795287 -0.21135035]
-2.3689504
[-1.        -1.        -0.5178508  1.       ]
-2.102327
[-0.06374393  0.34788278 -1.          1.        ]
-2.2270439
[ 0.9048395   0.14850524 -1.         -1.        ]
-2.629427
[-1.         -0.9867225   1.         -0.77862227]
-2.4183125
[-0.8641103  -0.6133118  -0.59227747 -1.        ]
-2.120175
[ 0.69348955 -0.638354    1.         -0.4116426 ]
-1.7090465
[ 0.4144054  -0.54024744  0.85575294 -0.49681783]
-1.3540702
[-1.          0.43087608 -0.03912105 -1.        ]
-0.9650667
[-1.         1.         0.5571654  0.5410423]
-0.4673255
[ 1.         -0.03956234  0.3390327  -0.03717875]
-0.5286515
[-0.00431446 -1.          0.5977239  -1.        ]
-0.534035
[ 0.06373011  0.1257824  -0.4443078   0.2623104 ]
-0.33957148
[ 1.          0.05967248 -0.96616256 -0.4232243 ]
-0.34909385
[ 0.75715935 -0.27099988  0.8196571  -0.5479042 ]
-0.15120666
[ 1.        -0.9531251 -0.205992  -1.       ]
-0.2506236
[-0.7605127  -0.5150753  -0.5881383   0.09902366]
-0.91853833
[ 0.02059783  1.         -0.631528    0.04218496]
-1.2411897
[-1.         -0.38620228 -0.3166284   1.        ]
-1.4721601
[ 1.          0.39432263 -1.          0.43514118]
-1.150424
[ 0.0768545   0.8815443  -1.         -0.56280434]
-0.8377669
[1.         0.30217272 1.         0.4858303 ]
-0.874655
[ 1.         0.6717189  1.        -1.       ]
-0.99710673
[ 0.66058606 -0.89737207 -0.7868563  -0.31177515]
-1.4225595
[-0.803664    0.4775966   0.8913534  -0.09534819]
-1.925975
[ 0.51009244 -1.          0.54630536 -0.39833146]
-2.241474
[-0.02977085 -0.81095535 -1.         -0.48852828]
-2.7479079
[ 1.          1.          0.04919895 -1.        ]
-3.2130096
[-1.       -1.       -1.        0.002809]
-3.9530272
Episode 150: length=50, total_reward=-2.40
[ 1.          0.20051244  0.589421   -0.5351902 ]
-15.290218
[ 0.9028686   0.8135829   1.         -0.07404153]
-15.189091
[-1.         1.        -1.         0.8877269]
-15.062943
[-0.6927422  0.5837755 -0.9091567 -1.       ]
-15.298673
[-0.6438903   1.          0.14099772  1.        ]
-15.229946
[-1.         -0.47805718  0.45687252  0.4441954 ]
-15.602876
[-1.          0.45777407 -1.         -0.6223907 ]
-15.931698
[ 1.        -1.         1.        -0.5304315]
-16.090897
[ 1.          1.         -0.38022277 -0.24733579]
-16.038939
[ 1.          1.         -1.         -0.41649246]
-16.04694
[ 0.95718    0.8589294  0.5865301 -0.7221912]
-16.04423
[ 1.          1.         -0.23870268  0.7397747 ]
-15.92263
[-1.         0.9864961 -0.2159405 -1.       ]
-16.230755
[ 1.         1.        -0.3774544 -0.6342484]
-16.35374
[ 0.48714828  0.7798531  -1.         -1.        ]
-16.371653
[ 1.          0.40999448  0.7924758  -0.17827788]
-16.235958
[ 0.6077374  -1.         -1.         -0.46515745]
-16.23976
[ 1.         -0.61138403  0.593056   -1.        ]
-16.002304
[ 0.38921663  0.547211    0.36699688 -0.7754779 ]
-15.640741
[-0.16760322 -0.35675836 -0.7309169  -1.        ]
-15.286901
[ 1.         -0.41173592  0.7539612  -1.        ]
-14.943577
[-0.3010035  -0.17776781  0.32149455 -1.        ]
-14.392895
[ 0.15826063  0.737952   -0.38808018 -1.        ]
-13.807679
[ 0.56343114 -0.83556443 -0.35541975 -0.9624158 ]
-13.438274
[-0.27458465  1.          0.7683648   1.        ]
-12.897076
[ 0.01053628 -0.37595415 -1.         -0.89666116]
-12.97902
[0.5878921 0.5588523 1.        1.       ]
-12.67744
[-1.          1.         -0.12329455 -0.85275924]
-12.810108
[ 0.303026    1.          0.12963076 -1.        ]
-12.862743
[ 0.6134397   0.19522327 -1.          0.05805124]
-12.839848
[-0.42905027  1.         -0.58303815 -0.5457117 ]
-12.952805
[ 0.82384574  0.53206235 -0.13160293 -1.        ]
-13.078896
[ 0.17462155 -1.         -1.         -1.        ]
-13.077517
[ 0.32966027  1.         -0.28081396  1.        ]
-12.772976
[-0.2637101   1.          0.20213057 -0.16513363]
-13.071965
[ 0.33589423  1.         -1.         -0.08974188]
-13.469658
[ 1.          1.         -0.05534546 -1.        ]
-14.071412
[1.         0.50355786 0.745175   0.05443464]
-14.332024
[ 0.506728   -0.22591375  0.32509202  0.31187102]
-14.960956
[-0.14883693 -0.22170787  0.13343681  1.        ]
-15.743388
[-0.35785615 -0.2560288   0.71719944 -0.54199946]
-16.819304
[ 1.         -1.         -1.          0.06277023]
-17.593098
[-0.09373789 -1.         -0.8779089   0.60416067]
-18.006985
[ 0.45074427 -0.5830953   0.01260072 -0.8803917 ]
-17.89022
[-0.38287795  0.6549722  -1.          0.21535441]
-16.613836
[ 1.          0.88275194 -1.         -0.5729313 ]
-14.955344
[-1.         -1.         -0.29954898 -1.        ]
-14.09028
[-1.         -1.         -0.14492711  1.        ]
-11.688389
[-1.          1.          0.18473786 -1.        ]
-8.326961
[-1.         -0.28336734 -0.04463683 -0.91629595]
-6.479537
Episode 151: length=50, total_reward=-2.79
[-0.07749528  0.29729426 -1.         -0.74214345]
-8.4017935
[-1.         -1.          0.17918316 -0.19364463]
-8.1431
[1.        1.        1.        0.4329885]
-7.9344172
[ 1.          0.44182175 -0.4603898  -0.48409364]
-7.9365487
[-0.791826    0.51566935  1.         -0.76694936]
-7.800541
[-1.          1.          0.50337255 -0.5379263 ]
-7.554779
[ 0.8467564   0.33144224  0.39084888 -0.26305097]
-7.373152
[ 0.42852727 -0.78639555  0.14832672  0.0301021 ]
-7.146778
[-1.         -0.29373145 -0.25839442  0.8690567 ]
-7.0407295
[ 0.6842858  -0.83475244  1.          1.        ]
-7.212038
[-0.26896617 -0.6738876   1.         -0.8889227 ]
-7.4412346
[-0.64878875  0.97149646  0.11032052 -0.08285472]
-7.2653008
[-0.47603458  0.6696308  -0.6075084   0.06853737]
-7.2538137
[-0.31227776  0.6299192  -0.6821146  -1.        ]
-7.4098926
[-0.4764219   0.32497516 -0.64257866 -0.36914408]
-7.384038
[-0.3716111  -1.          0.03897452 -1.        ]
-7.40787
[-0.18861015  0.04474159 -0.87226456 -0.8629376 ]
-7.221546
[1.         0.36372048 1.         0.4889055 ]
-7.0553017
[-0.62431186  1.          0.29096812 -1.        ]
-6.971345
[ 0.8402442  -1.         -0.31739646  0.8316251 ]
-6.90547
[-1.         -0.66035515 -0.8917932  -1.        ]
-7.1093802
[0.5520352  0.8590623  0.28252274 1.        ]
-7.0562935
[ 0.61405283 -0.05992067 -0.38936472 -0.5937075 ]
-7.4480915
[-1.         -0.14296424  1.         -1.        ]
-7.5357537
[ 0.60142773 -1.         -1.         -1.        ]
-7.4210553
[ 1.         -0.9396773  -0.10407336  0.85928696]
-7.0544243
[-0.7651418  -1.         -1.          0.75911844]
-6.8769126
[-1.         -0.7807851   0.07413399  1.        ]
-7.019019
[-0.26693693 -0.5900024  -0.5041495   0.15043528]
-7.588338
[-0.46751857  0.02664128  0.6348965   0.95550466]
-7.9911513
[ 0.7456089   0.5786992   0.10331164 -0.17459668]
-8.569883
[-0.23491195 -1.          0.71477926 -1.        ]
-8.780121
[-0.00317248 -0.44722882 -0.05368553  0.4108489 ]
-8.62482
[ 1.          0.00972389 -0.5357876   0.76268184]
-8.723949
[-0.7239313  -1.          0.34803802  1.        ]
-8.919534
[ 0.17065525  0.06739853  1.         -0.33541355]
-9.303187
[-1.         -1.         -0.064594    0.18986061]
-9.4641485
[ 0.6722839  -0.0429503  -0.18676151 -0.519891  ]
-9.620241
[ 1.          0.63527125  1.         -1.        ]
-9.576428
[0.14177383 1.         0.46861494 1.        ]
-9.260658
[-0.9697485  -0.1437855  -0.15605624  0.09755822]
-9.317473
[ 0.02768445  0.13977611  1.         -0.06483467]
-9.449748
[0.70742935 0.8313497  0.4579835  0.41266552]
-9.499587
[ 0.4228112  -0.4765746  -1.         -0.47441012]
-9.636611
[-1.          0.4620589  -0.9152203  -0.30780208]
-9.565113
[ 0.549958   -0.24158815  0.5839587  -0.85627186]
-9.446633
[ 0.8983325  -1.          0.45188937  0.2263563 ]
-9.17341
[-0.36699915  0.5431877   0.85283947  0.5291314 ]
-8.927845
[ 0.60330683 -0.26965773 -0.6441399   0.47996873]
-8.884329
[ 1.          1.          0.20571215 -0.488069  ]
-8.793491
Episode 152: length=50, total_reward=-3.31
[-0.52824473 -1.          0.87902516 -0.918345  ]
-7.5865173
[ 0.27198458  0.573958    0.7291591  -0.44937766]
-7.347345
[ 0.92233276 -0.25792316  1.         -1.        ]
-7.0709896
[-1.         -0.82268864 -0.06203768 -0.37428838]
-6.460686
[-0.22454244  0.29564798  0.2340607   0.19158143]
-6.04436
[-0.75428176 -0.05833431  1.          0.8202344 ]
-5.770598
[-1.          1.          0.27338395  1.        ]
-6.012169
[ 1.          0.84258175 -1.          0.6575061 ]
-6.7264795
[ 0.70505154 -0.4133399   1.          0.3112638 ]
-7.325496
[ 0.2532978   0.11943823 -1.          0.9919741 ]
-7.6689525
[ 0.52024555 -0.54114026  0.7718462  -0.42975232]
-8.227834
[ 0.8317804  -1.          1.          0.83959913]
-8.297361
[0.6244617  0.15055627 1.         0.4496739 ]
-8.298744
[ 0.5009964  -0.22564006  0.34033582  1.        ]
-8.297161
[-0.26678795 -1.         -0.6423912   1.        ]
-8.449468
[-1.         1.        -1.        -0.8785255]
-8.542413
[ 0.5602049   1.          0.61519665 -0.5057421 ]
-8.605508
[ 0.04606621 -1.          0.07862481  0.07771435]
-8.451594
[-0.08852315  0.13409992  1.          0.10669388]
-8.256282
[ 0.30722624  0.14256282  0.4031906  -1.        ]
-8.090104
[ 0.5806441  -0.21860208 -0.65697926 -0.9561149 ]
-7.5253105
[ 0.3752885   0.12949106 -0.5349346   1.        ]
-6.6683106
[ 0.96062595 -0.32606292 -1.          0.48237744]
-6.4384084
[0.3653961 1.        0.4004631 1.       ]
-6.1312113
[ 1. -1. -1.  1.]
-6.043578
[-0.17333946 -0.07168008 -0.21591102  0.03279068]
-5.9063725
[ 0.38406807 -0.38159636  0.61126083 -0.8619629 ]
-5.527936
[ 0.4036471   0.17985621  0.5111946  -0.10051247]
-4.8397655
[ 0.29555488 -0.3587962  -0.5570409   0.12644719]
-4.139941
[ 1.         -0.89043826 -0.42163354 -1.        ]
-3.4825163
[ 0.833853    1.         -0.17610236 -0.08148135]
-2.3767369
[ 1.         -0.5491397   0.98136604 -0.2588918 ]
-1.328402
[ 0.18899375 -0.53950787  1.         -0.5549818 ]
-0.16342798
[ 1.         -0.23911631 -0.6630608  -0.10231617]
-0.9711001
[ 0.6425296  -1.         -0.37530488 -0.50294816]
-1.9905721
[ 0.24706234  0.64885986  1.         -1.        ]
-2.863598
[ 0.73598385  0.6057228  -0.67942417 -1.        ]
-3.9360037
[1.        1.        0.6825412 1.       ]
-5.01715
[-0.36240333 -0.20988393  1.         -0.5995466 ]
-5.808089
[-0.78351176  0.44614425  0.57938296  0.34043348]
-6.620939
[ 0.7713296  -0.53048044 -1.         -0.5162246 ]
-7.104265
[-1.         -0.42936623  0.525788   -1.        ]
-7.654377
[ 0.9613003   1.         -0.70480347  1.        ]
-8.271613
[-1.         -1.          0.5957442  -0.75134075]
-8.546563
[-0.08022651  0.79314446 -1.          0.20182882]
-8.8376
[-0.61223197  1.         -0.6170604   0.93151516]
-9.043441
[ 0.75981295 -0.5623142   0.0030883   0.14726613]
-9.066206
[ 0.38617855  1.         -0.11559265  0.4441761 ]
-9.119368
[ 0.0744859   0.26519343 -0.24047732 -1.        ]
-9.140907
[ 0.91732395 -0.12317894 -1.         -0.70422924]
-9.471579
Episode 153: length=50, total_reward=-1.92
[ 0.7734555   1.         -1.          0.82000977]
-17.368492
[-0.65229887 -0.25206643 -0.23774171  1.        ]
-17.40909
[-0.44176498 -1.          0.08156511  0.54997003]
-17.292221
[-1.         0.5307423 -0.654596   1.       ]
-16.924175
[-0.01861104  0.10351513 -0.23674822 -1.        ]
-16.711124
[ 0.49571413 -0.04525707 -0.16026668 -0.34467763]
-16.91997
[-0.04841653  1.          0.43872496  0.3357481 ]
-16.957134
[-1.          1.         -1.          0.14088465]
-17.21887
[ 1.         -0.5748247   0.9790216   0.09634903]
-18.344791
[ 0.8482908   0.12721917  1.         -1.        ]
-19.048475
[ 0.04996678 -1.         -0.5228642   0.165616  ]
-19.712166
[ 0.05445901  0.00684694 -0.15737286  1.        ]
-19.485449
[ 0.3522561  -0.30095202  0.39077252 -1.        ]
-18.878588
[ 1.          0.37576172 -0.42863873 -0.39518866]
-18.173098
[ 1.         -0.2130254  -1.          0.03654328]
-17.676023
[-0.2661542   0.24754277  1.          0.30106997]
-16.979292
[-0.28570667  0.31270838  1.         -1.        ]
-16.650213
[ 0.21892649 -1.          0.23629029 -1.        ]
-16.72481
[ 0.595482   -0.28640038 -1.         -0.66657954]
-16.620024
[ 0.879889   -0.08631723  0.12228885 -1.        ]
-16.323704
[ 0.9569204  1.        -0.5985695 -0.6249467]
-16.266397
[ 1.         -0.06321567  0.45025152  0.8289171 ]
-16.556767
[ 1.         -0.16854152  1.          0.66221625]
-16.351427
[ 0.51832116 -0.6572021  -1.         -1.        ]
-15.954484
[ 0.06338073  0.8430413  -0.50602984  0.3513652 ]
-15.774225
[ 0.16144608  0.21911258  1.         -1.        ]
-15.715689
[-0.7920283   0.11899526 -1.          1.        ]
-15.941876
[-0.3686595  -0.37903976 -0.6325949  -0.8624382 ]
-15.909113
[ 1.          0.58705384 -0.6678962  -0.6973115 ]
-16.051481
[-0.4876308  -1.         -0.42515466 -0.45111817]
-16.302088
[-0.58045465  0.12804842  1.         -0.38631874]
-16.458344
[ 1.        -0.2930988 -0.2996754  0.5263771]
-16.682343
[-0.32145414 -0.6270885   0.8678686   1.        ]
-16.685614
[0.27979636 0.8245342  0.9813391  0.10358623]
-16.406673
[-1.         -0.9826043   1.          0.48907223]
-16.25645
[-0.38879728  0.0235762   0.32582727 -0.43672857]
-15.934765
[-1.         1.        -1.        -0.2847672]
-15.7301655
[-1.          0.50085706 -0.2978015   0.6810608 ]
-15.706276
[-1.         -1.          0.85218626 -0.54357296]
-15.556196
[-0.87558866  1.          0.5418086  -0.3876031 ]
-15.478014
[0.93270373 1.         0.9199492  1.        ]
-15.683993
[ 0.60501266 -1.         -1.         -0.2945757 ]
-15.660986
[ 0.14162928  0.81052375 -1.          0.03861548]
-15.586022
[ 0.04812905 -1.          0.3368487  -1.        ]
-15.746035
[0.0938618 1.        0.8798708 0.9944433]
-15.933918
[ 1.        -0.2142036 -0.74029    1.       ]
-15.961422
[-0.00278097  1.          0.06259443 -0.5789594 ]
-15.781545
[ 0.89535654 -0.22264746  0.04222427 -1.        ]
-16.04205
[ 1.         -0.5133042   0.16688547 -1.        ]
-16.461166
[-1.          0.23755006 -0.37510884 -0.86719984]
-17.02134
Episode 154: length=50, total_reward=-3.70
[ 0.8035376  0.7088475 -0.5879332 -1.       ]
-17.49912
[-0.49036443 -0.037057   -1.          0.07889393]
-17.276886
[-0.04455394  0.77478164  0.32603583  0.64567304]
-17.17305
[-0.82772326  0.2373315  -0.63854444 -0.10892233]
-17.341736
[-0.67347884 -0.72789466  0.03001256 -1.        ]
-17.3919
[ 0.13255304 -0.0404536  -0.8754453   0.5345782 ]
-17.204493
[ 0.01244217  0.05810395 -0.05395996  1.        ]
-17.219208
[-1.          0.47369152 -0.24790497 -1.        ]
-17.49233
[ 0.19965996 -1.         -0.35053355 -1.        ]
-17.307775
[ 1.          0.27252954 -1.         -1.        ]
-16.851885
[ 1.          0.4594801  -0.8480586  -0.28747478]
-16.360622
[ 1.         -1.         -0.30138302  1.        ]
-16.000877
[ 0.615425   -0.10609832  0.08796138 -0.7343335 ]
-15.921484
[-0.09756121  0.9410661  -0.14581297 -0.08622597]
-15.614706
[ 0.576326    0.17697406 -0.16081752 -0.35056353]
-15.475961
[ 1.         -0.06964913  0.4915939  -0.21942075]
-15.435587
[-0.35444707 -0.4393265  -0.40232545 -1.        ]
-15.484754
[-0.31067625 -0.03401949  0.9719565   0.19381574]
-15.293203
[-0.329569   -0.42043516 -0.664474   -0.73477656]
-15.227201
[ 0.744931    0.9043037   0.10275607 -0.10581271]
-14.95545
[ 0.62928194  1.         -1.          1.        ]
-14.724422
[-0.09444088  0.15903896 -0.8754724  -0.10464811]
-14.936906
[ 1.          0.6351913  -0.20256625 -0.7104728 ]
-15.064178
[-0.06561756  0.67146415 -1.          1.        ]
-14.935928
[-0.00343892  1.          0.9026872   1.        ]
-15.220209
[ 1.        -1.        -1.        -0.5902596]
-15.9482155
[-0.1632179  -1.         -0.05784092  0.77464616]
-16.134613
[ 0.10208005 -1.         -0.7262784   0.3720731 ]
-16.3369
[ 0.25124285 -0.04969382  0.04266261 -0.73658824]
-16.420532
[-0.5208817  1.         0.2508026 -0.4105971]
-16.10477
[-1.         -0.76459193  1.          0.37309587]
-15.917388
[-0.5965917   0.19503254  0.47080532 -0.3842522 ]
-15.921007
[ 0.15442169  1.         -0.34558046 -0.31254095]
-15.846487
[-0.3302392   0.44694114  1.         -0.39702433]
-15.86393
[-0.58702207  0.1568032  -0.05438243 -0.08789784]
-15.807186
[-1.         -1.         -0.77014387  0.822432  ]
-15.858065
[ 0.563971    0.7835261  -0.17799181  0.6431337 ]
-16.062649
[-0.385649   -0.3784154  -1.          0.11647362]
-16.49399
[ 1.         1.         1.        -0.6643748]
-16.58505
[ 0.14117879  0.67707     1.         -0.63371146]
-16.55801
[-0.5177187   0.63364965 -0.7071877  -1.        ]
-16.548326
[1.         0.0535368  0.17081462 0.45496568]
-16.38065
[0.01788598 1.         0.23864956 1.        ]
-16.550781
[ 1.         -0.4596287   0.47954246  1.        ]
-17.143362
[-0.18930274 -1.         -0.6390632   1.        ]
-17.806452
[ 1.          1.         -0.20201293 -1.        ]
-18.329351
[ 0.9916003   0.1043006   0.94109493 -1.        ]
-18.59369
[ 1.          0.03317949 -0.9320476  -0.67434907]
-18.727291
[ 0.32662165  0.07947174 -0.6170948   0.19953418]
-18.694904
[-0.02794461  0.86903673  1.          0.14344837]
-19.058645
Episode 155: length=50, total_reward=-3.10
[ 0.7078011 -0.7872928 -0.9096961 -1.       ]
-0.86083025
[ 1.          1.         -0.91587067 -1.        ]
-0.40595192
[ 0.9694839   1.         -0.6744332   0.69275296]
-0.33631116
[ 0.7610254  -0.75868046  0.27807266 -0.93866   ]
-0.90281713
[-0.2307707  -0.88853776 -0.7113632   1.        ]
-1.7361892
[-0.6128217  1.         1.        -1.       ]
-1.9741975
[-0.3750857  -0.19810425  1.          0.11546344]
-2.4758677
[-0.7074169 -0.889166  -1.         0.2338078]
-2.8562834
[ 0.5319705  1.        -0.6000836 -0.1567361]
-2.934208
[ 1.        -0.1083103  1.         1.       ]
-3.146901
[0.27859706 0.37935224 1.         1.        ]
-3.1871984
[-1.          0.43092307  0.31298834 -0.7986742 ]
-3.0753946
[ 0.94658005 -0.31768477 -0.9529931   0.33381617]
-3.1778145
[-0.36213282 -0.7809863  -0.26642698 -0.73547417]
-3.400297
[ 1.         -0.9196469   0.67010427 -0.6533308 ]
-3.709545
[ 1.          0.2364906  -1.          0.80698955]
-4.1733255
[ 0.6138083  -0.6423238   1.         -0.16912699]
-4.401454
[-1.          0.23629062 -0.15097015 -0.6952408 ]
-4.741371
[ 1.          0.43127263  1.         -0.24969389]
-5.123537
[-0.20892984  0.54963154  0.36562032 -1.        ]
-5.6897564
[ 1.          1.         -0.95419943  0.36778527]
-6.413847
[ 0.12955111  0.48067895 -0.39028832 -0.87211776]
-7.002278
[-1.          1.          0.02826717 -1.        ]
-7.7424583
[-0.76990473  0.15209693  1.         -0.6789174 ]
-8.626295
[ 0.1312774 -1.         0.4600953  1.       ]
-9.371175
[-1.  1.  1.  1.]
-9.52571
[-0.22271693 -0.03275219  0.913928    1.        ]
-9.404407
[ 0.64992285 -0.14960061  1.         -0.07222852]
-9.05477
[ 0.72652423  1.         -0.96111053 -0.5782681 ]
-8.92673
[ 1.          1.          0.34661397 -1.        ]
-9.282932
[-1.         -0.20390554 -1.          1.        ]
-9.932251
[0.72551656 0.26440543 0.8408225  0.1265631 ]
-9.978041
[-1.         -0.03300844 -0.03128798  0.11216994]
-10.030255
[ 0.8761879   0.23410484 -1.         -0.05015311]
-10.118089
[-0.22349212  1.          0.02580088  0.76076293]
-10.323415
[-1.         -1.          0.31554213  0.06207844]
-10.342212
[-0.870405   -0.54449546  0.72714067 -1.        ]
-10.196662
[-0.22516072  0.27567327 -0.0937876  -1.        ]
-10.274719
[ 0.1759826   0.28805694  1.         -0.6353331 ]
-10.537371
[-0.01497029 -0.8657876  -1.          0.15121463]
-10.921797
[ 1.          0.4581361   0.38252676 -1.        ]
-11.014952
[-0.5953901  0.6412555  1.         0.8148831]
-11.469382
[ 0.41425872 -0.24669138 -0.6714443   0.08752331]
-11.517824
[ 0.41405275 -0.68307763  0.49115425 -0.61947864]
-11.515879
[-0.35580412  0.814161    0.8951938  -0.49197692]
-11.698207
[ 1.          0.00395434 -0.5785356   1.        ]
-11.995977
[-1.          0.77447176 -0.42422345 -0.10866356]
-11.970219
[-1.        -0.5265372  0.1390876  1.       ]
-11.967386
[ 1.         -0.34539473  0.4800414  -0.35971755]
-11.694702
[-1.         -1.          1.         -0.15225185]
-11.76041
Episode 156: length=50, total_reward=-1.97
[0.6390414  1.         0.22413331 0.02629694]
-10.009483
[ 0.9821698  -1.          0.6162352  -0.08443355]
-10.158627
[ 1.        -1.         1.        -0.1667723]
-9.960882
[ 0.84153634  0.47129458 -0.00576463  0.4999046 ]
-9.571411
[-1.         1.        -0.9513162 -1.       ]
-9.257445
[-1.         -0.1290472   0.20599224  0.48519403]
-8.917743
[-0.04447358  1.         -0.9987222   0.36625266]
-8.890212
[-0.01659615  0.08393942  0.34729558 -1.        ]
-9.018191
[-1.          0.4587574  -0.3088743  -0.03492917]
-8.87738
[ 0.6178724   1.         -0.89691585 -1.        ]
-8.874952
[ 0.16453749  1.          0.6367302  -0.49528885]
-8.76649
[ 0.4509381   0.7942274   0.9333087  -0.19887643]
-8.561999
[-1.         -0.06071895 -0.68008125 -0.9644844 ]
-8.538841
[-0.46675834 -0.6232072   1.         -0.77693474]
-8.51261
[ 0.9215918  -0.5286338  -0.28738412 -0.36574423]
-8.24106
[-1. -1. -1. -1.]
-8.061552
[-1.         -0.21537241 -0.12969425  0.2677393 ]
-7.715402
[-0.4347642  -0.6854953   1.          0.23207131]
-7.8412433
[0.42637008 1.         0.25773278 0.28116316]
-7.983213
[1.        1.        0.4420365 1.       ]
-8.180472
[ 0.73907864 -0.61074954  1.          1.        ]
-8.6172495
[-0.9548241  0.9268395 -1.        -1.       ]
-9.045641
[ 0.46303388 -0.02727261  1.         -1.        ]
-9.249128
[-0.45495558  1.          0.8251433  -1.        ]
-9.159194
[-1.         -0.10367459  0.22653556 -1.        ]
-9.0366
[-0.45789847  1.         -1.         -0.20104697]
-8.908792
[ 1.          0.38578087  0.6906265  -0.9299103 ]
-9.128763
[ 0.30480343  0.5390628   1.         -0.5403141 ]
-9.1278925
[-0.9324195  0.9482375 -1.        -0.6362441]
-9.009644
[-0.34772113 -0.4115043   1.         -0.09950756]
-9.179019
[-1.         -0.63524526 -0.26008716 -0.48706275]
-9.312246
[-0.17800781  1.          0.59066033 -0.49114802]
-9.376952
[ 0.09782468  0.4786982  -1.          0.55419374]
-9.500976
[ 0.26132593  0.36909986 -0.03713572  0.4497923 ]
-9.85656
[1.         0.7089148  0.547865   0.76704365]
-10.333815
[ 1.         -0.27338234  1.         -1.        ]
-11.007944
[-1.          1.          0.68748915 -0.1926265 ]
-11.129426
[ 1.          0.62175125  0.22294182 -0.377438  ]
-11.476446
[-0.8517584   0.13164987  1.          0.3355456 ]
-11.676968
[-0.5361804 -1.        -1.        -1.       ]
-12.1465
[ 0.5165682   0.4284165  -0.40360284 -1.        ]
-12.177096
[ 0.5041803  -0.10821597  0.4167967   0.91011494]
-11.937381
[-0.9104171   0.30907705  0.3773053  -0.30993715]
-11.970364
[-0.14738649  0.2309767  -1.          0.31051674]
-12.116676
[ 0.57958305  0.13076833  0.5564596  -0.8259222 ]
-12.265004
[ 1.         -0.28459018 -0.49121517  1.        ]
-12.172227
[1.         0.6628276  0.27532142 0.8152224 ]
-12.307773
[-1.         -0.111871    0.36441502 -0.0252732 ]
-12.619634
[ 0.67357403 -0.10625556  0.5613541  -0.9643199 ]
-12.877746
[-0.4680974  -0.46001446  0.26635385 -1.        ]
-12.783308
Episode 157: length=50, total_reward=-2.55
[-0.73246205 -0.00412036  0.8484122   0.9014612 ]
-8.64142
[0.32167965 0.648829   1.         0.25777832]
-8.293438
[-0.456486    0.8318236   1.          0.75274086]
-8.060714
[ 0.16449624 -0.14275585  1.         -0.221269  ]
-7.705675
[-1.        -1.         1.        -0.3036192]
-7.545944
[-0.19096705  0.4857673   0.62693524 -0.43749636]
-7.4652867
[ 0.45034572 -0.24245256 -0.8972184   0.8615452 ]
-7.5176864
[-0.40044427 -0.42237374  0.9762379   0.7459726 ]
-7.2749577
[ 0.64205337  1.          0.7937168  -0.2610417 ]
-6.784546
[-0.4196381  1.         0.2789773  1.       ]
-6.5793915
[-0.85441804  0.44007963 -0.01463287 -1.        ]
-6.2187552
[ 1.          1.         -1.          0.31532905]
-6.238363
[ 0.9694747   0.05068725 -0.88895893 -0.7652171 ]
-6.205508
[-0.42821148 -1.          1.          1.        ]
-6.4481363
[ 1.          0.11515383 -1.         -1.        ]
-6.195557
[-1.         -1.         -0.58191425 -0.9579231 ]
-6.245649
[-0.72699213  0.24083741 -0.5196017   1.        ]
-6.411726
[ 0.80792516 -0.88663316 -0.8396447   0.25019825]
-6.1331434
[-0.37599435 -1.         -1.         -0.78808635]
-5.852668
[ 1.         -0.44945714 -0.9999466   0.13954993]
-5.790322
[ 0.26208904 -0.32198882  1.         -1.        ]
-5.6528687
[ 0.2819206   0.5923954   0.17442548 -0.04900925]
-5.775674
[ 0.19404642 -0.03955258 -1.          1.        ]
-5.8985353
[ 0.6835308 -0.5767044  1.        -0.9507351]
-5.725506
[ 0.73618895 -1.         -0.47223985  0.18896534]
-5.9043093
[ 0.09651652 -0.2763603   0.81468207 -0.12130886]
-5.993473
[-0.15777063  1.         -0.05544618  0.3457815 ]
-6.0783553
[ 1.         -0.2545588  -0.02882819  0.45878917]
-6.1275454
[-0.50595397  1.          0.5522711   0.4074428 ]
-6.047256
[-0.49200267  0.76227057  0.102688    0.9426016 ]
-5.9140797
[-0.8026598   0.9982086   1.          0.07419916]
-5.514028
[ 0.6426606   1.          0.8981382  -0.02320227]
-5.2091017
[-0.6004507  -0.5359074   0.50324553  0.04827719]
-5.258582
[-0.18702838 -1.         -0.36232007  0.1398663 ]
-5.3018546
[ 0.95348656 -0.2599554  -0.6977387  -1.        ]
-5.211933
[-8.8571012e-04  5.5328226e-01  9.7023845e-01 -1.0000000e+00]
-5.4230714
[ 1.          1.         -0.6334208   0.09020694]
-5.7582116
[ 0.47081578 -0.4322748   0.23121543  1.        ]
-5.9907455
[-0.37222484 -1.          0.94181806 -0.02030244]
-5.9709764
[-0.3062929  -0.30331105 -0.73603374  0.566731  ]
-5.9739656
[ 1.         -0.20490108  0.57174814  1.        ]
-5.8153744
[0.6565374 0.1291116 1.        0.709877 ]
-5.593088
[-0.42735696 -1.          0.20986567 -0.52721894]
-5.373352
[-0.08169684  1.          0.65494525  1.        ]
-5.2471995
[ 0.47584516 -0.1243017   0.33016315  1.        ]
-4.9218545
[ 1.         -0.82910293 -0.4236362   1.        ]
-4.496549
[-0.8446766   0.04743643  0.25816584  0.9585128 ]
-4.0141234
[ 0.05944648  0.868361    0.10018472 -0.48203477]
-3.4997745
[-0.2811091   0.12247322  1.         -1.        ]
-3.4207819
[ 0.2625037 -0.485843  -0.8802846  0.5050261]
-3.5961766
Episode 158: length=50, total_reward=-1.75
[0.40568876 0.3896155  0.63823724 0.47021866]
-11.794695
[ 0.5204581   0.28027907  0.01859397 -0.5373374 ]
-11.804756
[-0.78110063  1.          0.29710668 -0.56188655]
-12.018532
[ 0.28066963  1.         -0.3562083   1.        ]
-12.387842
[-1.          0.36721104  0.23405418 -0.16266909]
-12.410697
[-0.6476726  -0.61103433 -0.38965014  1.        ]
-12.545551
[ 1.         -0.40491652  0.5561787   0.33379406]
-12.312273
[1.         0.5092579  0.58137465 1.        ]
-12.082132
[ 1.         0.3895433 -1.        -0.7711434]
-11.762041
[-0.8725028  -1.         -0.00951397 -0.15155229]
-11.907653
[-0.5637003   0.66287166 -0.18134588 -0.84617764]
-11.9228115
[ 1.         -0.42307004  0.68909216 -1.        ]
-12.241167
[ 1.         0.0619028 -1.         0.9209709]
-12.749404
[ 0.6216124  -0.06725153 -0.18508896 -1.        ]
-12.894625
[ 0.0178872  -0.34767225 -1.          0.7671121 ]
-13.231315
[ 0.35955134 -0.10133594 -1.          1.        ]
-13.186134
[ 1.         -0.5840237   0.1559185   0.40832347]
-12.948584
[-1.          0.75802505 -1.          1.        ]
-12.653145
[ 0.61152005 -1.         -0.9491549  -1.        ]
-12.194475
[-0.04372022 -1.         -1.          1.        ]
-12.165636
[-0.6054882  -0.12502341 -0.76329786  0.45604375]
-11.789764
[ 0.202414    0.44273436 -0.9158485  -1.        ]
-11.262783
[-0.36852527 -0.40653688 -1.         -1.        ]
-11.229047
[-9.0068579e-04 -1.0000000e+00  7.4809045e-01 -1.0000000e+00]
-11.405481
[-0.4856447  -0.07651825  0.32417402 -1.        ]
-11.672062
[-0.2764929   1.          0.5855012  -0.04947258]
-12.036027
[ 1.          0.7481056  -1.          0.40603736]
-12.229151
[ 0.39561877  1.          0.03815107 -0.1244126 ]
-12.302207
[ 0.0858319   1.          0.20702356 -0.6330479 ]
-12.431549
[ 0.6981272  0.762377   1.        -1.       ]
-12.879089
[ 1.          1.         -0.4446692  -0.28277862]
-13.499717
[ 0.6488912  -0.69128126  0.8296979  -0.9859088 ]
-14.035672
[ 0.15809852 -0.9461741  -0.55342823  0.03869005]
-14.660067
[-0.47426927 -0.37903395  0.53431016  0.05844183]
-14.911713
[-0.9324151   0.4452731  -1.         -0.79842794]
-15.02994
[-0.79350376  0.6478579   0.57105017  0.6895943 ]
-15.300397
[0.76568604 0.47572696 0.63951    0.05801548]
-15.388357
[ 0.7249984   0.41204354 -0.7641825  -0.23381007]
-15.472049
[-1.          0.41428325  1.          0.4627636 ]
-15.718149
[0.71766007 1.         0.4275399  0.7292078 ]
-15.885958
[-0.33485693  1.         -1.          0.60927826]
-15.950159
[ 0.01116058 -0.4891593   0.5446314  -0.5504595 ]
-15.913404
[-0.6393217   0.2619809  -0.6696144  -0.79240113]
-15.949978
[ 0.92518437  1.          1.         -1.        ]
-16.273668
[ 0.73612964 -0.84543335 -0.76178026 -0.2805814 ]
-16.849941
[ 0.15055501 -0.6365981  -1.          1.        ]
-17.219833
[ 1.         -0.45498145 -0.58263755 -0.6014987 ]
-17.121561
[ 1.          0.74777985  0.32889092 -0.46219963]
-17.20201
[-1.         1.        -1.         0.6479265]
-17.406162
[ 1.         -0.6126329  -0.17167494  0.04341747]
-17.4204
Episode 159: length=50, total_reward=-3.05
[ 0.13655919  1.         -0.62987006  1.        ]
-16.807007
[-1.         -0.10836776 -0.6200591   0.49806616]
-16.517189
[ 0.14343366 -1.          1.         -0.92319995]
-16.218504
[ 0.90792197 -0.8841758  -0.42531472 -1.        ]
-16.25482
[-1.          0.49735427  0.41303656  1.        ]
-16.506775
[ 1.         -0.52795196  0.58941627 -1.        ]
-16.52213
[-0.74708813 -0.6801418  -0.81358784  0.20135221]
-16.73612
[ 0.08770079 -0.8000538   0.05957921  1.        ]
-16.728647
[ 1.         -1.          1.          0.76891685]
-16.379183
[ 0.71624196 -0.4556355   1.         -0.28946447]
-15.672268
[-1.         -1.         -0.40541005  0.24056871]
-15.205802
[ 0.6262391 -1.         1.         0.9460811]
-14.713167
[ 1.         -0.2390081   0.23999633  1.        ]
-13.979186
[-0.7935999  -0.95508325  1.          0.49233332]
-13.2205715
[ 1.        -1.        -0.5225011  0.7633057]
-12.63688
[-0.1940982   0.63137645 -1.          0.04324409]
-11.978778
[-1.         -0.35003525  1.          1.        ]
-11.670822
[-0.84817857  0.7034546   0.7453419   1.        ]
-11.235762
[ 1.          0.92959553 -1.          1.        ]
-10.626811
[-0.72998947  0.02485551  1.         -0.9263325 ]
-10.089593
[-1.         -1.          0.41796222  0.53406316]
-9.915938
[-1.         -0.9373473   0.5898006  -0.34754592]
-9.482293
[ 1.          1.         -0.15440789 -1.        ]
-9.205366
[ 0.06157725  0.01916566  1.         -0.02459887]
-9.418511
[ 1.         -0.7256616  -1.         -0.47713664]
-9.442935
[1.         1.         0.8350717  0.52687734]
-9.675532
[ 1.         -0.706536    0.21051642 -0.81075454]
-9.663252
[-0.520669   -0.93988746  0.4713152  -1.        ]
-9.932832
[ 1.          1.          0.86978245 -0.17670543]
-10.277972
[-0.79080296  1.         -1.          0.89248466]
-10.634922
[ 1.         -0.44992644 -0.5290337   0.751603  ]
-10.690326
[ 1.        -0.8074961  0.7557719  0.5635681]
-10.556855
[-1.        -0.5035373  0.6105054  1.       ]
-10.427089
[ 0.81008273  0.7037582   0.17110525 -0.7789975 ]
-10.091548
[-0.76528335  0.8046007   0.21307862 -1.        ]
-10.23643
[-0.00753466 -0.40146166 -0.08570055  0.2598487 ]
-10.544414
[-0.19567794  0.8376354   1.         -0.47887683]
-10.653443
[ 0.72515875 -0.0506001  -0.08947723  1.        ]
-10.897045
[ 0.01278567  0.82293534  0.43233788 -1.        ]
-10.750617
[0.24685371 0.7284054  0.5975384  1.        ]
-10.962872
[ 0.34623554  1.         -0.34116265 -0.1012661 ]
-10.856337
[ 0.5935726  -0.43208444 -0.36844504 -1.        ]
-10.881294
[ 0.42255175 -0.8645488  -0.06854098  0.27262944]
-11.286015
[-0.29304394  0.877368    0.27478552  0.634542  ]
-11.518401
[-0.8738382  -0.7728032  -0.64086616  1.        ]
-11.514353
[ 0.17284971 -0.8494401  -0.4757582  -1.        ]
-11.232628
[ 1.          0.90989983 -1.          0.8217789 ]
-11.263375
[-0.13870211  0.07755847  0.4339621  -1.        ]
-11.070098
[-1.          0.5027329  -0.04791949 -0.6600679 ]
-11.229853
[1.         0.64663655 0.1027317  0.6129842 ]
-11.477469
Episode 160: length=50, total_reward=-3.10
[ 1.  1. -1.  1.]
-14.8305435
[0.83584327 0.84081906 0.44867107 0.42499757]
-15.151149
[ 0.6265837  -0.7630403   0.3814664  -0.88510853]
-15.493198
[ 0.7652914  -0.30785927 -0.29844326  0.05888841]
-15.523711
[-0.39324713 -0.6187198   0.79504514  1.        ]
-15.545627
[ 0.2698686  -1.         -0.24981971 -0.06022777]
-15.757934
[-0.12830311 -0.36947605  0.5520464   0.44504622]
-15.81564
[-1.          0.06520526 -1.          0.3319193 ]
-15.75523
[ 1.         -1.          1.         -0.88532996]
-15.79517
[-0.26929712 -0.04256414  1.          0.10600258]
-15.446592
[ 0.9292751 -1.         1.         1.       ]
-15.295106
[-0.46175984 -1.          0.991372   -1.        ]
-15.25034
[ 0.10606003 -0.13618785  0.80964947 -1.        ]
-14.932509
[ 0.41937855 -1.          0.17648399 -0.07999249]
-14.298847
[-0.17819157 -0.7337695   1.         -1.        ]
-13.743294
[-0.9898027   0.04488082 -0.05081862 -0.46790162]
-12.988174
[-0.5320296 -1.        -1.         1.       ]
-12.381336
[ 0.36397922 -0.09638088  1.         -0.31958485]
-12.175749
[ 0.55064905 -0.390212   -0.8685967  -0.9997339 ]
-11.816385
[-1.          1.          0.8894984  -0.07283798]
-11.160458
[1.         0.4041677  0.33593774 0.7844559 ]
-10.789249
[-0.40482968 -0.20201847 -1.          0.70553446]
-10.6933
[0.6181878 0.8495802 1.        0.8953522]
-10.855911
[ 1.          0.95427483 -1.          0.3931614 ]
-11.039837
[ 1.         -0.82695657  1.          1.        ]
-11.142118
[-0.20906106  0.62520397  1.          0.50575274]
-11.275871
[ 1.         -0.11824823 -0.38943508 -0.1828863 ]
-11.536186
[-1.         -0.25679624 -1.         -0.19467038]
-11.609114
[ 1.        -0.5501217  0.3771629  0.762079 ]
-11.523207
[ 0.5999931  -0.13621822  0.08951573  0.9303255 ]
-11.562788
[0.07799894 1.         0.6565619  0.9740195 ]
-11.6037445
[ 0.8419413   0.42701715 -0.07101703 -0.14822237]
-11.820038
[ 1.         -0.80608237  0.15884995 -0.28216144]
-11.935709
[-1.         -1.         -0.43404683  0.274985  ]
-11.789988
[ 0.38938046 -1.          1.          1.        ]
-11.681997
[-0.15141672  1.          0.11371107  1.        ]
-11.682985
[-1.          1.         -0.57623184  0.23607795]
-11.9104595
[-0.68946534 -0.74326324  0.58429897  0.520374  ]
-12.17552
[ 0.02187927 -0.63210726  1.         -0.35520017]
-12.411867
[ 1.          1.          1.         -0.09930758]
-12.3003025
[ 0.10275084  0.04685248  1.         -0.9802345 ]
-12.269505
[1.        1.        0.5720772 1.       ]
-11.942232
[ 1.         -1.         -0.79575354  0.61502206]
-12.023203
[-0.47916752  0.550372   -0.76663375 -0.32675463]
-11.990068
[ 1.         0.6281114  1.        -1.       ]
-11.915009
[-1.          0.46353966 -0.1519551   0.01054935]
-11.6059
[ 1.          0.9893605  -0.48372748  0.20053571]
-11.475489
[-0.27547216 -0.5164566   1.          0.92852545]
-11.480949
[ 1.         -1.         -1.         -0.21737057]
-11.598709
[-3.8489699e-04 -7.5476539e-01  1.0000000e+00 -2.3292173e-01]
-11.256077
Episode 161: length=50, total_reward=-2.59
[ 0.77459055 -1.         -0.6595892  -0.8844973 ]
-3.8474772
[ 0.3517691   0.39141724 -1.          0.73860735]
-4.13785
[ 0.5727175  -0.18630467 -1.          0.5708199 ]
-4.1185937
[ 1.         -1.          0.9132851  -0.16369998]
-3.940047
[-1.          1.          1.         -0.42876694]
-3.963584
[-0.81335104  0.60570616 -0.64550817 -0.07824655]
-3.9601805
[ 0.91980636  1.          0.99837375 -0.12365138]
-3.9694893
[ 0.9995971 -0.8147477 -1.         1.       ]
-4.0734444
[0.63448876 0.73456776 1.         0.91932076]
-3.9938617
[-0.5888931  -0.18827216  0.24439162  0.5582402 ]
-3.9364195
[-0.5318283   1.         -0.5956008   0.84115744]
-3.7336063
[ 0.34417027  0.32758752 -0.31751508 -1.        ]
-3.323704
[ 0.10907589  0.61900496 -1.         -0.26695603]
-3.4883056
[ 0.30409577  0.90666676 -1.         -0.34903038]
-3.769742
[ 0.37767103 -1.         -0.33877265  0.36039364]
-4.116727
[ 0.02596103 -0.6614913   1.          1.        ]
-4.3383894
[-0.20482576 -0.43823197 -0.4677139   1.        ]
-4.2546196
[ 1.         -0.35888574 -1.         -1.        ]
-3.8935306
[0.63165826 0.2298674  0.4579287  0.05763865]
-4.0487185
[-1.          0.01345823  0.5341276   0.9904582 ]
-4.1496496
[ 0.40538067 -1.          1.          0.4271231 ]
-3.932166
[ 1.         -0.03588481  1.         -0.50941235]
-3.766017
[ 0.6464945   0.00179322 -0.707708   -0.08760138]
-3.8431737
[-0.30750275  0.25000444  0.1813169  -1.        ]
-4.160302
[-0.9738898  -0.36720845 -0.76401085  0.8892076 ]
-4.689762
[0.44673762 0.23928751 1.         0.88625085]
-4.7539287
[ 0.14050543  0.07415337 -0.13253999  1.        ]
-4.509837
[-0.76234305  0.37191385 -0.7636482   0.22497909]
-4.195157
[-0.4074616  -1.          0.4204333   0.13044134]
-3.9149299
[ 1.        -0.9983255  1.         0.302603 ]
-3.6151278
[-1.          0.48770654 -0.12943093  0.92511135]
-3.2655356
[-1.         -1.          0.09718655  0.80952555]
-2.6728687
[-0.19384682  0.73209167 -0.70987576 -0.9106188 ]
-2.0664098
[-0.5969803  -0.2993114  -0.09938875 -0.54540503]
-1.9978116
[ 1.         -0.39395544  1.          0.19017656]
-2.1058657
[-0.80363506 -0.767045    0.23850702  0.73599184]
-2.252045
[-1.         -0.41066948 -0.9613874  -0.12939845]
-2.053441
[ 1.         -0.618867    0.29912648  0.00365317]
-1.9029002
[-1.         -0.24093837  0.77542937 -0.43794364]
-1.8002063
[-0.17465734  0.00161673  1.          1.        ]
-1.773051
[-0.5979416 -1.         1.         0.7872107]
-1.3162522
[-0.16445985  1.          0.6528348   1.        ]
-0.79162455
[-1.         -0.12549496  0.46958783 -1.        ]
-0.29340297
[ 1.          0.5333225  -1.          0.40949142]
-0.13345824
[-0.7473269  1.        -1.         0.90611  ]
-0.122828946
[ 0.6142415   0.50345254 -0.97077405  0.01272948]
-0.70065963
[-0.55434895  0.1311558  -1.          0.22353795]
-1.0398003
[-0.36368507 -1.          0.25318122 -0.85592014]
-1.4961122
[-0.631368    0.5515904  -0.3323321  -0.10362626]
-1.6928674
[ 0.9843643  0.5107705 -1.        -1.       ]
-1.9224434
Episode 162: length=50, total_reward=-2.11
[-0.790293    0.6414199   0.66703606 -0.6601082 ]
-10.933765
[ 0.2851314  0.7681445 -0.4681096  0.67254  ]
-11.025213
[ 0.6688711  -0.34661615  1.          1.        ]
-10.887546
[ 0.52670324 -0.101089    0.8834092   0.03878734]
-10.7077265
[-0.18133065  1.         -1.          1.        ]
-10.538329
[-0.19724554  0.72379696 -0.89626175  0.77621794]
-10.170702
[-0.19412015 -1.          0.42917886  1.        ]
-9.913803
[-0.2923513   1.          0.47812352  1.        ]
-9.39569
[-0.2708655   0.3606727  -0.00263498 -0.76328737]
-8.884293
[ 0.31253475 -1.         -0.71197677  0.7538232 ]
-8.867469
[-1.         -0.71490574  0.42451566 -1.        ]
-8.552403
[ 0.33949795 -1.          0.31672525 -0.54439783]
-8.524009
[ 1.          0.20465036 -0.31303716  0.2839858 ]
-8.581925
[ 0.36232287 -0.562967    0.8795569   0.96532565]
-8.628303
[ 0.9735857  -1.          1.         -0.01727319]
-8.462859
[-0.1724861   0.05412418 -0.8256514   0.8371707 ]
-8.252926
[ 0.1260956  -1.          0.91494864  1.        ]
-7.905403
[-0.97244686 -0.9608368  -0.2581355   0.12292454]
-7.403022
[-1.         -0.36982787  1.          0.68907404]
-6.9250364
[1.         0.19839925 1.         0.21897568]
-6.303761
[-1.         -0.4618949   0.7717267  -0.71642417]
-5.979235
[ 0.5837757   0.31035936 -0.34128907  1.        ]
-5.767762
[ 1.          0.34753308 -0.00252466 -0.11871785]
-5.4033732
[0.19800158 0.06338127 1.         1.        ]
-5.28734
[-1.          0.00120409 -0.22948112 -1.        ]
-4.9460344
[ 0.8887092  -1.          0.78653336  0.9380498 ]
-4.9508796
[-1.         -1.          0.17541859  0.524434  ]
-4.752024
[-0.87820935 -1.         -1.          1.        ]
-4.3713226
[-0.15689656 -0.04038425  0.12209298 -0.6078035 ]
-3.7019343
[-0.5254518  -0.29003063 -0.87111425  1.        ]
-3.3474824
[-0.47262576  0.11142009  0.8086362  -0.20954087]
-2.7031376
[ 0.6247835  -1.         -0.6057328  -0.38253957]
-2.2704892
[-1.         -0.49124223 -0.16156454  1.        ]
-2.0498428
[ 1.         -0.38378906  1.          0.3436408 ]
-1.4442124
[ 0.29945517 -0.50051534  0.7353973   0.2404561 ]
-1.0686941
[ 0.63647074 -0.3567681  -0.5878118  -0.5970204 ]
-0.8170626
[ 1.         -1.         -0.85690445 -0.87504536]
-0.8399271
[ 1.         -1.         -0.47784203  0.42954627]
-1.0558722
[ 0.9575835 -0.4589581 -0.6856152 -1.       ]
-1.1478682
[-0.6875105  -0.19688365 -0.5080297   1.        ]
-1.6282381
[5.7825243e-01 6.4370793e-01 1.0000000e+00 5.0629675e-04]
-1.6173091
[-1.          0.65409964 -1.          1.        ]
-1.6128459
[-0.17777961  0.2222242   0.5100919  -0.33556724]
-1.3800206
[ 1.         -0.46778885  0.950523   -0.15544432]
-1.3746946
[-1.         -1.         -0.10169357 -0.17873782]
-1.6447223
[-0.03693321 -0.0412548   0.7464307  -0.03657237]
-1.8022023
[-0.19683167 -0.22626443 -1.          1.        ]
-1.9546424
[ 1.         -0.06031375 -1.         -0.49375406]
-1.685821
[-0.02020383 -0.20362642  0.51456046  0.3110269 ]
-1.7039933
[ 1.          0.3360589  -0.5181789  -0.41498765]
-1.5922465
Episode 163: length=50, total_reward=-2.33
[-0.33295038  0.2821154  -1.         -0.1612982 ]
-11.554285
[-0.02307454 -0.17248882 -1.          1.        ]
-11.509861
[1.         0.38844508 0.5595682  0.81596565]
-11.78608
[1.         1.         0.04610147 0.83594936]
-12.262825
[ 1.         -1.         -0.23631436 -0.07759824]
-12.753359
[ 0.47391948 -0.39133376 -1.          0.04272029]
-12.939683
[-1.        -1.        -0.3302043  0.8419864]
-12.963627
[ 0.79933906  1.          0.34312397 -0.13328344]
-13.143991
[ 1.         -1.          0.03664099 -0.33763254]
-13.283401
[ 0.84159535  0.07564746 -0.73269606 -0.49151325]
-13.07159
[ 0.84486353 -0.8292029   1.         -1.        ]
-12.675842
[0.89007795 1.         0.49549568 0.9309003 ]
-11.950783
[ 1.          0.49786592  0.52421117 -0.9876674 ]
-11.782972
[ 0.5377915  0.075196  -0.7469121  1.       ]
-11.331817
[-1.         0.2456877 -0.7946514  1.       ]
-11.2476845
[ 1.         -1.         -0.29674345  1.        ]
-11.396194
[ 0.95424736  0.28680563 -1.          1.        ]
-11.386567
[-0.12559083 -0.973559    0.12839444 -0.75032413]
-11.434467
[ 0.3569051  -1.          0.75733244 -0.9068758 ]
-10.874883
[ 1.         -0.00875866 -1.         -0.02632166]
-9.848403
[-0.37844148  0.1888668   1.          0.9615722 ]
-8.778245
[-0.79398346 -0.9987716   1.          0.36178645]
-8.161935
[ 1.          0.11868421 -1.         -1.        ]
-7.4802732
[-0.89567286 -0.2980143  -1.         -0.21762633]
-6.423093
[-0.638016   -1.          1.          0.40680057]
-5.5715823
[ 1.         -0.6815913   0.13255933  0.30471158]
-5.124422
[ 1. -1.  1.  1.]
-4.4755373
[ 1.         -0.9722664  -0.031606    0.31700766]
-3.7700262
[-0.35268012  1.          0.9965262   0.5652424 ]
-2.8709292
[-0.2401863  -0.0038577  -0.86866164 -1.        ]
-2.5098858
[ 1.        -0.3513848  1.         0.6403519]
-1.8610749
[-1.       -0.972703  1.       -1.      ]
-1.2089523
[-0.28555903 -0.08653107  0.01512509  0.3176421 ]
-0.65888643
[ 0.05735077 -0.806995    0.5913609   1.        ]
-0.517017
[ 0.5214151 -1.         0.1524691 -1.       ]
-0.42510968
[ 0.0162164  -0.02818042  0.22647557 -0.19139189]
-0.000108778375
[ 0.57010865  1.         -0.14079048 -0.26732618]
-0.34709537
[ 0.17155218 -0.14060284  1.          0.11874228]
-0.8032856
[ 0.25868762  0.67082393 -0.01627152  0.4041334 ]
-1.2268836
[ 0.87887466  1.         -1.         -0.07787053]
-1.4323579
[ 1.          0.17771146  0.16167504 -0.670137  ]
-1.8692873
[ 0.35673258 -0.23581143 -1.         -0.16348329]
-2.686815
-----------------------------------------
| time/                   |             |
|    fps                  | 577         |
|    iterations           | 4           |
|    time_elapsed         | 14          |
|    total_timesteps      | 8192        |
| train/                  |             |
|    approx_kl            | 0.009345103 |
|    clip_fraction        | 0.0845      |
|    clip_range           | 0.2         |
|    entropy_loss         | -5.61       |
|    explained_variance   | 0.7         |
|    learning_rate        | 0.00025     |
|    loss                 | 0.0152      |
|    n_updates            | 30          |
|    policy_gradient_loss | -0.0136     |
|    std                  | 0.985       |
|    value_loss           | 0.123       |
-----------------------------------------
slurmstepd: error: *** JOB 155772 ON cassiopee1 CANCELLED AT 2025-05-11T00:54:58 ***
